sample,module,index,type,trait,ns,functions_added,metadata_added
0,::std::iter,0,::std::iter::Rev,::std::iter::Iterator,43345,66,34
0,::std::iter,1,::std::iter::Rev,::std::iter::DoubleEndedIterator,3132,7,4
0,::std::iter,2,::std::iter::Rev,::std::iter::ExactSizeIterator,857,2,1
0,::std::iter,3,::std::iter::Chain,::std::iter::Iterator,30820,66,34
0,::std::iter,4,::std::iter::Chain,::std::iter::DoubleEndedIterator,2832,7,4
0,::std::iter,5,::std::iter::Chain,::std::iter::ExactSizeIterator,871,2,1
0,::std::iter,6,::std::iter::Enumerate,::std::iter::Iterator,40558,66,34
0,::std::iter,7,::std::iter::Enumerate,::std::iter::DoubleEndedIterator,2741,7,4
0,::std::iter,8,::std::iter::Enumerate,::std::iter::ExactSizeIterator,915,2,1
0,::std::iter,9,::std::iter::Filter,::std::iter::Iterator,31251,66,34
0,::std::iter,10,::std::iter::Filter,::std::iter::DoubleEndedIterator,2883,7,4
0,::std::iter,11,::std::iter::Map,::std::iter::Iterator,32928,66,34
0,::std::iter,12,::std::iter::Map,::std::iter::DoubleEndedIterator,2652,7,4
0,::std::iter,13,::std::iter::Map,::std::iter::ExactSizeIterator,1646,2,1
0,::std::iter,14,::std::iter::FilterMap,::std::iter::Iterator,40747,67,35
0,::std::iter,15,::std::iter::FilterMap,::std::iter::DoubleEndedIterator,3390,7,4
0,::std::iter,16,::std::iter::FlatMap,::std::iter::Iterator,25831,66,34
0,::std::iter,17,::std::iter::FlatMap,::std::iter::DoubleEndedIterator,12300,7,4
0,::std::iter,18,::std::iter::Peekable,::std::iter::Iterator,26006,66,34
0,::std::iter,19,::std::iter::Peekable,::std::iter::DoubleEndedIterator,2658,7,4
0,::std::iter,20,::std::iter::Peekable,::std::iter::ExactSizeIterator,822,2,1
0,::std::iter,21,::std::iter::Skip,::std::iter::Iterator,26152,66,34
0,::std::iter,22,::std::iter::Skip,::std::iter::DoubleEndedIterator,3848,7,4
0,::std::iter,23,::std::iter::Skip,::std::iter::ExactSizeIterator,977,2,1
0,::std::iter,24,::std::iter::Take,::std::iter::Iterator,34340,66,34
0,::std::iter,25,::std::iter::Take,::std::iter::DoubleEndedIterator,2592,7,4
0,::std::iter,26,::std::iter::Take,::std::iter::ExactSizeIterator,728,2,1
0,::std::iter,27,::std::iter::Empty,::std::iter::Iterator,44728,66,34
0,::std::iter,28,::std::iter::Empty,::std::iter::DoubleEndedIterator,2442,7,4
0,::std::iter,29,::std::iter::Once,::std::iter::Iterator,47100,66,34
0,::std::iter,30,::std::iter::Once,::std::iter::DoubleEndedIterator,2377,7,4
0,::std::ops,0,::std::ops::RangeFrom,::std::cmp::PartialEq,1930,4,2
0,::std::ops,1,::std::ops::RangeFrom,::std::cmp::Eq,108,0,0
0,::std::ops,2,::std::ops::RangeFrom,::std::cmp::PartialOrd,5577,14,9
0,::std::ops,3,::std::ops::RangeFrom,::std::cmp::Ord,2928,8,5
0,::std::ops,4,::std::ops::RangeFromIter,::std::iter::Iterator,68717,66,34
0,::std::ops,5,::std::ops::RangeFromIter,::std::iter::Iterator,28014,66,34
0,::std::ops,6,::std::ops::RangeFromIter,::std::iter::Iterator,27547,66,34
0,::std::ops,7,::std::ops::RangeFull,::std::cmp::PartialEq,1863,4,2
0,::std::ops,8,::std::ops::RangeFull,::std::cmp::Eq,85,0,0
0,::std::ops,9,::std::ops::RangeFull,::std::cmp::PartialOrd,4892,14,9
0,::std::ops,10,::std::ops::RangeFull,::std::cmp::Ord,2725,8,5
0,::std::ops,11,::std::ops::RangeInclusive,::std::cmp::PartialEq,1720,4,2
0,::std::ops,12,::std::ops::RangeInclusive,::std::cmp::Eq,47,0,0
0,::std::ops,13,::std::ops::RangeInclusive,::std::cmp::PartialOrd,5256,14,9
0,::std::ops,14,::std::ops::RangeInclusive,::std::cmp::Ord,2754,8,5
0,::std::ops,15,::std::ops::RangeInclusiveIter,::std::iter::Iterator,26297,66,34
0,::std::ops,16,::std::ops::RangeInclusiveIter,::std::iter::Iterator,26076,66,34
0,::std::ops,17,::std::ops::RangeInclusiveIter,::std::iter::Iterator,25866,66,34
0,::std::ops,18,::std::ops::RangeInclusiveIter,::std::iter::DoubleEndedIterator,5119,7,4
0,::std::ops,19,::std::ops::RangeInclusiveIter,::std::iter::ExactSizeIterator,864,2,1
0,::std::ops,20,::std::ops::RangeInclusiveIter,::std::iter::DoubleEndedIterator,2571,7,4
0,::std::ops,21,::std::ops::RangeInclusiveIter,::std::iter::ExactSizeIterator,803,2,1
0,::std::ops,22,::std::ops::RangeInclusiveIter,::std::iter::DoubleEndedIterator,2525,7,4
0,::std::ops,23,::std::ops::RangeToInclusive,::std::cmp::PartialEq,1746,4,2
0,::std::ops,24,::std::ops::RangeToInclusive,::std::cmp::Eq,50,0,0
0,::std::ops,25,::std::ops::RangeToInclusive,::std::cmp::PartialOrd,4359,14,9
0,::std::ops,26,::std::ops::RangeToInclusive,::std::cmp::Ord,2748,8,5
0,::std::ops,27,::std::ops::RangeTo,::std::cmp::PartialEq,1843,4,2
0,::std::ops,28,::std::ops::RangeTo,::std::cmp::Eq,68,0,0
0,::std::ops,29,::std::ops::RangeTo,::std::cmp::PartialOrd,5030,14,9
0,::std::ops,30,::std::ops::RangeTo,::std::cmp::Ord,65506,8,5
0,::std::ops,31,::std::ops::Range,::std::cmp::PartialEq,1904,4,2
0,::std::ops,32,::std::ops::Range,::std::cmp::Eq,59,0,0
0,::std::ops,33,::std::ops::Range,::std::cmp::PartialOrd,5495,14,9
0,::std::ops,34,::std::ops::Range,::std::cmp::Ord,3337,8,5
0,::std::ops,35,::std::ops::RangeIter,::std::iter::Iterator,30500,66,34
0,::std::ops,36,::std::ops::RangeIter,::std::iter::Iterator,30271,66,34
0,::std::ops,37,::std::ops::RangeIter,::std::iter::Iterator,28545,66,34
0,::std::ops,38,::std::ops::RangeIter,::std::iter::DoubleEndedIterator,3371,7,4
0,::std::ops,39,::std::ops::RangeIter,::std::iter::ExactSizeIterator,998,2,1
0,::std::ops,40,::std::ops::RangeIter,::std::iter::DoubleEndedIterator,2686,7,4
0,::std::ops,41,::std::ops::RangeIter,::std::iter::ExactSizeIterator,819,2,1
0,::std::ops,42,::std::ops::RangeIter,::std::iter::DoubleEndedIterator,2497,7,4
0,::std::ops,43,::std::ops::ControlFlow,::std::cmp::PartialEq,57913,4,2
0,::std::ops,44,::std::ops::ControlFlow,::std::cmp::Eq,60,0,0
0,::std::ops,45,::std::ops::ControlFlow,::std::clone::Clone,991,2,1
0,::std::ops,46,::std::ops::Function,::std::clone::Clone,968,2,1
1,::std::iter,0,::std::iter::Rev,::std::iter::Iterator,44840,66,34
1,::std::iter,1,::std::iter::Rev,::std::iter::DoubleEndedIterator,3306,7,4
1,::std::iter,2,::std::iter::Rev,::std::iter::ExactSizeIterator,793,2,1
1,::std::iter,3,::std::iter::Chain,::std::iter::Iterator,29808,66,34
1,::std::iter,4,::std::iter::Chain,::std::iter::DoubleEndedIterator,2798,7,4
1,::std::iter,5,::std::iter::Chain,::std::iter::ExactSizeIterator,847,2,1
1,::std::iter,6,::std::iter::Enumerate,::std::iter::Iterator,40721,66,34
1,::std::iter,7,::std::iter::Enumerate,::std::iter::DoubleEndedIterator,2843,7,4
1,::std::iter,8,::std::iter::Enumerate,::std::iter::ExactSizeIterator,845,2,1
1,::std::iter,9,::std::iter::Filter,::std::iter::Iterator,30227,66,34
1,::std::iter,10,::std::iter::Filter,::std::iter::DoubleEndedIterator,2899,7,4
1,::std::iter,11,::std::iter::Map,::std::iter::Iterator,34994,66,34
1,::std::iter,12,::std::iter::Map,::std::iter::DoubleEndedIterator,2659,7,4
1,::std::iter,13,::std::iter::Map,::std::iter::ExactSizeIterator,1603,2,1
1,::std::iter,14,::std::iter::FilterMap,::std::iter::Iterator,40409,67,35
1,::std::iter,15,::std::iter::FilterMap,::std::iter::DoubleEndedIterator,3407,7,4
1,::std::iter,16,::std::iter::FlatMap,::std::iter::Iterator,26390,66,34
1,::std::iter,17,::std::iter::FlatMap,::std::iter::DoubleEndedIterator,10366,7,4
1,::std::iter,18,::std::iter::Peekable,::std::iter::Iterator,30118,66,34
1,::std::iter,19,::std::iter::Peekable,::std::iter::DoubleEndedIterator,2623,7,4
1,::std::iter,20,::std::iter::Peekable,::std::iter::ExactSizeIterator,809,2,1
1,::std::iter,21,::std::iter::Skip,::std::iter::Iterator,26411,66,34
1,::std::iter,22,::std::iter::Skip,::std::iter::DoubleEndedIterator,3740,7,4
1,::std::iter,23,::std::iter::Skip,::std::iter::ExactSizeIterator,971,2,1
1,::std::iter,24,::std::iter::Take,::std::iter::Iterator,35312,66,34
1,::std::iter,25,::std::iter::Take,::std::iter::DoubleEndedIterator,2608,7,4
1,::std::iter,26,::std::iter::Take,::std::iter::ExactSizeIterator,722,2,1
1,::std::iter,27,::std::iter::Empty,::std::iter::Iterator,45348,66,34
1,::std::iter,28,::std::iter::Empty,::std::iter::DoubleEndedIterator,2505,7,4
1,::std::iter,29,::std::iter::Once,::std::iter::Iterator,42112,66,34
1,::std::iter,30,::std::iter::Once,::std::iter::DoubleEndedIterator,2438,7,4
1,::std::ops,0,::std::ops::RangeFrom,::std::cmp::PartialEq,1958,4,2
1,::std::ops,1,::std::ops::RangeFrom,::std::cmp::Eq,81,0,0
1,::std::ops,2,::std::ops::RangeFrom,::std::cmp::PartialOrd,5495,14,9
1,::std::ops,3,::std::ops::RangeFrom,::std::cmp::Ord,2961,8,5
1,::std::ops,4,::std::ops::RangeFromIter,::std::iter::Iterator,68752,66,34
1,::std::ops,5,::std::ops::RangeFromIter,::std::iter::Iterator,27985,66,34
1,::std::ops,6,::std::ops::RangeFromIter,::std::iter::Iterator,27080,66,34
1,::std::ops,7,::std::ops::RangeFull,::std::cmp::PartialEq,1858,4,2
1,::std::ops,8,::std::ops::RangeFull,::std::cmp::Eq,58,0,0
1,::std::ops,9,::std::ops::RangeFull,::std::cmp::PartialOrd,4947,14,9
1,::std::ops,10,::std::ops::RangeFull,::std::cmp::Ord,2661,8,5
1,::std::ops,11,::std::ops::RangeInclusive,::std::cmp::PartialEq,1773,4,2
1,::std::ops,12,::std::ops::RangeInclusive,::std::cmp::Eq,55,0,0
1,::std::ops,13,::std::ops::RangeInclusive,::std::cmp::PartialOrd,5311,14,9
1,::std::ops,14,::std::ops::RangeInclusive,::std::cmp::Ord,2781,8,5
1,::std::ops,15,::std::ops::RangeInclusiveIter,::std::iter::Iterator,26118,66,34
1,::std::ops,16,::std::ops::RangeInclusiveIter,::std::iter::Iterator,25777,66,34
1,::std::ops,17,::std::ops::RangeInclusiveIter,::std::iter::Iterator,25353,66,34
1,::std::ops,18,::std::ops::RangeInclusiveIter,::std::iter::DoubleEndedIterator,3546,7,4
1,::std::ops,19,::std::ops::RangeInclusiveIter,::std::iter::ExactSizeIterator,837,2,1
1,::std::ops,20,::std::ops::RangeInclusiveIter,::std::iter::DoubleEndedIterator,2574,7,4
1,::std::ops,21,::std::ops::RangeInclusiveIter,::std::iter::ExactSizeIterator,813,2,1
1,::std::ops,22,::std::ops::RangeInclusiveIter,::std::iter::DoubleEndedIterator,2653,7,4
1,::std::ops,23,::std::ops::RangeToInclusive,::std::cmp::PartialEq,1682,4,2
1,::std::ops,24,::std::ops::RangeToInclusive,::std::cmp::Eq,49,0,0
1,::std::ops,25,::std::ops::RangeToInclusive,::std::cmp::PartialOrd,4427,14,9
1,::std::ops,26,::std::ops::RangeToInclusive,::std::cmp::Ord,2740,8,5
1,::std::ops,27,::std::ops::RangeTo,::std::cmp::PartialEq,1928,4,2
1,::std::ops,28,::std::ops::RangeTo,::std::cmp::Eq,65,0,0
1,::std::ops,29,::std::ops::RangeTo,::std::cmp::PartialOrd,4969,14,9
1,::std::ops,30,::std::ops::RangeTo,::std::cmp::Ord,69677,8,5
1,::std::ops,31,::std::ops::Range,::std::cmp::PartialEq,1791,4,2
1,::std::ops,32,::std::ops::Range,::std::cmp::Eq,64,0,0
1,::std::ops,33,::std::ops::Range,::std::cmp::PartialOrd,5780,14,9
1,::std::ops,34,::std::ops::Range,::std::cmp::Ord,3398,8,5
1,::std::ops,35,::std::ops::RangeIter,::std::iter::Iterator,30248,66,34
1,::std::ops,36,::std::ops::RangeIter,::std::iter::Iterator,28368,66,34
1,::std::ops,37,::std::ops::RangeIter,::std::iter::Iterator,28597,66,34
1,::std::ops,38,::std::ops::RangeIter,::std::iter::DoubleEndedIterator,3374,7,4
1,::std::ops,39,::std::ops::RangeIter,::std::iter::ExactSizeIterator,915,2,1
1,::std::ops,40,::std::ops::RangeIter,::std::iter::DoubleEndedIterator,2479,7,4
1,::std::ops,41,::std::ops::RangeIter,::std::iter::ExactSizeIterator,812,2,1
1,::std::ops,42,::std::ops::RangeIter,::std::iter::DoubleEndedIterator,2506,7,4
1,::std::ops,43,::std::ops::ControlFlow,::std::cmp::PartialEq,59371,4,2
1,::std::ops,44,::std::ops::ControlFlow,::std::cmp::Eq,64,0,0
1,::std::ops,45,::std::ops::ControlFlow,::std::clone::Clone,946,2,1
1,::std::ops,46,::std::ops::Function,::std::clone::Clone,907,2,1
2,::std::iter,0,::std::iter::Rev,::std::iter::Iterator,46661,66,34
2,::std::iter,1,::std::iter::Rev,::std::iter::DoubleEndedIterator,3332,7,4
2,::std::iter,2,::std::iter::Rev,::std::iter::ExactSizeIterator,830,2,1
2,::std::iter,3,::std::iter::Chain,::std::iter::Iterator,29905,66,34
2,::std::iter,4,::std::iter::Chain,::std::iter::DoubleEndedIterator,2749,7,4
2,::std::iter,5,::std::iter::Chain,::std::iter::ExactSizeIterator,858,2,1
2,::std::iter,6,::std::iter::Enumerate,::std::iter::Iterator,40431,66,34
2,::std::iter,7,::std::iter::Enumerate,::std::iter::DoubleEndedIterator,2775,7,4
2,::std::iter,8,::std::iter::Enumerate,::std::iter::ExactSizeIterator,856,2,1
2,::std::iter,9,::std::iter::Filter,::std::iter::Iterator,29827,66,34
2,::std::iter,10,::std::iter::Filter,::std::iter::DoubleEndedIterator,2738,7,4
2,::std::iter,11,::std::iter::Map,::std::iter::Iterator,33312,66,34
2,::std::iter,12,::std::iter::Map,::std::iter::DoubleEndedIterator,2762,7,4
2,::std::iter,13,::std::iter::Map,::std::iter::ExactSizeIterator,13294,2,1
2,::std::iter,14,::std::iter::FilterMap,::std::iter::Iterator,40904,67,35
2,::std::iter,15,::std::iter::FilterMap,::std::iter::DoubleEndedIterator,3364,7,4
2,::std::iter,16,::std::iter::FlatMap,::std::iter::Iterator,26048,66,34
2,::std::iter,17,::std::iter::FlatMap,::std::iter::DoubleEndedIterator,10367,7,4
2,::std::iter,18,::std::iter::Peekable,::std::iter::Iterator,25983,66,34
2,::std::iter,19,::std::iter::Peekable,::std::iter::DoubleEndedIterator,2712,7,4
2,::std::iter,20,::std::iter::Peekable,::std::iter::ExactSizeIterator,806,2,1
2,::std::iter,21,::std::iter::Skip,::std::iter::Iterator,26242,66,34
2,::std::iter,22,::std::iter::Skip,::std::iter::DoubleEndedIterator,3736,7,4
2,::std::iter,23,::std::iter::Skip,::std::iter::ExactSizeIterator,976,2,1
2,::std::iter,24,::std::iter::Take,::std::iter::Iterator,35583,66,34
2,::std::iter,25,::std::iter::Take,::std::iter::DoubleEndedIterator,2544,7,4
2,::std::iter,26,::std::iter::Take,::std::iter::ExactSizeIterator,741,2,1
2,::std::iter,27,::std::iter::Empty,::std::iter::Iterator,39988,66,34
2,::std::iter,28,::std::iter::Empty,::std::iter::DoubleEndedIterator,2486,7,4
2,::std::iter,29,::std::iter::Once,::std::iter::Iterator,41704,66,34
2,::std::iter,30,::std::iter::Once,::std::iter::DoubleEndedIterator,2476,7,4
2,::std::ops,0,::std::ops::RangeFrom,::std::cmp::PartialEq,2001,4,2
2,::std::ops,1,::std::ops::RangeFrom,::std::cmp::Eq,85,0,0
2,::std::ops,2,::std::ops::RangeFrom,::std::cmp::PartialOrd,5662,14,9
2,::std::ops,3,::std::ops::RangeFrom,::std::cmp::Ord,2919,8,5
2,::std::ops,4,::std::ops::RangeFromIter,::std::iter::Iterator,68650,66,34
2,::std::ops,5,::std::ops::RangeFromIter,::std::iter::Iterator,27956,66,34
2,::std::ops,6,::std::ops::RangeFromIter,::std::iter::Iterator,26921,66,34
2,::std::ops,7,::std::ops::RangeFull,::std::cmp::PartialEq,1873,4,2
2,::std::ops,8,::std::ops::RangeFull,::std::cmp::Eq,52,0,0
2,::std::ops,9,::std::ops::RangeFull,::std::cmp::PartialOrd,4780,14,9
2,::std::ops,10,::std::ops::RangeFull,::std::cmp::Ord,2636,8,5
2,::std::ops,11,::std::ops::RangeInclusive,::std::cmp::PartialEq,1710,4,2
2,::std::ops,12,::std::ops::RangeInclusive,::std::cmp::Eq,53,0,0
2,::std::ops,13,::std::ops::RangeInclusive,::std::cmp::PartialOrd,5386,14,9
2,::std::ops,14,::std::ops::RangeInclusive,::std::cmp::Ord,2925,8,5
2,::std::ops,15,::std::ops::RangeInclusiveIter,::std::iter::Iterator,26328,66,34
2,::std::ops,16,::std::ops::RangeInclusiveIter,::std::iter::Iterator,27024,66,34
2,::std::ops,17,::std::ops::RangeInclusiveIter,::std::iter::Iterator,26256,66,34
2,::std::ops,18,::std::ops::RangeInclusiveIter,::std::iter::DoubleEndedIterator,3494,7,4
2,::std::ops,19,::std::ops::RangeInclusiveIter,::std::iter::ExactSizeIterator,871,2,1
2,::std::ops,20,::std::ops::RangeInclusiveIter,::std::iter::DoubleEndedIterator,2595,7,4
2,::std::ops,21,::std::ops::RangeInclusiveIter,::std::iter::ExactSizeIterator,820,2,1
2,::std::ops,22,::std::ops::RangeInclusiveIter,::std::iter::DoubleEndedIterator,2559,7,4
2,::std::ops,23,::std::ops::RangeToInclusive,::std::cmp::PartialEq,1779,4,2
2,::std::ops,24,::std::ops::RangeToInclusive,::std::cmp::Eq,72,0,0
2,::std::ops,25,::std::ops::RangeToInclusive,::std::cmp::PartialOrd,4295,14,9
2,::std::ops,26,::std::ops::RangeToInclusive,::std::cmp::Ord,2702,8,5
2,::std::ops,27,::std::ops::RangeTo,::std::cmp::PartialEq,1817,4,2
2,::std::ops,28,::std::ops::RangeTo,::std::cmp::Eq,77,0,0
2,::std::ops,29,::std::ops::RangeTo,::std::cmp::PartialOrd,5047,14,9
2,::std::ops,30,::std::ops::RangeTo,::std::cmp::Ord,66745,8,5
2,::std::ops,31,::std::ops::Range,::std::cmp::PartialEq,1864,4,2
2,::std::ops,32,::std::ops::Range,::std::cmp::Eq,58,0,0
2,::std::ops,33,::std::ops::Range,::std::cmp::PartialOrd,5416,14,9
2,::std::ops,34,::std::ops::Range,::std::cmp::Ord,3267,8,5
2,::std::ops,35,::std::ops::RangeIter,::std::iter::Iterator,30725,66,34
2,::std::ops,36,::std::ops::RangeIter,::std::iter::Iterator,28904,66,34
2,::std::ops,37,::std::ops::RangeIter,::std::iter::Iterator,28405,66,34
2,::std::ops,38,::std::ops::RangeIter,::std::iter::DoubleEndedIterator,3331,7,4
2,::std::ops,39,::std::ops::RangeIter,::std::iter::ExactSizeIterator,948,2,1
2,::std::ops,40,::std::ops::RangeIter,::std::iter::DoubleEndedIterator,2544,7,4
2,::std::ops,41,::std::ops::RangeIter,::std::iter::ExactSizeIterator,799,2,1
2,::std::ops,42,::std::ops::RangeIter,::std::iter::DoubleEndedIterator,2600,7,4
2,::std::ops,43,::std::ops::ControlFlow,::std::cmp::PartialEq,59805,4,2
2,::std::ops,44,::std::ops::ControlFlow,::std::cmp::Eq,64,0,0
2,::std::ops,45,::std::ops::ControlFlow,::std::clone::Clone,953,2,1
2,::std::ops,46,::std::ops::Function,::std::clone::Clone,893,2,1
3,::std::iter,0,::std::iter::Rev,::std::iter::Iterator,59372,66,34
3,::std::iter,1,::std::iter::Rev,::std::iter::DoubleEndedIterator,3289,7,4
3,::std::iter,2,::std::iter::Rev,::std::iter::ExactSizeIterator,841,2,1
3,::std::iter,3,::std::iter::Chain,::std::iter::Iterator,31917,66,34
3,::std::iter,4,::std::iter::Chain,::std::iter::DoubleEndedIterator,3652,7,4
3,::std::iter,5,::std::iter::Chain,::std::iter::ExactSizeIterator,1778,2,1
3,::std::iter,6,::std::iter::Enumerate,::std::iter::Iterator,44546,66,34
3,::std::iter,7,::std::iter::Enumerate,::std::iter::DoubleEndedIterator,2677,7,4
3,::std::iter,8,::std::iter::Enumerate,::std::iter::ExactSizeIterator,896,2,1
3,::std::iter,9,::std::iter::Filter,::std::iter::Iterator,30227,66,34
3,::std::iter,10,::std::iter::Filter,::std::iter::DoubleEndedIterator,2893,7,4
3,::std::iter,11,::std::iter::Map,::std::iter::Iterator,35939,66,34
3,::std::iter,12,::std::iter::Map,::std::iter::DoubleEndedIterator,2806,7,4
3,::std::iter,13,::std::iter::Map,::std::iter::ExactSizeIterator,1750,2,1
3,::std::iter,14,::std::iter::FilterMap,::std::iter::Iterator,42268,67,35
3,::std::iter,15,::std::iter::FilterMap,::std::iter::DoubleEndedIterator,3493,7,4
3,::std::iter,16,::std::iter::FlatMap,::std::iter::Iterator,32945,66,34
3,::std::iter,17,::std::iter::FlatMap,::std::iter::DoubleEndedIterator,10440,7,4
3,::std::iter,18,::std::iter::Peekable,::std::iter::Iterator,25645,66,34
3,::std::iter,19,::std::iter::Peekable,::std::iter::DoubleEndedIterator,2771,7,4
3,::std::iter,20,::std::iter::Peekable,::std::iter::ExactSizeIterator,840,2,1
3,::std::iter,21,::std::iter::Skip,::std::iter::Iterator,29767,66,34
3,::std::iter,22,::std::iter::Skip,::std::iter::DoubleEndedIterator,3774,7,4
3,::std::iter,23,::std::iter::Skip,::std::iter::ExactSizeIterator,998,2,1
3,::std::iter,24,::std::iter::Take,::std::iter::Iterator,33810,66,34
3,::std::iter,25,::std::iter::Take,::std::iter::DoubleEndedIterator,2575,7,4
3,::std::iter,26,::std::iter::Take,::std::iter::ExactSizeIterator,775,2,1
3,::std::iter,27,::std::iter::Empty,::std::iter::Iterator,44726,66,34
3,::std::iter,28,::std::iter::Empty,::std::iter::DoubleEndedIterator,2501,7,4
3,::std::iter,29,::std::iter::Once,::std::iter::Iterator,40215,66,34
3,::std::iter,30,::std::iter::Once,::std::iter::DoubleEndedIterator,2434,7,4
3,::std::ops,0,::std::ops::RangeFrom,::std::cmp::PartialEq,2001,4,2
3,::std::ops,1,::std::ops::RangeFrom,::std::cmp::Eq,96,0,0
3,::std::ops,2,::std::ops::RangeFrom,::std::cmp::PartialOrd,9587,14,9
3,::std::ops,3,::std::ops::RangeFrom,::std::cmp::Ord,2924,8,5
3,::std::ops,4,::std::ops::RangeFromIter,::std::iter::Iterator,72344,66,34
3,::std::ops,5,::std::ops::RangeFromIter,::std::iter::Iterator,30299,66,34
3,::std::ops,6,::std::ops::RangeFromIter,::std::iter::Iterator,30080,66,34
3,::std::ops,7,::std::ops::RangeFull,::std::cmp::PartialEq,1804,4,2
3,::std::ops,8,::std::ops::RangeFull,::std::cmp::Eq,53,0,0
3,::std::ops,9,::std::ops::RangeFull,::std::cmp::PartialOrd,5015,14,9
3,::std::ops,10,::std::ops::RangeFull,::std::cmp::Ord,2653,8,5
3,::std::ops,11,::std::ops::RangeInclusive,::std::cmp::PartialEq,1799,4,2
3,::std::ops,12,::std::ops::RangeInclusive,::std::cmp::Eq,67,0,0
3,::std::ops,13,::std::ops::RangeInclusive,::std::cmp::PartialOrd,5399,14,9
3,::std::ops,14,::std::ops::RangeInclusive,::std::cmp::Ord,2936,8,5
3,::std::ops,15,::std::ops::RangeInclusiveIter,::std::iter::Iterator,28954,66,34
3,::std::ops,16,::std::ops::RangeInclusiveIter,::std::iter::Iterator,32586,66,34
3,::std::ops,17,::std::ops::RangeInclusiveIter,::std::iter::Iterator,26315,66,34
3,::std::ops,18,::std::ops::RangeInclusiveIter,::std::iter::DoubleEndedIterator,4974,7,4
3,::std::ops,19,::std::ops::RangeInclusiveIter,::std::iter::ExactSizeIterator,1692,2,1
3,::std::ops,20,::std::ops::RangeInclusiveIter,::std::iter::DoubleEndedIterator,2723,7,4
3,::std::ops,21,::std::ops::RangeInclusiveIter,::std::iter::ExactSizeIterator,772,2,1
3,::std::ops,22,::std::ops::RangeInclusiveIter,::std::iter::DoubleEndedIterator,2468,7,4
3,::std::ops,23,::std::ops::RangeToInclusive,::std::cmp::PartialEq,1736,4,2
3,::std::ops,24,::std::ops::RangeToInclusive,::std::cmp::Eq,49,0,0
3,::std::ops,25,::std::ops::RangeToInclusive,::std::cmp::PartialOrd,4346,14,9
3,::std::ops,26,::std::ops::RangeToInclusive,::std::cmp::Ord,2677,8,5
3,::std::ops,27,::std::ops::RangeTo,::std::cmp::PartialEq,1879,4,2
3,::std::ops,28,::std::ops::RangeTo,::std::cmp::Eq,67,0,0
3,::std::ops,29,::std::ops::RangeTo,::std::cmp::PartialOrd,4909,14,9
3,::std::ops,30,::std::ops::RangeTo,::std::cmp::Ord,73477,8,5
3,::std::ops,31,::std::ops::Range,::std::cmp::PartialEq,1799,4,2
3,::std::ops,32,::std::ops::Range,::std::cmp::Eq,62,0,0
3,::std::ops,33,::std::ops::Range,::std::cmp::PartialOrd,5461,14,9
3,::std::ops,34,::std::ops::Range,::std::cmp::Ord,3435,8,5
3,::std::ops,35,::std::ops::RangeIter,::std::iter::Iterator,34030,66,34
3,::std::ops,36,::std::ops::RangeIter,::std::iter::Iterator,33964,66,34
3,::std::ops,37,::std::ops::RangeIter,::std::iter::Iterator,28669,66,34
3,::std::ops,38,::std::ops::RangeIter,::std::iter::DoubleEndedIterator,3497,7,4
3,::std::ops,39,::std::ops::RangeIter,::std::iter::ExactSizeIterator,946,2,1
3,::std::ops,40,::std::ops::RangeIter,::std::iter::DoubleEndedIterator,2592,7,4
3,::std::ops,41,::std::ops::RangeIter,::std::iter::ExactSizeIterator,780,2,1
3,::std::ops,42,::std::ops::RangeIter,::std::iter::DoubleEndedIterator,2572,7,4
3,::std::ops,43,::std::ops::ControlFlow,::std::cmp::PartialEq,60432,4,2
3,::std::ops,44,::std::ops::ControlFlow,::std::cmp::Eq,59,0,0
3,::std::ops,45,::std::ops::ControlFlow,::std::clone::Clone,1052,2,1
3,::std::ops,46,::std::ops::Function,::std::clone::Clone,929,2,1
4,::std::iter,0,::std::iter::Rev,::std::iter::Iterator,43793,66,34
4,::std::iter,1,::std::iter::Rev,::std::iter::DoubleEndedIterator,3237,7,4
4,::std::iter,2,::std::iter::Rev,::std::iter::ExactSizeIterator,811,2,1
4,::std::iter,3,::std::iter::Chain,::std::iter::Iterator,30008,66,34
4,::std::iter,4,::std::iter::Chain,::std::iter::DoubleEndedIterator,2866,7,4
4,::std::iter,5,::std::iter::Chain,::std::iter::ExactSizeIterator,801,2,1
4,::std::iter,6,::std::iter::Enumerate,::std::iter::Iterator,42377,66,34
4,::std::iter,7,::std::iter::Enumerate,::std::iter::DoubleEndedIterator,2732,7,4
4,::std::iter,8,::std::iter::Enumerate,::std::iter::ExactSizeIterator,818,2,1
4,::std::iter,9,::std::iter::Filter,::std::iter::Iterator,30316,66,34
4,::std::iter,10,::std::iter::Filter,::std::iter::DoubleEndedIterator,2776,7,4
4,::std::iter,11,::std::iter::Map,::std::iter::Iterator,32999,66,34
4,::std::iter,12,::std::iter::Map,::std::iter::DoubleEndedIterator,2748,7,4
4,::std::iter,13,::std::iter::Map,::std::iter::ExactSizeIterator,1662,2,1
4,::std::iter,14,::std::iter::FilterMap,::std::iter::Iterator,40689,67,35
4,::std::iter,15,::std::iter::FilterMap,::std::iter::DoubleEndedIterator,4962,7,4
4,::std::iter,16,::std::iter::FlatMap,::std::iter::Iterator,30782,66,34
4,::std::iter,17,::std::iter::FlatMap,::std::iter::DoubleEndedIterator,10457,7,4
4,::std::iter,18,::std::iter::Peekable,::std::iter::Iterator,25852,66,34
4,::std::iter,19,::std::iter::Peekable,::std::iter::DoubleEndedIterator,2740,7,4
4,::std::iter,20,::std::iter::Peekable,::std::iter::ExactSizeIterator,884,2,1
4,::std::iter,21,::std::iter::Skip,::std::iter::Iterator,27114,66,34
4,::std::iter,22,::std::iter::Skip,::std::iter::DoubleEndedIterator,3731,7,4
4,::std::iter,23,::std::iter::Skip,::std::iter::ExactSizeIterator,1005,2,1
4,::std::iter,24,::std::iter::Take,::std::iter::Iterator,34128,66,34
4,::std::iter,25,::std::iter::Take,::std::iter::DoubleEndedIterator,2507,7,4
4,::std::iter,26,::std::iter::Take,::std::iter::ExactSizeIterator,761,2,1
4,::std::iter,27,::std::iter::Empty,::std::iter::Iterator,41800,66,34
4,::std::iter,28,::std::iter::Empty,::std::iter::DoubleEndedIterator,2477,7,4
4,::std::iter,29,::std::iter::Once,::std::iter::Iterator,40491,66,34
4,::std::iter,30,::std::iter::Once,::std::iter::DoubleEndedIterator,2529,7,4
4,::std::ops,0,::std::ops::RangeFrom,::std::cmp::PartialEq,1991,4,2
4,::std::ops,1,::std::ops::RangeFrom,::std::cmp::Eq,82,0,0
4,::std::ops,2,::std::ops::RangeFrom,::std::cmp::PartialOrd,5562,14,9
4,::std::ops,3,::std::ops::RangeFrom,::std::cmp::Ord,2982,8,5
4,::std::ops,4,::std::ops::RangeFromIter,::std::iter::Iterator,70768,66,34
4,::std::ops,5,::std::ops::RangeFromIter,::std::iter::Iterator,28089,66,34
4,::std::ops,6,::std::ops::RangeFromIter,::std::iter::Iterator,27509,66,34
4,::std::ops,7,::std::ops::RangeFull,::std::cmp::PartialEq,1909,4,2
4,::std::ops,8,::std::ops::RangeFull,::std::cmp::Eq,78,0,0
4,::std::ops,9,::std::ops::RangeFull,::std::cmp::PartialOrd,4892,14,9
4,::std::ops,10,::std::ops::RangeFull,::std::cmp::Ord,2611,8,5
4,::std::ops,11,::std::ops::RangeInclusive,::std::cmp::PartialEq,1814,4,2
4,::std::ops,12,::std::ops::RangeInclusive,::std::cmp::Eq,56,0,0
4,::std::ops,13,::std::ops::RangeInclusive,::std::cmp::PartialOrd,5211,14,9
4,::std::ops,14,::std::ops::RangeInclusive,::std::cmp::Ord,2822,8,5
4,::std::ops,15,::std::ops::RangeInclusiveIter,::std::iter::Iterator,26139,66,34
4,::std::ops,16,::std::ops::RangeInclusiveIter,::std::iter::Iterator,25888,66,34
4,::std::ops,17,::std::ops::RangeInclusiveIter,::std::iter::Iterator,25620,66,34
4,::std::ops,18,::std::ops::RangeInclusiveIter,::std::iter::DoubleEndedIterator,3558,7,4
4,::std::ops,19,::std::ops::RangeInclusiveIter,::std::iter::ExactSizeIterator,932,2,1
4,::std::ops,20,::std::ops::RangeInclusiveIter,::std::iter::DoubleEndedIterator,2700,7,4
4,::std::ops,21,::std::ops::RangeInclusiveIter,::std::iter::ExactSizeIterator,819,2,1
4,::std::ops,22,::std::ops::RangeInclusiveIter,::std::iter::DoubleEndedIterator,2618,7,4
4,::std::ops,23,::std::ops::RangeToInclusive,::std::cmp::PartialEq,1645,4,2
4,::std::ops,24,::std::ops::RangeToInclusive,::std::cmp::Eq,59,0,0
4,::std::ops,25,::std::ops::RangeToInclusive,::std::cmp::PartialOrd,4347,14,9
4,::std::ops,26,::std::ops::RangeToInclusive,::std::cmp::Ord,2699,8,5
4,::std::ops,27,::std::ops::RangeTo,::std::cmp::PartialEq,1835,4,2
4,::std::ops,28,::std::ops::RangeTo,::std::cmp::Eq,75,0,0
4,::std::ops,29,::std::ops::RangeTo,::std::cmp::PartialOrd,4864,14,9
4,::std::ops,30,::std::ops::RangeTo,::std::cmp::Ord,64903,8,5
4,::std::ops,31,::std::ops::Range,::std::cmp::PartialEq,1805,4,2
4,::std::ops,32,::std::ops::Range,::std::cmp::Eq,79,0,0
4,::std::ops,33,::std::ops::Range,::std::cmp::PartialOrd,7213,14,9
4,::std::ops,34,::std::ops::Range,::std::cmp::Ord,3470,8,5
4,::std::ops,35,::std::ops::RangeIter,::std::iter::Iterator,30332,66,34
4,::std::ops,36,::std::ops::RangeIter,::std::iter::Iterator,28586,66,34
4,::std::ops,37,::std::ops::RangeIter,::std::iter::Iterator,28693,66,34
4,::std::ops,38,::std::ops::RangeIter,::std::iter::DoubleEndedIterator,3332,7,4
4,::std::ops,39,::std::ops::RangeIter,::std::iter::ExactSizeIterator,951,2,1
4,::std::ops,40,::std::ops::RangeIter,::std::iter::DoubleEndedIterator,2440,7,4
4,::std::ops,41,::std::ops::RangeIter,::std::iter::ExactSizeIterator,800,2,1
4,::std::ops,42,::std::ops::RangeIter,::std::iter::DoubleEndedIterator,2463,7,4
4,::std::ops,43,::std::ops::ControlFlow,::std::cmp::PartialEq,58299,4,2
4,::std::ops,44,::std::ops::ControlFlow,::std::cmp::Eq,62,0,0
4,::std::ops,45,::std::ops::ControlFlow,::std::clone::Clone,1005,2,1
4,::std::ops,46,::std::ops::Function,::std::clone::Clone,964,2,1
5,::std::iter,0,::std::iter::Rev,::std::iter::Iterator,43845,66,34
5,::std::iter,1,::std::iter::Rev,::std::iter::DoubleEndedIterator,3244,7,4
5,::std::iter,2,::std::iter::Rev,::std::iter::ExactSizeIterator,846,2,1
5,::std::iter,3,::std::iter::Chain,::std::iter::Iterator,30278,66,34
5,::std::iter,4,::std::iter::Chain,::std::iter::DoubleEndedIterator,2887,7,4
5,::std::iter,5,::std::iter::Chain,::std::iter::ExactSizeIterator,774,2,1
5,::std::iter,6,::std::iter::Enumerate,::std::iter::Iterator,40407,66,34
5,::std::iter,7,::std::iter::Enumerate,::std::iter::DoubleEndedIterator,2763,7,4
5,::std::iter,8,::std::iter::Enumerate,::std::iter::ExactSizeIterator,855,2,1
5,::std::iter,9,::std::iter::Filter,::std::iter::Iterator,31514,66,34
5,::std::iter,10,::std::iter::Filter,::std::iter::DoubleEndedIterator,2893,7,4
5,::std::iter,11,::std::iter::Map,::std::iter::Iterator,33064,66,34
5,::std::iter,12,::std::iter::Map,::std::iter::DoubleEndedIterator,2674,7,4
5,::std::iter,13,::std::iter::Map,::std::iter::ExactSizeIterator,1587,2,1
5,::std::iter,14,::std::iter::FilterMap,::std::iter::Iterator,41023,67,35
5,::std::iter,15,::std::iter::FilterMap,::std::iter::DoubleEndedIterator,3452,7,4
5,::std::iter,16,::std::iter::FlatMap,::std::iter::Iterator,26310,66,34
5,::std::iter,17,::std::iter::FlatMap,::std::iter::DoubleEndedIterator,12381,7,4
5,::std::iter,18,::std::iter::Peekable,::std::iter::Iterator,26083,66,34
5,::std::iter,19,::std::iter::Peekable,::std::iter::DoubleEndedIterator,2695,7,4
5,::std::iter,20,::std::iter::Peekable,::std::iter::ExactSizeIterator,792,2,1
5,::std::iter,21,::std::iter::Skip,::std::iter::Iterator,26377,66,34
5,::std::iter,22,::std::iter::Skip,::std::iter::DoubleEndedIterator,3692,7,4
5,::std::iter,23,::std::iter::Skip,::std::iter::ExactSizeIterator,935,2,1
5,::std::iter,24,::std::iter::Take,::std::iter::Iterator,34165,66,34
5,::std::iter,25,::std::iter::Take,::std::iter::DoubleEndedIterator,7051,7,4
5,::std::iter,26,::std::iter::Take,::std::iter::ExactSizeIterator,820,2,1
5,::std::iter,27,::std::iter::Empty,::std::iter::Iterator,40753,66,34
5,::std::iter,28,::std::iter::Empty,::std::iter::DoubleEndedIterator,2493,7,4
5,::std::iter,29,::std::iter::Once,::std::iter::Iterator,42101,66,34
5,::std::iter,30,::std::iter::Once,::std::iter::DoubleEndedIterator,2505,7,4
5,::std::ops,0,::std::ops::RangeFrom,::std::cmp::PartialEq,2014,4,2
5,::std::ops,1,::std::ops::RangeFrom,::std::cmp::Eq,100,0,0
5,::std::ops,2,::std::ops::RangeFrom,::std::cmp::PartialOrd,5586,14,9
5,::std::ops,3,::std::ops::RangeFrom,::std::cmp::Ord,2845,8,5
5,::std::ops,4,::std::ops::RangeFromIter,::std::iter::Iterator,68846,66,34
5,::std::ops,5,::std::ops::RangeFromIter,::std::iter::Iterator,28149,66,34
5,::std::ops,6,::std::ops::RangeFromIter,::std::iter::Iterator,27253,66,34
5,::std::ops,7,::std::ops::RangeFull,::std::cmp::PartialEq,1853,4,2
5,::std::ops,8,::std::ops::RangeFull,::std::cmp::Eq,60,0,0
5,::std::ops,9,::std::ops::RangeFull,::std::cmp::PartialOrd,4876,14,9
5,::std::ops,10,::std::ops::RangeFull,::std::cmp::Ord,2650,8,5
5,::std::ops,11,::std::ops::RangeInclusive,::std::cmp::PartialEq,1765,4,2
5,::std::ops,12,::std::ops::RangeInclusive,::std::cmp::Eq,56,0,0
5,::std::ops,13,::std::ops::RangeInclusive,::std::cmp::PartialOrd,5380,14,9
5,::std::ops,14,::std::ops::RangeInclusive,::std::cmp::Ord,2902,8,5
5,::std::ops,15,::std::ops::RangeInclusiveIter,::std::iter::Iterator,26530,66,34
5,::std::ops,16,::std::ops::RangeInclusiveIter,::std::iter::Iterator,27597,66,34
5,::std::ops,17,::std::ops::RangeInclusiveIter,::std::iter::Iterator,25337,66,34
5,::std::ops,18,::std::ops::RangeInclusiveIter,::std::iter::DoubleEndedIterator,3583,7,4
5,::std::ops,19,::std::ops::RangeInclusiveIter,::std::iter::ExactSizeIterator,831,2,1
5,::std::ops,20,::std::ops::RangeInclusiveIter,::std::iter::DoubleEndedIterator,2605,7,4
5,::std::ops,21,::std::ops::RangeInclusiveIter,::std::iter::ExactSizeIterator,802,2,1
5,::std::ops,22,::std::ops::RangeInclusiveIter,::std::iter::DoubleEndedIterator,2487,7,4
5,::std::ops,23,::std::ops::RangeToInclusive,::std::cmp::PartialEq,1768,4,2
5,::std::ops,24,::std::ops::RangeToInclusive,::std::cmp::Eq,62,0,0
5,::std::ops,25,::std::ops::RangeToInclusive,::std::cmp::PartialOrd,4583,14,9
5,::std::ops,26,::std::ops::RangeToInclusive,::std::cmp::Ord,2790,8,5
5,::std::ops,27,::std::ops::RangeTo,::std::cmp::PartialEq,1802,4,2
5,::std::ops,28,::std::ops::RangeTo,::std::cmp::Eq,77,0,0
5,::std::ops,29,::std::ops::RangeTo,::std::cmp::PartialOrd,4982,14,9
5,::std::ops,30,::std::ops::RangeTo,::std::cmp::Ord,67911,8,5
5,::std::ops,31,::std::ops::Range,::std::cmp::PartialEq,1777,4,2
5,::std::ops,32,::std::ops::Range,::std::cmp::Eq,65,0,0
5,::std::ops,33,::std::ops::Range,::std::cmp::PartialOrd,5650,14,9
5,::std::ops,34,::std::ops::Range,::std::cmp::Ord,3484,8,5
5,::std::ops,35,::std::ops::RangeIter,::std::iter::Iterator,30874,66,34
5,::std::ops,36,::std::ops::RangeIter,::std::iter::Iterator,30398,66,34
5,::std::ops,37,::std::ops::RangeIter,::std::iter::Iterator,28544,66,34
5,::std::ops,38,::std::ops::RangeIter,::std::iter::DoubleEndedIterator,3418,7,4
5,::std::ops,39,::std::ops::RangeIter,::std::iter::ExactSizeIterator,995,2,1
5,::std::ops,40,::std::ops::RangeIter,::std::iter::DoubleEndedIterator,2545,7,4
5,::std::ops,41,::std::ops::RangeIter,::std::iter::ExactSizeIterator,782,2,1
5,::std::ops,42,::std::ops::RangeIter,::std::iter::DoubleEndedIterator,2548,7,4
5,::std::ops,43,::std::ops::ControlFlow,::std::cmp::PartialEq,58223,4,2
5,::std::ops,44,::std::ops::ControlFlow,::std::cmp::Eq,69,0,0
5,::std::ops,45,::std::ops::ControlFlow,::std::clone::Clone,1005,2,1
5,::std::ops,46,::std::ops::Function,::std::clone::Clone,939,2,1
6,::std::iter,0,::std::iter::Rev,::std::iter::Iterator,43614,66,34
6,::std::iter,1,::std::iter::Rev,::std::iter::DoubleEndedIterator,3079,7,4
6,::std::iter,2,::std::iter::Rev,::std::iter::ExactSizeIterator,878,2,1
6,::std::iter,3,::std::iter::Chain,::std::iter::Iterator,30042,66,34
6,::std::iter,4,::std::iter::Chain,::std::iter::DoubleEndedIterator,2833,7,4
6,::std::iter,5,::std::iter::Chain,::std::iter::ExactSizeIterator,787,2,1
6,::std::iter,6,::std::iter::Enumerate,::std::iter::Iterator,40559,66,34
6,::std::iter,7,::std::iter::Enumerate,::std::iter::DoubleEndedIterator,2753,7,4
6,::std::iter,8,::std::iter::Enumerate,::std::iter::ExactSizeIterator,834,2,1
6,::std::iter,9,::std::iter::Filter,::std::iter::Iterator,29662,66,34
6,::std::iter,10,::std::iter::Filter,::std::iter::DoubleEndedIterator,2834,7,4
6,::std::iter,11,::std::iter::Map,::std::iter::Iterator,34614,66,34
6,::std::iter,12,::std::iter::Map,::std::iter::DoubleEndedIterator,2647,7,4
6,::std::iter,13,::std::iter::Map,::std::iter::ExactSizeIterator,1591,2,1
6,::std::iter,14,::std::iter::FilterMap,::std::iter::Iterator,45015,67,35
6,::std::iter,15,::std::iter::FilterMap,::std::iter::DoubleEndedIterator,3324,7,4
6,::std::iter,16,::std::iter::FlatMap,::std::iter::Iterator,25866,66,34
6,::std::iter,17,::std::iter::FlatMap,::std::iter::DoubleEndedIterator,10552,7,4
6,::std::iter,18,::std::iter::Peekable,::std::iter::Iterator,25621,66,34
6,::std::iter,19,::std::iter::Peekable,::std::iter::DoubleEndedIterator,2676,7,4
6,::std::iter,20,::std::iter::Peekable,::std::iter::ExactSizeIterator,812,2,1
6,::std::iter,21,::std::iter::Skip,::std::iter::Iterator,26116,66,34
6,::std::iter,22,::std::iter::Skip,::std::iter::DoubleEndedIterator,3749,7,4
6,::std::iter,23,::std::iter::Skip,::std::iter::ExactSizeIterator,972,2,1
6,::std::iter,24,::std::iter::Take,::std::iter::Iterator,35444,66,34
6,::std::iter,25,::std::iter::Take,::std::iter::DoubleEndedIterator,2572,7,4
6,::std::iter,26,::std::iter::Take,::std::iter::ExactSizeIterator,725,2,1
6,::std::iter,27,::std::iter::Empty,::std::iter::Iterator,46292,66,34
6,::std::iter,28,::std::iter::Empty,::std::iter::DoubleEndedIterator,2538,7,4
6,::std::iter,29,::std::iter::Once,::std::iter::Iterator,43107,66,34
6,::std::iter,30,::std::iter::Once,::std::iter::DoubleEndedIterator,2453,7,4
6,::std::ops,0,::std::ops::RangeFrom,::std::cmp::PartialEq,1868,4,2
6,::std::ops,1,::std::ops::RangeFrom,::std::cmp::Eq,118,0,0
6,::std::ops,2,::std::ops::RangeFrom,::std::cmp::PartialOrd,5649,14,9
6,::std::ops,3,::std::ops::RangeFrom,::std::cmp::Ord,2928,8,5
6,::std::ops,4,::std::ops::RangeFromIter,::std::iter::Iterator,69275,66,34
6,::std::ops,5,::std::ops::RangeFromIter,::std::iter::Iterator,27947,66,34
6,::std::ops,6,::std::ops::RangeFromIter,::std::iter::Iterator,27476,66,34
6,::std::ops,7,::std::ops::RangeFull,::std::cmp::PartialEq,1852,4,2
6,::std::ops,8,::std::ops::RangeFull,::std::cmp::Eq,83,0,0
6,::std::ops,9,::std::ops::RangeFull,::std::cmp::PartialOrd,4842,14,9
6,::std::ops,10,::std::ops::RangeFull,::std::cmp::Ord,2677,8,5
6,::std::ops,11,::std::ops::RangeInclusive,::std::cmp::PartialEq,1788,4,2
6,::std::ops,12,::std::ops::RangeInclusive,::std::cmp::Eq,59,0,0
6,::std::ops,13,::std::ops::RangeInclusive,::std::cmp::PartialOrd,5389,14,9
6,::std::ops,14,::std::ops::RangeInclusive,::std::cmp::Ord,2738,8,5
6,::std::ops,15,::std::ops::RangeInclusiveIter,::std::iter::Iterator,26477,66,34
6,::std::ops,16,::std::ops::RangeInclusiveIter,::std::iter::Iterator,25788,66,34
6,::std::ops,17,::std::ops::RangeInclusiveIter,::std::iter::Iterator,25603,66,34
6,::std::ops,18,::std::ops::RangeInclusiveIter,::std::iter::DoubleEndedIterator,3412,7,4
6,::std::ops,19,::std::ops::RangeInclusiveIter,::std::iter::ExactSizeIterator,824,2,1
6,::std::ops,20,::std::ops::RangeInclusiveIter,::std::iter::DoubleEndedIterator,2640,7,4
6,::std::ops,21,::std::ops::RangeInclusiveIter,::std::iter::ExactSizeIterator,797,2,1
6,::std::ops,22,::std::ops::RangeInclusiveIter,::std::iter::DoubleEndedIterator,2479,7,4
6,::std::ops,23,::std::ops::RangeToInclusive,::std::cmp::PartialEq,1752,4,2
6,::std::ops,24,::std::ops::RangeToInclusive,::std::cmp::Eq,76,0,0
6,::std::ops,25,::std::ops::RangeToInclusive,::std::cmp::PartialOrd,4489,14,9
6,::std::ops,26,::std::ops::RangeToInclusive,::std::cmp::Ord,2688,8,5
6,::std::ops,27,::std::ops::RangeTo,::std::cmp::PartialEq,1841,4,2
6,::std::ops,28,::std::ops::RangeTo,::std::cmp::Eq,75,0,0
6,::std::ops,29,::std::ops::RangeTo,::std::cmp::PartialOrd,4992,14,9
6,::std::ops,30,::std::ops::RangeTo,::std::cmp::Ord,69310,8,5
6,::std::ops,31,::std::ops::Range,::std::cmp::PartialEq,1895,4,2
6,::std::ops,32,::std::ops::Range,::std::cmp::Eq,57,0,0
6,::std::ops,33,::std::ops::Range,::std::cmp::PartialOrd,5648,14,9
6,::std::ops,34,::std::ops::Range,::std::cmp::Ord,3421,8,5
6,::std::ops,35,::std::ops::RangeIter,::std::iter::Iterator,30781,66,34
6,::std::ops,36,::std::ops::RangeIter,::std::iter::Iterator,28922,66,34
6,::std::ops,37,::std::ops::RangeIter,::std::iter::Iterator,28449,66,34
6,::std::ops,38,::std::ops::RangeIter,::std::iter::DoubleEndedIterator,3387,7,4
6,::std::ops,39,::std::ops::RangeIter,::std::iter::ExactSizeIterator,956,2,1
6,::std::ops,40,::std::ops::RangeIter,::std::iter::DoubleEndedIterator,2545,7,4
6,::std::ops,41,::std::ops::RangeIter,::std::iter::ExactSizeIterator,830,2,1
6,::std::ops,42,::std::ops::RangeIter,::std::iter::DoubleEndedIterator,2420,7,4
6,::std::ops,43,::std::ops::ControlFlow,::std::cmp::PartialEq,59864,4,2
6,::std::ops,44,::std::ops::ControlFlow,::std::cmp::Eq,56,0,0
6,::std::ops,45,::std::ops::ControlFlow,::std::clone::Clone,1048,2,1
6,::std::ops,46,::std::ops::Function,::std::clone::Clone,930,2,1
7,::std::iter,0,::std::iter::Rev,::std::iter::Iterator,43942,66,34
7,::std::iter,1,::std::iter::Rev,::std::iter::DoubleEndedIterator,3205,7,4
7,::std::iter,2,::std::iter::Rev,::std::iter::ExactSizeIterator,853,2,1
7,::std::iter,3,::std::iter::Chain,::std::iter::Iterator,29890,66,34
7,::std::iter,4,::std::iter::Chain,::std::iter::DoubleEndedIterator,2857,7,4
7,::std::iter,5,::std::iter::Chain,::std::iter::ExactSizeIterator,847,2,1
7,::std::iter,6,::std::iter::Enumerate,::std::iter::Iterator,40807,66,34
7,::std::iter,7,::std::iter::Enumerate,::std::iter::DoubleEndedIterator,2823,7,4
7,::std::iter,8,::std::iter::Enumerate,::std::iter::ExactSizeIterator,842,2,1
7,::std::iter,9,::std::iter::Filter,::std::iter::Iterator,29797,66,34
7,::std::iter,10,::std::iter::Filter,::std::iter::DoubleEndedIterator,2846,7,4
7,::std::iter,11,::std::iter::Map,::std::iter::Iterator,33018,66,34
7,::std::iter,12,::std::iter::Map,::std::iter::DoubleEndedIterator,2695,7,4
7,::std::iter,13,::std::iter::Map,::std::iter::ExactSizeIterator,3111,2,1
7,::std::iter,14,::std::iter::FilterMap,::std::iter::Iterator,40692,67,35
7,::std::iter,15,::std::iter::FilterMap,::std::iter::DoubleEndedIterator,3373,7,4
7,::std::iter,16,::std::iter::FlatMap,::std::iter::Iterator,26059,66,34
7,::std::iter,17,::std::iter::FlatMap,::std::iter::DoubleEndedIterator,16519,7,4
7,::std::iter,18,::std::iter::Peekable,::std::iter::Iterator,26219,66,34
7,::std::iter,19,::std::iter::Peekable,::std::iter::DoubleEndedIterator,2724,7,4
7,::std::iter,20,::std::iter::Peekable,::std::iter::ExactSizeIterator,852,2,1
7,::std::iter,21,::std::iter::Skip,::std::iter::Iterator,30752,66,34
7,::std::iter,22,::std::iter::Skip,::std::iter::DoubleEndedIterator,3735,7,4
7,::std::iter,23,::std::iter::Skip,::std::iter::ExactSizeIterator,1052,2,1
7,::std::iter,24,::std::iter::Take,::std::iter::Iterator,36766,66,34
7,::std::iter,25,::std::iter::Take,::std::iter::DoubleEndedIterator,2627,7,4
7,::std::iter,26,::std::iter::Take,::std::iter::ExactSizeIterator,769,2,1
7,::std::iter,27,::std::iter::Empty,::std::iter::Iterator,40395,66,34
7,::std::iter,28,::std::iter::Empty,::std::iter::DoubleEndedIterator,2510,7,4
7,::std::iter,29,::std::iter::Once,::std::iter::Iterator,42056,66,34
7,::std::iter,30,::std::iter::Once,::std::iter::DoubleEndedIterator,2454,7,4
7,::std::ops,0,::std::ops::RangeFrom,::std::cmp::PartialEq,1978,4,2
7,::std::ops,1,::std::ops::RangeFrom,::std::cmp::Eq,76,0,0
7,::std::ops,2,::std::ops::RangeFrom,::std::cmp::PartialOrd,5631,14,9
7,::std::ops,3,::std::ops::RangeFrom,::std::cmp::Ord,2986,8,5
7,::std::ops,4,::std::ops::RangeFromIter,::std::iter::Iterator,69214,66,34
7,::std::ops,5,::std::ops::RangeFromIter,::std::iter::Iterator,27888,66,34
7,::std::ops,6,::std::ops::RangeFromIter,::std::iter::Iterator,27436,66,34
7,::std::ops,7,::std::ops::RangeFull,::std::cmp::PartialEq,1830,4,2
7,::std::ops,8,::std::ops::RangeFull,::std::cmp::Eq,59,0,0
7,::std::ops,9,::std::ops::RangeFull,::std::cmp::PartialOrd,4856,14,9
7,::std::ops,10,::std::ops::RangeFull,::std::cmp::Ord,2558,8,5
7,::std::ops,11,::std::ops::RangeInclusive,::std::cmp::PartialEq,1734,4,2
7,::std::ops,12,::std::ops::RangeInclusive,::std::cmp::Eq,57,0,0
7,::std::ops,13,::std::ops::RangeInclusive,::std::cmp::PartialOrd,5327,14,9
7,::std::ops,14,::std::ops::RangeInclusive,::std::cmp::Ord,2876,8,5
7,::std::ops,15,::std::ops::RangeInclusiveIter,::std::iter::Iterator,26117,66,34
7,::std::ops,16,::std::ops::RangeInclusiveIter,::std::iter::Iterator,25864,66,34
7,::std::ops,17,::std::ops::RangeInclusiveIter,::std::iter::Iterator,26066,66,34
7,::std::ops,18,::std::ops::RangeInclusiveIter,::std::iter::DoubleEndedIterator,3530,7,4
7,::std::ops,19,::std::ops::RangeInclusiveIter,::std::iter::ExactSizeIterator,880,2,1
7,::std::ops,20,::std::ops::RangeInclusiveIter,::std::iter::DoubleEndedIterator,2571,7,4
7,::std::ops,21,::std::ops::RangeInclusiveIter,::std::iter::ExactSizeIterator,788,2,1
7,::std::ops,22,::std::ops::RangeInclusiveIter,::std::iter::DoubleEndedIterator,2513,7,4
7,::std::ops,23,::std::ops::RangeToInclusive,::std::cmp::PartialEq,1806,4,2
7,::std::ops,24,::std::ops::RangeToInclusive,::std::cmp::Eq,59,0,0
7,::std::ops,25,::std::ops::RangeToInclusive,::std::cmp::PartialOrd,4491,14,9
7,::std::ops,26,::std::ops::RangeToInclusive,::std::cmp::Ord,2624,8,5
7,::std::ops,27,::std::ops::RangeTo,::std::cmp::PartialEq,1863,4,2
7,::std::ops,28,::std::ops::RangeTo,::std::cmp::Eq,82,0,0
7,::std::ops,29,::std::ops::RangeTo,::std::cmp::PartialOrd,4999,14,9
7,::std::ops,30,::std::ops::RangeTo,::std::cmp::Ord,70125,8,5
7,::std::ops,31,::std::ops::Range,::std::cmp::PartialEq,1845,4,2
7,::std::ops,32,::std::ops::Range,::std::cmp::Eq,55,0,0
7,::std::ops,33,::std::ops::Range,::std::cmp::PartialOrd,5626,14,9
7,::std::ops,34,::std::ops::Range,::std::cmp::Ord,3490,8,5
7,::std::ops,35,::std::ops::RangeIter,::std::iter::Iterator,30711,66,34
7,::std::ops,36,::std::ops::RangeIter,::std::iter::Iterator,29400,66,34
7,::std::ops,37,::std::ops::RangeIter,::std::iter::Iterator,28887,66,34
7,::std::ops,38,::std::ops::RangeIter,::std::iter::DoubleEndedIterator,3349,7,4
7,::std::ops,39,::std::ops::RangeIter,::std::iter::ExactSizeIterator,949,2,1
7,::std::ops,40,::std::ops::RangeIter,::std::iter::DoubleEndedIterator,2559,7,4
7,::std::ops,41,::std::ops::RangeIter,::std::iter::ExactSizeIterator,780,2,1
7,::std::ops,42,::std::ops::RangeIter,::std::iter::DoubleEndedIterator,2536,7,4
7,::std::ops,43,::std::ops::ControlFlow,::std::cmp::PartialEq,59918,4,2
7,::std::ops,44,::std::ops::ControlFlow,::std::cmp::Eq,61,0,0
7,::std::ops,45,::std::ops::ControlFlow,::std::clone::Clone,1035,2,1
7,::std::ops,46,::std::ops::Function,::std::clone::Clone,1002,2,1
8,::std::iter,0,::std::iter::Rev,::std::iter::Iterator,43525,66,34
8,::std::iter,1,::std::iter::Rev,::std::iter::DoubleEndedIterator,3065,7,4
8,::std::iter,2,::std::iter::Rev,::std::iter::ExactSizeIterator,834,2,1
8,::std::iter,3,::std::iter::Chain,::std::iter::Iterator,30120,66,34
8,::std::iter,4,::std::iter::Chain,::std::iter::DoubleEndedIterator,2883,7,4
8,::std::iter,5,::std::iter::Chain,::std::iter::ExactSizeIterator,819,2,1
8,::std::iter,6,::std::iter::Enumerate,::std::iter::Iterator,41799,66,34
8,::std::iter,7,::std::iter::Enumerate,::std::iter::DoubleEndedIterator,2818,7,4
8,::std::iter,8,::std::iter::Enumerate,::std::iter::ExactSizeIterator,847,2,1
8,::std::iter,9,::std::iter::Filter,::std::iter::Iterator,30050,66,34
8,::std::iter,10,::std::iter::Filter,::std::iter::DoubleEndedIterator,2811,7,4
8,::std::iter,11,::std::iter::Map,::std::iter::Iterator,33515,66,34
8,::std::iter,12,::std::iter::Map,::std::iter::DoubleEndedIterator,2661,7,4
8,::std::iter,13,::std::iter::Map,::std::iter::ExactSizeIterator,1620,2,1
8,::std::iter,14,::std::iter::FilterMap,::std::iter::Iterator,66563,67,35
8,::std::iter,15,::std::iter::FilterMap,::std::iter::DoubleEndedIterator,3382,7,4
8,::std::iter,16,::std::iter::FlatMap,::std::iter::Iterator,26731,66,34
8,::std::iter,17,::std::iter::FlatMap,::std::iter::DoubleEndedIterator,12208,7,4
8,::std::iter,18,::std::iter::Peekable,::std::iter::Iterator,25574,66,34
8,::std::iter,19,::std::iter::Peekable,::std::iter::DoubleEndedIterator,2635,7,4
8,::std::iter,20,::std::iter::Peekable,::std::iter::ExactSizeIterator,814,2,1
8,::std::iter,21,::std::iter::Skip,::std::iter::Iterator,26323,66,34
8,::std::iter,22,::std::iter::Skip,::std::iter::DoubleEndedIterator,3658,7,4
8,::std::iter,23,::std::iter::Skip,::std::iter::ExactSizeIterator,1030,2,1
8,::std::iter,24,::std::iter::Take,::std::iter::Iterator,33847,66,34
8,::std::iter,25,::std::iter::Take,::std::iter::DoubleEndedIterator,2537,7,4
8,::std::iter,26,::std::iter::Take,::std::iter::ExactSizeIterator,730,2,1
8,::std::iter,27,::std::iter::Empty,::std::iter::Iterator,42365,66,34
8,::std::iter,28,::std::iter::Empty,::std::iter::DoubleEndedIterator,2507,7,4
8,::std::iter,29,::std::iter::Once,::std::iter::Iterator,40341,66,34
8,::std::iter,30,::std::iter::Once,::std::iter::DoubleEndedIterator,2458,7,4
8,::std::ops,0,::std::ops::RangeFrom,::std::cmp::PartialEq,2011,4,2
8,::std::ops,1,::std::ops::RangeFrom,::std::cmp::Eq,92,0,0
8,::std::ops,2,::std::ops::RangeFrom,::std::cmp::PartialOrd,5674,14,9
8,::std::ops,3,::std::ops::RangeFrom,::std::cmp::Ord,3004,8,5
8,::std::ops,4,::std::ops::RangeFromIter,::std::iter::Iterator,69574,66,34
8,::std::ops,5,::std::ops::RangeFromIter,::std::iter::Iterator,27527,66,34
8,::std::ops,6,::std::ops::RangeFromIter,::std::iter::Iterator,27265,66,34
8,::std::ops,7,::std::ops::RangeFull,::std::cmp::PartialEq,1837,4,2
8,::std::ops,8,::std::ops::RangeFull,::std::cmp::Eq,82,0,0
8,::std::ops,9,::std::ops::RangeFull,::std::cmp::PartialOrd,4815,14,9
8,::std::ops,10,::std::ops::RangeFull,::std::cmp::Ord,2648,8,5
8,::std::ops,11,::std::ops::RangeInclusive,::std::cmp::PartialEq,1820,4,2
8,::std::ops,12,::std::ops::RangeInclusive,::std::cmp::Eq,54,0,0
8,::std::ops,13,::std::ops::RangeInclusive,::std::cmp::PartialOrd,6999,14,9
8,::std::ops,14,::std::ops::RangeInclusive,::std::cmp::Ord,2843,8,5
8,::std::ops,15,::std::ops::RangeInclusiveIter,::std::iter::Iterator,26056,66,34
8,::std::ops,16,::std::ops::RangeInclusiveIter,::std::iter::Iterator,25845,66,34
8,::std::ops,17,::std::ops::RangeInclusiveIter,::std::iter::Iterator,25491,66,34
8,::std::ops,18,::std::ops::RangeInclusiveIter,::std::iter::DoubleEndedIterator,3479,7,4
8,::std::ops,19,::std::ops::RangeInclusiveIter,::std::iter::ExactSizeIterator,854,2,1
8,::std::ops,20,::std::ops::RangeInclusiveIter,::std::iter::DoubleEndedIterator,2569,7,4
8,::std::ops,21,::std::ops::RangeInclusiveIter,::std::iter::ExactSizeIterator,808,2,1
8,::std::ops,22,::std::ops::RangeInclusiveIter,::std::iter::DoubleEndedIterator,2621,7,4
8,::std::ops,23,::std::ops::RangeToInclusive,::std::cmp::PartialEq,1673,4,2
8,::std::ops,24,::std::ops::RangeToInclusive,::std::cmp::Eq,58,0,0
8,::std::ops,25,::std::ops::RangeToInclusive,::std::cmp::PartialOrd,4371,14,9
8,::std::ops,26,::std::ops::RangeToInclusive,::std::cmp::Ord,2622,8,5
8,::std::ops,27,::std::ops::RangeTo,::std::cmp::PartialEq,1834,4,2
8,::std::ops,28,::std::ops::RangeTo,::std::cmp::Eq,75,0,0
8,::std::ops,29,::std::ops::RangeTo,::std::cmp::PartialOrd,5064,14,9
8,::std::ops,30,::std::ops::RangeTo,::std::cmp::Ord,67608,8,5
8,::std::ops,31,::std::ops::Range,::std::cmp::PartialEq,1817,4,2
8,::std::ops,32,::std::ops::Range,::std::cmp::Eq,52,0,0
8,::std::ops,33,::std::ops::Range,::std::cmp::PartialOrd,5616,14,9
8,::std::ops,34,::std::ops::Range,::std::cmp::Ord,3378,8,5
8,::std::ops,35,::std::ops::RangeIter,::std::iter::Iterator,32193,66,34
8,::std::ops,36,::std::ops::RangeIter,::std::iter::Iterator,28167,66,34
8,::std::ops,37,::std::ops::RangeIter,::std::iter::Iterator,27902,66,34
8,::std::ops,38,::std::ops::RangeIter,::std::iter::DoubleEndedIterator,3388,7,4
8,::std::ops,39,::std::ops::RangeIter,::std::iter::ExactSizeIterator,917,2,1
8,::std::ops,40,::std::ops::RangeIter,::std::iter::DoubleEndedIterator,2509,7,4
8,::std::ops,41,::std::ops::RangeIter,::std::iter::ExactSizeIterator,755,2,1
8,::std::ops,42,::std::ops::RangeIter,::std::iter::DoubleEndedIterator,2636,7,4
8,::std::ops,43,::std::ops::ControlFlow,::std::cmp::PartialEq,58517,4,2
8,::std::ops,44,::std::ops::ControlFlow,::std::cmp::Eq,66,0,0
8,::std::ops,45,::std::ops::ControlFlow,::std::clone::Clone,927,2,1
8,::std::ops,46,::std::ops::Function,::std::clone::Clone,927,2,1
9,::std::iter,0,::std::iter::Rev,::std::iter::Iterator,61869,66,34
9,::std::iter,1,::std::iter::Rev,::std::iter::DoubleEndedIterator,3341,7,4
9,::std::iter,2,::std::iter::Rev,::std::iter::ExactSizeIterator,909,2,1
9,::std::iter,3,::std::iter::Chain,::std::iter::Iterator,30051,66,34
9,::std::iter,4,::std::iter::Chain,::std::iter::DoubleEndedIterator,2910,7,4
9,::std::iter,5,::std::iter::Chain,::std::iter::ExactSizeIterator,852,2,1
9,::std::iter,6,::std::iter::Enumerate,::std::iter::Iterator,41033,66,34
9,::std::iter,7,::std::iter::Enumerate,::std::iter::DoubleEndedIterator,2872,7,4
9,::std::iter,8,::std::iter::Enumerate,::std::iter::ExactSizeIterator,833,2,1
9,::std::iter,9,::std::iter::Filter,::std::iter::Iterator,30062,66,34
9,::std::iter,10,::std::iter::Filter,::std::iter::DoubleEndedIterator,2724,7,4
9,::std::iter,11,::std::iter::Map,::std::iter::Iterator,34595,66,34
9,::std::iter,12,::std::iter::Map,::std::iter::DoubleEndedIterator,2677,7,4
9,::std::iter,13,::std::iter::Map,::std::iter::ExactSizeIterator,1570,2,1
9,::std::iter,14,::std::iter::FilterMap,::std::iter::Iterator,40930,67,35
9,::std::iter,15,::std::iter::FilterMap,::std::iter::DoubleEndedIterator,3407,7,4
9,::std::iter,16,::std::iter::FlatMap,::std::iter::Iterator,26084,66,34
9,::std::iter,17,::std::iter::FlatMap,::std::iter::DoubleEndedIterator,10397,7,4
9,::std::iter,18,::std::iter::Peekable,::std::iter::Iterator,25810,66,34
9,::std::iter,19,::std::iter::Peekable,::std::iter::DoubleEndedIterator,2648,7,4
9,::std::iter,20,::std::iter::Peekable,::std::iter::ExactSizeIterator,803,2,1
9,::std::iter,21,::std::iter::Skip,::std::iter::Iterator,30603,66,34
9,::std::iter,22,::std::iter::Skip,::std::iter::DoubleEndedIterator,3701,7,4
9,::std::iter,23,::std::iter::Skip,::std::iter::ExactSizeIterator,969,2,1
9,::std::iter,24,::std::iter::Take,::std::iter::Iterator,35624,66,34
9,::std::iter,25,::std::iter::Take,::std::iter::DoubleEndedIterator,2571,7,4
9,::std::iter,26,::std::iter::Take,::std::iter::ExactSizeIterator,748,2,1
9,::std::iter,27,::std::iter::Empty,::std::iter::Iterator,40204,66,34
9,::std::iter,28,::std::iter::Empty,::std::iter::DoubleEndedIterator,2497,7,4
9,::std::iter,29,::std::iter::Once,::std::iter::Iterator,41841,66,34
9,::std::iter,30,::std::iter::Once,::std::iter::DoubleEndedIterator,2413,7,4
9,::std::ops,0,::std::ops::RangeFrom,::std::cmp::PartialEq,1984,4,2
9,::std::ops,1,::std::ops::RangeFrom,::std::cmp::Eq,100,0,0
9,::std::ops,2,::std::ops::RangeFrom,::std::cmp::PartialOrd,5578,14,9
9,::std::ops,3,::std::ops::RangeFrom,::std::cmp::Ord,2896,8,5
9,::std::ops,4,::std::ops::RangeFromIter,::std::iter::Iterator,69475,66,34
9,::std::ops,5,::std::ops::RangeFromIter,::std::iter::Iterator,27966,66,34
9,::std::ops,6,::std::ops::RangeFromIter,::std::iter::Iterator,27555,66,34
9,::std::ops,7,::std::ops::RangeFull,::std::cmp::PartialEq,1903,4,2
9,::std::ops,8,::std::ops::RangeFull,::std::cmp::Eq,61,0,0
9,::std::ops,9,::std::ops::RangeFull,::std::cmp::PartialOrd,4935,14,9
9,::std::ops,10,::std::ops::RangeFull,::std::cmp::Ord,2752,8,5
9,::std::ops,11,::std::ops::RangeInclusive,::std::cmp::PartialEq,1787,4,2
9,::std::ops,12,::std::ops::RangeInclusive,::std::cmp::Eq,50,0,0
9,::std::ops,13,::std::ops::RangeInclusive,::std::cmp::PartialOrd,5277,14,9
9,::std::ops,14,::std::ops::RangeInclusive,::std::cmp::Ord,2785,8,5
9,::std::ops,15,::std::ops::RangeInclusiveIter,::std::iter::Iterator,26457,66,34
9,::std::ops,16,::std::ops::RangeInclusiveIter,::std::iter::Iterator,25961,66,34
9,::std::ops,17,::std::ops::RangeInclusiveIter,::std::iter::Iterator,25315,66,34
9,::std::ops,18,::std::ops::RangeInclusiveIter,::std::iter::DoubleEndedIterator,3487,7,4
9,::std::ops,19,::std::ops::RangeInclusiveIter,::std::iter::ExactSizeIterator,857,2,1
9,::std::ops,20,::std::ops::RangeInclusiveIter,::std::iter::DoubleEndedIterator,2657,7,4
9,::std::ops,21,::std::ops::RangeInclusiveIter,::std::iter::ExactSizeIterator,856,2,1
9,::std::ops,22,::std::ops::RangeInclusiveIter,::std::iter::DoubleEndedIterator,2624,7,4
9,::std::ops,23,::std::ops::RangeToInclusive,::std::cmp::PartialEq,1820,4,2
9,::std::ops,24,::std::ops::RangeToInclusive,::std::cmp::Eq,62,0,0
9,::std::ops,25,::std::ops::RangeToInclusive,::std::cmp::PartialOrd,4515,14,9
9,::std::ops,26,::std::ops::RangeToInclusive,::std::cmp::Ord,2768,8,5
9,::std::ops,27,::std::ops::RangeTo,::std::cmp::PartialEq,1838,4,2
9,::std::ops,28,::std::ops::RangeTo,::std::cmp::Eq,71,0,0
9,::std::ops,29,::std::ops::RangeTo,::std::cmp::PartialOrd,5007,14,9
9,::std::ops,30,::std::ops::RangeTo,::std::cmp::Ord,76994,8,5
9,::std::ops,31,::std::ops::Range,::std::cmp::PartialEq,1894,4,2
9,::std::ops,32,::std::ops::Range,::std::cmp::Eq,55,0,0
9,::std::ops,33,::std::ops::Range,::std::cmp::PartialOrd,5414,14,9
9,::std::ops,34,::std::ops::Range,::std::cmp::Ord,3531,8,5
9,::std::ops,35,::std::ops::RangeIter,::std::iter::Iterator,30669,66,34
9,::std::ops,36,::std::ops::RangeIter,::std::iter::Iterator,28393,66,34
9,::std::ops,37,::std::ops::RangeIter,::std::iter::Iterator,28417,66,34
9,::std::ops,38,::std::ops::RangeIter,::std::iter::DoubleEndedIterator,4892,7,4
9,::std::ops,39,::std::ops::RangeIter,::std::iter::ExactSizeIterator,1002,2,1
9,::std::ops,40,::std::ops::RangeIter,::std::iter::DoubleEndedIterator,2504,7,4
9,::std::ops,41,::std::ops::RangeIter,::std::iter::ExactSizeIterator,763,2,1
9,::std::ops,42,::std::ops::RangeIter,::std::iter::DoubleEndedIterator,2452,7,4
9,::std::ops,43,::std::ops::ControlFlow,::std::cmp::PartialEq,58515,4,2
9,::std::ops,44,::std::ops::ControlFlow,::std::cmp::Eq,55,0,0
9,::std::ops,45,::std::ops::ControlFlow,::std::clone::Clone,946,2,1
9,::std::ops,46,::std::ops::Function,::std::clone::Clone,935,2,1
10,::std::iter,0,::std::iter::Rev,::std::iter::Iterator,44520,66,34
10,::std::iter,1,::std::iter::Rev,::std::iter::DoubleEndedIterator,3279,7,4
10,::std::iter,2,::std::iter::Rev,::std::iter::ExactSizeIterator,833,2,1
10,::std::iter,3,::std::iter::Chain,::std::iter::Iterator,29708,66,34
10,::std::iter,4,::std::iter::Chain,::std::iter::DoubleEndedIterator,2997,7,4
10,::std::iter,5,::std::iter::Chain,::std::iter::ExactSizeIterator,804,2,1
10,::std::iter,6,::std::iter::Enumerate,::std::iter::Iterator,40695,66,34
10,::std::iter,7,::std::iter::Enumerate,::std::iter::DoubleEndedIterator,2751,7,4
10,::std::iter,8,::std::iter::Enumerate,::std::iter::ExactSizeIterator,866,2,1
10,::std::iter,9,::std::iter::Filter,::std::iter::Iterator,30044,66,34
10,::std::iter,10,::std::iter::Filter,::std::iter::DoubleEndedIterator,2752,7,4
10,::std::iter,11,::std::iter::Map,::std::iter::Iterator,34841,66,34
10,::std::iter,12,::std::iter::Map,::std::iter::DoubleEndedIterator,2692,7,4
10,::std::iter,13,::std::iter::Map,::std::iter::ExactSizeIterator,1647,2,1
10,::std::iter,14,::std::iter::FilterMap,::std::iter::Iterator,40311,67,35
10,::std::iter,15,::std::iter::FilterMap,::std::iter::DoubleEndedIterator,3267,7,4
10,::std::iter,16,::std::iter::FlatMap,::std::iter::Iterator,26366,66,34
10,::std::iter,17,::std::iter::FlatMap,::std::iter::DoubleEndedIterator,10372,7,4
10,::std::iter,18,::std::iter::Peekable,::std::iter::Iterator,25889,66,34
10,::std::iter,19,::std::iter::Peekable,::std::iter::DoubleEndedIterator,2763,7,4
10,::std::iter,20,::std::iter::Peekable,::std::iter::ExactSizeIterator,781,2,1
10,::std::iter,21,::std::iter::Skip,::std::iter::Iterator,26662,66,34
10,::std::iter,22,::std::iter::Skip,::std::iter::DoubleEndedIterator,3833,7,4
10,::std::iter,23,::std::iter::Skip,::std::iter::ExactSizeIterator,949,2,1
10,::std::iter,24,::std::iter::Take,::std::iter::Iterator,40579,66,34
10,::std::iter,25,::std::iter::Take,::std::iter::DoubleEndedIterator,2632,7,4
10,::std::iter,26,::std::iter::Take,::std::iter::ExactSizeIterator,724,2,1
10,::std::iter,27,::std::iter::Empty,::std::iter::Iterator,40535,66,34
10,::std::iter,28,::std::iter::Empty,::std::iter::DoubleEndedIterator,2507,7,4
10,::std::iter,29,::std::iter::Once,::std::iter::Iterator,42462,66,34
10,::std::iter,30,::std::iter::Once,::std::iter::DoubleEndedIterator,2584,7,4
10,::std::ops,0,::std::ops::RangeFrom,::std::cmp::PartialEq,1947,4,2
10,::std::ops,1,::std::ops::RangeFrom,::std::cmp::Eq,93,0,0
10,::std::ops,2,::std::ops::RangeFrom,::std::cmp::PartialOrd,5578,14,9
10,::std::ops,3,::std::ops::RangeFrom,::std::cmp::Ord,2851,8,5
10,::std::ops,4,::std::ops::RangeFromIter,::std::iter::Iterator,69393,66,34
10,::std::ops,5,::std::ops::RangeFromIter,::std::iter::Iterator,27898,66,34
10,::std::ops,6,::std::ops::RangeFromIter,::std::iter::Iterator,31496,66,34
10,::std::ops,7,::std::ops::RangeFull,::std::cmp::PartialEq,1883,4,2
10,::std::ops,8,::std::ops::RangeFull,::std::cmp::Eq,101,0,0
10,::std::ops,9,::std::ops::RangeFull,::std::cmp::PartialOrd,4843,14,9
10,::std::ops,10,::std::ops::RangeFull,::std::cmp::Ord,2755,8,5
10,::std::ops,11,::std::ops::RangeInclusive,::std::cmp::PartialEq,1673,4,2
10,::std::ops,12,::std::ops::RangeInclusive,::std::cmp::Eq,72,0,0
10,::std::ops,13,::std::ops::RangeInclusive,::std::cmp::PartialOrd,5600,14,9
10,::std::ops,14,::std::ops::RangeInclusive,::std::cmp::Ord,2944,8,5
10,::std::ops,15,::std::ops::RangeInclusiveIter,::std::iter::Iterator,26311,66,34
10,::std::ops,16,::std::ops::RangeInclusiveIter,::std::iter::Iterator,25888,66,34
10,::std::ops,17,::std::ops::RangeInclusiveIter,::std::iter::Iterator,25447,66,34
10,::std::ops,18,::std::ops::RangeInclusiveIter,::std::iter::DoubleEndedIterator,3606,7,4
10,::std::ops,19,::std::ops::RangeInclusiveIter,::std::iter::ExactSizeIterator,950,2,1
10,::std::ops,20,::std::ops::RangeInclusiveIter,::std::iter::DoubleEndedIterator,2741,7,4
10,::std::ops,21,::std::ops::RangeInclusiveIter,::std::iter::ExactSizeIterator,810,2,1
10,::std::ops,22,::std::ops::RangeInclusiveIter,::std::iter::DoubleEndedIterator,2546,7,4
10,::std::ops,23,::std::ops::RangeToInclusive,::std::cmp::PartialEq,1696,4,2
10,::std::ops,24,::std::ops::RangeToInclusive,::std::cmp::Eq,61,0,0
10,::std::ops,25,::std::ops::RangeToInclusive,::std::cmp::PartialOrd,4442,14,9
10,::std::ops,26,::std::ops::RangeToInclusive,::std::cmp::Ord,2609,8,5
10,::std::ops,27,::std::ops::RangeTo,::std::cmp::PartialEq,1918,4,2
10,::std::ops,28,::std::ops::RangeTo,::std::cmp::Eq,79,0,0
10,::std::ops,29,::std::ops::RangeTo,::std::cmp::PartialOrd,4953,14,9
10,::std::ops,30,::std::ops::RangeTo,::std::cmp::Ord,70275,8,5
10,::std::ops,31,::std::ops::Range,::std::cmp::PartialEq,1768,4,2
10,::std::ops,32,::std::ops::Range,::std::cmp::Eq,85,0,0
10,::std::ops,33,::std::ops::Range,::std::cmp::PartialOrd,5462,14,9
10,::std::ops,34,::std::ops::Range,::std::cmp::Ord,3467,8,5
10,::std::ops,35,::std::ops::RangeIter,::std::iter::Iterator,31079,66,34
10,::std::ops,36,::std::ops::RangeIter,::std::iter::Iterator,28796,66,34
10,::std::ops,37,::std::ops::RangeIter,::std::iter::Iterator,29022,66,34
10,::std::ops,38,::std::ops::RangeIter,::std::iter::DoubleEndedIterator,3321,7,4
10,::std::ops,39,::std::ops::RangeIter,::std::iter::ExactSizeIterator,980,2,1
10,::std::ops,40,::std::ops::RangeIter,::std::iter::DoubleEndedIterator,2536,7,4
10,::std::ops,41,::std::ops::RangeIter,::std::iter::ExactSizeIterator,758,2,1
10,::std::ops,42,::std::ops::RangeIter,::std::iter::DoubleEndedIterator,2510,7,4
10,::std::ops,43,::std::ops::ControlFlow,::std::cmp::PartialEq,59402,4,2
10,::std::ops,44,::std::ops::ControlFlow,::std::cmp::Eq,82,0,0
10,::std::ops,45,::std::ops::ControlFlow,::std::clone::Clone,977,2,1
10,::std::ops,46,::std::ops::Function,::std::clone::Clone,906,2,1
11,::std::iter,0,::std::iter::Rev,::std::iter::Iterator,42997,66,34
11,::std::iter,1,::std::iter::Rev,::std::iter::DoubleEndedIterator,3158,7,4
11,::std::iter,2,::std::iter::Rev,::std::iter::ExactSizeIterator,887,2,1
11,::std::iter,3,::std::iter::Chain,::std::iter::Iterator,32131,66,34
11,::std::iter,4,::std::iter::Chain,::std::iter::DoubleEndedIterator,2833,7,4
11,::std::iter,5,::std::iter::Chain,::std::iter::ExactSizeIterator,805,2,1
11,::std::iter,6,::std::iter::Enumerate,::std::iter::Iterator,40791,66,34
11,::std::iter,7,::std::iter::Enumerate,::std::iter::DoubleEndedIterator,2724,7,4
11,::std::iter,8,::std::iter::Enumerate,::std::iter::ExactSizeIterator,791,2,1
11,::std::iter,9,::std::iter::Filter,::std::iter::Iterator,30031,66,34
11,::std::iter,10,::std::iter::Filter,::std::iter::DoubleEndedIterator,2826,7,4
11,::std::iter,11,::std::iter::Map,::std::iter::Iterator,37548,66,34
11,::std::iter,12,::std::iter::Map,::std::iter::DoubleEndedIterator,2692,7,4
11,::std::iter,13,::std::iter::Map,::std::iter::ExactSizeIterator,1681,2,1
11,::std::iter,14,::std::iter::FilterMap,::std::iter::Iterator,42081,67,35
11,::std::iter,15,::std::iter::FilterMap,::std::iter::DoubleEndedIterator,3345,7,4
11,::std::iter,16,::std::iter::FlatMap,::std::iter::Iterator,25816,66,34
11,::std::iter,17,::std::iter::FlatMap,::std::iter::DoubleEndedIterator,10657,7,4
11,::std::iter,18,::std::iter::Peekable,::std::iter::Iterator,26203,66,34
11,::std::iter,19,::std::iter::Peekable,::std::iter::DoubleEndedIterator,2736,7,4
11,::std::iter,20,::std::iter::Peekable,::std::iter::ExactSizeIterator,800,2,1
11,::std::iter,21,::std::iter::Skip,::std::iter::Iterator,26134,66,34
11,::std::iter,22,::std::iter::Skip,::std::iter::DoubleEndedIterator,3753,7,4
11,::std::iter,23,::std::iter::Skip,::std::iter::ExactSizeIterator,900,2,1
11,::std::iter,24,::std::iter::Take,::std::iter::Iterator,34111,66,34
11,::std::iter,25,::std::iter::Take,::std::iter::DoubleEndedIterator,2609,7,4
11,::std::iter,26,::std::iter::Take,::std::iter::ExactSizeIterator,711,2,1
11,::std::iter,27,::std::iter::Empty,::std::iter::Iterator,41964,66,34
11,::std::iter,28,::std::iter::Empty,::std::iter::DoubleEndedIterator,2456,7,4
11,::std::iter,29,::std::iter::Once,::std::iter::Iterator,40990,66,34
11,::std::iter,30,::std::iter::Once,::std::iter::DoubleEndedIterator,2474,7,4
11,::std::ops,0,::std::ops::RangeFrom,::std::cmp::PartialEq,2002,4,2
11,::std::ops,1,::std::ops::RangeFrom,::std::cmp::Eq,68,0,0
11,::std::ops,2,::std::ops::RangeFrom,::std::cmp::PartialOrd,7152,14,9
11,::std::ops,3,::std::ops::RangeFrom,::std::cmp::Ord,2888,8,5
11,::std::ops,4,::std::ops::RangeFromIter,::std::iter::Iterator,70699,66,34
11,::std::ops,5,::std::ops::RangeFromIter,::std::iter::Iterator,28021,66,34
11,::std::ops,6,::std::ops::RangeFromIter,::std::iter::Iterator,28065,66,34
11,::std::ops,7,::std::ops::RangeFull,::std::cmp::PartialEq,1939,4,2
11,::std::ops,8,::std::ops::RangeFull,::std::cmp::Eq,81,0,0
11,::std::ops,9,::std::ops::RangeFull,::std::cmp::PartialOrd,5020,14,9
11,::std::ops,10,::std::ops::RangeFull,::std::cmp::Ord,2653,8,5
11,::std::ops,11,::std::ops::RangeInclusive,::std::cmp::PartialEq,1871,4,2
11,::std::ops,12,::std::ops::RangeInclusive,::std::cmp::Eq,57,0,0
11,::std::ops,13,::std::ops::RangeInclusive,::std::cmp::PartialOrd,5406,14,9
11,::std::ops,14,::std::ops::RangeInclusive,::std::cmp::Ord,2811,8,5
11,::std::ops,15,::std::ops::RangeInclusiveIter,::std::iter::Iterator,26018,66,34
11,::std::ops,16,::std::ops::RangeInclusiveIter,::std::iter::Iterator,26205,66,34
11,::std::ops,17,::std::ops::RangeInclusiveIter,::std::iter::Iterator,25590,66,34
11,::std::ops,18,::std::ops::RangeInclusiveIter,::std::iter::DoubleEndedIterator,3536,7,4
11,::std::ops,19,::std::ops::RangeInclusiveIter,::std::iter::ExactSizeIterator,819,2,1
11,::std::ops,20,::std::ops::RangeInclusiveIter,::std::iter::DoubleEndedIterator,2679,7,4
11,::std::ops,21,::std::ops::RangeInclusiveIter,::std::iter::ExactSizeIterator,904,2,1
11,::std::ops,22,::std::ops::RangeInclusiveIter,::std::iter::DoubleEndedIterator,2582,7,4
11,::std::ops,23,::std::ops::RangeToInclusive,::std::cmp::PartialEq,1744,4,2
11,::std::ops,24,::std::ops::RangeToInclusive,::std::cmp::Eq,58,0,0
11,::std::ops,25,::std::ops::RangeToInclusive,::std::cmp::PartialOrd,4402,14,9
11,::std::ops,26,::std::ops::RangeToInclusive,::std::cmp::Ord,2747,8,5
11,::std::ops,27,::std::ops::RangeTo,::std::cmp::PartialEq,1789,4,2
11,::std::ops,28,::std::ops::RangeTo,::std::cmp::Eq,65,0,0
11,::std::ops,29,::std::ops::RangeTo,::std::cmp::PartialOrd,5032,14,9
11,::std::ops,30,::std::ops::RangeTo,::std::cmp::Ord,66801,8,5
11,::std::ops,31,::std::ops::Range,::std::cmp::PartialEq,1844,4,2
11,::std::ops,32,::std::ops::Range,::std::cmp::Eq,59,0,0
11,::std::ops,33,::std::ops::Range,::std::cmp::PartialOrd,5558,14,9
11,::std::ops,34,::std::ops::Range,::std::cmp::Ord,3401,8,5
11,::std::ops,35,::std::ops::RangeIter,::std::iter::Iterator,30642,66,34
11,::std::ops,36,::std::ops::RangeIter,::std::iter::Iterator,28643,66,34
11,::std::ops,37,::std::ops::RangeIter,::std::iter::Iterator,28842,66,34
11,::std::ops,38,::std::ops::RangeIter,::std::iter::DoubleEndedIterator,3363,7,4
11,::std::ops,39,::std::ops::RangeIter,::std::iter::ExactSizeIterator,979,2,1
11,::std::ops,40,::std::ops::RangeIter,::std::iter::DoubleEndedIterator,2580,7,4
11,::std::ops,41,::std::ops::RangeIter,::std::iter::ExactSizeIterator,754,2,1
11,::std::ops,42,::std::ops::RangeIter,::std::iter::DoubleEndedIterator,2524,7,4
11,::std::ops,43,::std::ops::ControlFlow,::std::cmp::PartialEq,60052,4,2
11,::std::ops,44,::std::ops::ControlFlow,::std::cmp::Eq,58,0,0
11,::std::ops,45,::std::ops::ControlFlow,::std::clone::Clone,1010,2,1
11,::std::ops,46,::std::ops::Function,::std::clone::Clone,899,2,1
12,::std::iter,0,::std::iter::Rev,::std::iter::Iterator,43606,66,34
12,::std::iter,1,::std::iter::Rev,::std::iter::DoubleEndedIterator,3288,7,4
12,::std::iter,2,::std::iter::Rev,::std::iter::ExactSizeIterator,833,2,1
12,::std::iter,3,::std::iter::Chain,::std::iter::Iterator,30202,66,34
12,::std::iter,4,::std::iter::Chain,::std::iter::DoubleEndedIterator,2886,7,4
12,::std::iter,5,::std::iter::Chain,::std::iter::ExactSizeIterator,856,2,1
12,::std::iter,6,::std::iter::Enumerate,::std::iter::Iterator,42271,66,34
12,::std::iter,7,::std::iter::Enumerate,::std::iter::DoubleEndedIterator,2791,7,4
12,::std::iter,8,::std::iter::Enumerate,::std::iter::ExactSizeIterator,901,2,1
12,::std::iter,9,::std::iter::Filter,::std::iter::Iterator,29851,66,34
12,::std::iter,10,::std::iter::Filter,::std::iter::DoubleEndedIterator,2815,7,4
12,::std::iter,11,::std::iter::Map,::std::iter::Iterator,33095,66,34
12,::std::iter,12,::std::iter::Map,::std::iter::DoubleEndedIterator,2678,7,4
12,::std::iter,13,::std::iter::Map,::std::iter::ExactSizeIterator,1595,2,1
12,::std::iter,14,::std::iter::FilterMap,::std::iter::Iterator,42324,67,35
12,::std::iter,15,::std::iter::FilterMap,::std::iter::DoubleEndedIterator,3349,7,4
12,::std::iter,16,::std::iter::FlatMap,::std::iter::Iterator,26112,66,34
12,::std::iter,17,::std::iter::FlatMap,::std::iter::DoubleEndedIterator,10585,7,4
12,::std::iter,18,::std::iter::Peekable,::std::iter::Iterator,25937,66,34
12,::std::iter,19,::std::iter::Peekable,::std::iter::DoubleEndedIterator,2761,7,4
12,::std::iter,20,::std::iter::Peekable,::std::iter::ExactSizeIterator,837,2,1
12,::std::iter,21,::std::iter::Skip,::std::iter::Iterator,30895,66,34
12,::std::iter,22,::std::iter::Skip,::std::iter::DoubleEndedIterator,3776,7,4
12,::std::iter,23,::std::iter::Skip,::std::iter::ExactSizeIterator,1060,2,1
12,::std::iter,24,::std::iter::Take,::std::iter::Iterator,34654,66,34
12,::std::iter,25,::std::iter::Take,::std::iter::DoubleEndedIterator,2700,7,4
12,::std::iter,26,::std::iter::Take,::std::iter::ExactSizeIterator,795,2,1
12,::std::iter,27,::std::iter::Empty,::std::iter::Iterator,41914,66,34
12,::std::iter,28,::std::iter::Empty,::std::iter::DoubleEndedIterator,2533,7,4
12,::std::iter,29,::std::iter::Once,::std::iter::Iterator,40881,66,34
12,::std::iter,30,::std::iter::Once,::std::iter::DoubleEndedIterator,2526,7,4
12,::std::ops,0,::std::ops::RangeFrom,::std::cmp::PartialEq,2082,4,2
12,::std::ops,1,::std::ops::RangeFrom,::std::cmp::Eq,84,0,0
12,::std::ops,2,::std::ops::RangeFrom,::std::cmp::PartialOrd,5534,14,9
12,::std::ops,3,::std::ops::RangeFrom,::std::cmp::Ord,2837,8,5
12,::std::ops,4,::std::ops::RangeFromIter,::std::iter::Iterator,70548,66,34
12,::std::ops,5,::std::ops::RangeFromIter,::std::iter::Iterator,28306,66,34
12,::std::ops,6,::std::ops::RangeFromIter,::std::iter::Iterator,27175,66,34
12,::std::ops,7,::std::ops::RangeFull,::std::cmp::PartialEq,1908,4,2
12,::std::ops,8,::std::ops::RangeFull,::std::cmp::Eq,52,0,0
12,::std::ops,9,::std::ops::RangeFull,::std::cmp::PartialOrd,4908,14,9
12,::std::ops,10,::std::ops::RangeFull,::std::cmp::Ord,2721,8,5
12,::std::ops,11,::std::ops::RangeInclusive,::std::cmp::PartialEq,1862,4,2
12,::std::ops,12,::std::ops::RangeInclusive,::std::cmp::Eq,55,0,0
12,::std::ops,13,::std::ops::RangeInclusive,::std::cmp::PartialOrd,5396,14,9
12,::std::ops,14,::std::ops::RangeInclusive,::std::cmp::Ord,2845,8,5
12,::std::ops,15,::std::ops::RangeInclusiveIter,::std::iter::Iterator,26451,66,34
12,::std::ops,16,::std::ops::RangeInclusiveIter,::std::iter::Iterator,25966,66,34
12,::std::ops,17,::std::ops::RangeInclusiveIter,::std::iter::Iterator,25445,66,34
12,::std::ops,18,::std::ops::RangeInclusiveIter,::std::iter::DoubleEndedIterator,3598,7,4
12,::std::ops,19,::std::ops::RangeInclusiveIter,::std::iter::ExactSizeIterator,820,2,1
12,::std::ops,20,::std::ops::RangeInclusiveIter,::std::iter::DoubleEndedIterator,2649,7,4
12,::std::ops,21,::std::ops::RangeInclusiveIter,::std::iter::ExactSizeIterator,795,2,1
12,::std::ops,22,::std::ops::RangeInclusiveIter,::std::iter::DoubleEndedIterator,2534,7,4
12,::std::ops,23,::std::ops::RangeToInclusive,::std::cmp::PartialEq,1788,4,2
12,::std::ops,24,::std::ops::RangeToInclusive,::std::cmp::Eq,48,0,0
12,::std::ops,25,::std::ops::RangeToInclusive,::std::cmp::PartialOrd,4470,14,9
12,::std::ops,26,::std::ops::RangeToInclusive,::std::cmp::Ord,2718,8,5
12,::std::ops,27,::std::ops::RangeTo,::std::cmp::PartialEq,1946,4,2
12,::std::ops,28,::std::ops::RangeTo,::std::cmp::Eq,82,0,0
12,::std::ops,29,::std::ops::RangeTo,::std::cmp::PartialOrd,4886,14,9
12,::std::ops,30,::std::ops::RangeTo,::std::cmp::Ord,69143,8,5
12,::std::ops,31,::std::ops::Range,::std::cmp::PartialEq,1784,4,2
12,::std::ops,32,::std::ops::Range,::std::cmp::Eq,69,0,0
12,::std::ops,33,::std::ops::Range,::std::cmp::PartialOrd,5510,14,9
12,::std::ops,34,::std::ops::Range,::std::cmp::Ord,3429,8,5
12,::std::ops,35,::std::ops::RangeIter,::std::iter::Iterator,31287,66,34
12,::std::ops,36,::std::ops::RangeIter,::std::iter::Iterator,28513,66,34
12,::std::ops,37,::std::ops::RangeIter,::std::iter::Iterator,28477,66,34
12,::std::ops,38,::std::ops::RangeIter,::std::iter::DoubleEndedIterator,3371,7,4
12,::std::ops,39,::std::ops::RangeIter,::std::iter::ExactSizeIterator,941,2,1
12,::std::ops,40,::std::ops::RangeIter,::std::iter::DoubleEndedIterator,2578,7,4
12,::std::ops,41,::std::ops::RangeIter,::std::iter::ExactSizeIterator,780,2,1
12,::std::ops,42,::std::ops::RangeIter,::std::iter::DoubleEndedIterator,2459,7,4
12,::std::ops,43,::std::ops::ControlFlow,::std::cmp::PartialEq,59189,4,2
12,::std::ops,44,::std::ops::ControlFlow,::std::cmp::Eq,61,0,0
12,::std::ops,45,::std::ops::ControlFlow,::std::clone::Clone,1011,2,1
12,::std::ops,46,::std::ops::Function,::std::clone::Clone,953,2,1
13,::std::iter,0,::std::iter::Rev,::std::iter::Iterator,43006,66,34
13,::std::iter,1,::std::iter::Rev,::std::iter::DoubleEndedIterator,3145,7,4
13,::std::iter,2,::std::iter::Rev,::std::iter::ExactSizeIterator,811,2,1
13,::std::iter,3,::std::iter::Chain,::std::iter::Iterator,29760,66,34
13,::std::iter,4,::std::iter::Chain,::std::iter::DoubleEndedIterator,2940,7,4
13,::std::iter,5,::std::iter::Chain,::std::iter::ExactSizeIterator,722,2,1
13,::std::iter,6,::std::iter::Enumerate,::std::iter::Iterator,42319,66,34
13,::std::iter,7,::std::iter::Enumerate,::std::iter::DoubleEndedIterator,2977,7,4
13,::std::iter,8,::std::iter::Enumerate,::std::iter::ExactSizeIterator,844,2,1
13,::std::iter,9,::std::iter::Filter,::std::iter::Iterator,29804,66,34
13,::std::iter,10,::std::iter::Filter,::std::iter::DoubleEndedIterator,2778,7,4
13,::std::iter,11,::std::iter::Map,::std::iter::Iterator,33007,66,34
13,::std::iter,12,::std::iter::Map,::std::iter::DoubleEndedIterator,2627,7,4
13,::std::iter,13,::std::iter::Map,::std::iter::ExactSizeIterator,1690,2,1
13,::std::iter,14,::std::iter::FilterMap,::std::iter::Iterator,40829,67,35
13,::std::iter,15,::std::iter::FilterMap,::std::iter::DoubleEndedIterator,3399,7,4
13,::std::iter,16,::std::iter::FlatMap,::std::iter::Iterator,26084,66,34
13,::std::iter,17,::std::iter::FlatMap,::std::iter::DoubleEndedIterator,11933,7,4
13,::std::iter,18,::std::iter::Peekable,::std::iter::Iterator,25915,66,34
13,::std::iter,19,::std::iter::Peekable,::std::iter::DoubleEndedIterator,2727,7,4
13,::std::iter,20,::std::iter::Peekable,::std::iter::ExactSizeIterator,790,2,1
13,::std::iter,21,::std::iter::Skip,::std::iter::Iterator,26359,66,34
13,::std::iter,22,::std::iter::Skip,::std::iter::DoubleEndedIterator,3810,7,4
13,::std::iter,23,::std::iter::Skip,::std::iter::ExactSizeIterator,980,2,1
13,::std::iter,24,::std::iter::Take,::std::iter::Iterator,34150,66,34
13,::std::iter,25,::std::iter::Take,::std::iter::DoubleEndedIterator,2634,7,4
13,::std::iter,26,::std::iter::Take,::std::iter::ExactSizeIterator,735,2,1
13,::std::iter,27,::std::iter::Empty,::std::iter::Iterator,45035,66,34
13,::std::iter,28,::std::iter::Empty,::std::iter::DoubleEndedIterator,2565,7,4
13,::std::iter,29,::std::iter::Once,::std::iter::Iterator,46907,66,34
13,::std::iter,30,::std::iter::Once,::std::iter::DoubleEndedIterator,2520,7,4
13,::std::ops,0,::std::ops::RangeFrom,::std::cmp::PartialEq,1870,4,2
13,::std::ops,1,::std::ops::RangeFrom,::std::cmp::Eq,105,0,0
13,::std::ops,2,::std::ops::RangeFrom,::std::cmp::PartialOrd,5670,14,9
13,::std::ops,3,::std::ops::RangeFrom,::std::cmp::Ord,2896,8,5
13,::std::ops,4,::std::ops::RangeFromIter,::std::iter::Iterator,68951,66,34
13,::std::ops,5,::std::ops::RangeFromIter,::std::iter::Iterator,27626,66,34
13,::std::ops,6,::std::ops::RangeFromIter,::std::iter::Iterator,27108,66,34
13,::std::ops,7,::std::ops::RangeFull,::std::cmp::PartialEq,1808,4,2
13,::std::ops,8,::std::ops::RangeFull,::std::cmp::Eq,55,0,0
13,::std::ops,9,::std::ops::RangeFull,::std::cmp::PartialOrd,4908,14,9
13,::std::ops,10,::std::ops::RangeFull,::std::cmp::Ord,2696,8,5
13,::std::ops,11,::std::ops::RangeInclusive,::std::cmp::PartialEq,1875,4,2
13,::std::ops,12,::std::ops::RangeInclusive,::std::cmp::Eq,51,0,0
13,::std::ops,13,::std::ops::RangeInclusive,::std::cmp::PartialOrd,5348,14,9
13,::std::ops,14,::std::ops::RangeInclusive,::std::cmp::Ord,2840,8,5
13,::std::ops,15,::std::ops::RangeInclusiveIter,::std::iter::Iterator,27603,66,34
13,::std::ops,16,::std::ops::RangeInclusiveIter,::std::iter::Iterator,25700,66,34
13,::std::ops,17,::std::ops::RangeInclusiveIter,::std::iter::Iterator,25157,66,34
13,::std::ops,18,::std::ops::RangeInclusiveIter,::std::iter::DoubleEndedIterator,3535,7,4
13,::std::ops,19,::std::ops::RangeInclusiveIter,::std::iter::ExactSizeIterator,825,2,1
13,::std::ops,20,::std::ops::RangeInclusiveIter,::std::iter::DoubleEndedIterator,2542,7,4
13,::std::ops,21,::std::ops::RangeInclusiveIter,::std::iter::ExactSizeIterator,829,2,1
13,::std::ops,22,::std::ops::RangeInclusiveIter,::std::iter::DoubleEndedIterator,2572,7,4
13,::std::ops,23,::std::ops::RangeToInclusive,::std::cmp::PartialEq,1793,4,2
13,::std::ops,24,::std::ops::RangeToInclusive,::std::cmp::Eq,71,0,0
13,::std::ops,25,::std::ops::RangeToInclusive,::std::cmp::PartialOrd,4488,14,9
13,::std::ops,26,::std::ops::RangeToInclusive,::std::cmp::Ord,2735,8,5
13,::std::ops,27,::std::ops::RangeTo,::std::cmp::PartialEq,1894,4,2
13,::std::ops,28,::std::ops::RangeTo,::std::cmp::Eq,70,0,0
13,::std::ops,29,::std::ops::RangeTo,::std::cmp::PartialOrd,4819,14,9
13,::std::ops,30,::std::ops::RangeTo,::std::cmp::Ord,67640,8,5
13,::std::ops,31,::std::ops::Range,::std::cmp::PartialEq,1828,4,2
13,::std::ops,32,::std::ops::Range,::std::cmp::Eq,61,0,0
13,::std::ops,33,::std::ops::Range,::std::cmp::PartialOrd,5603,14,9
13,::std::ops,34,::std::ops::Range,::std::cmp::Ord,3526,8,5
13,::std::ops,35,::std::ops::RangeIter,::std::iter::Iterator,32417,66,34
13,::std::ops,36,::std::ops::RangeIter,::std::iter::Iterator,28591,66,34
13,::std::ops,37,::std::ops::RangeIter,::std::iter::Iterator,28068,66,34
13,::std::ops,38,::std::ops::RangeIter,::std::iter::DoubleEndedIterator,3252,7,4
13,::std::ops,39,::std::ops::RangeIter,::std::iter::ExactSizeIterator,938,2,1
13,::std::ops,40,::std::ops::RangeIter,::std::iter::DoubleEndedIterator,2557,7,4
13,::std::ops,41,::std::ops::RangeIter,::std::iter::ExactSizeIterator,805,2,1
13,::std::ops,42,::std::ops::RangeIter,::std::iter::DoubleEndedIterator,2486,7,4
13,::std::ops,43,::std::ops::ControlFlow,::std::cmp::PartialEq,58237,4,2
13,::std::ops,44,::std::ops::ControlFlow,::std::cmp::Eq,64,0,0
13,::std::ops,45,::std::ops::ControlFlow,::std::clone::Clone,939,2,1
13,::std::ops,46,::std::ops::Function,::std::clone::Clone,939,2,1
14,::std::iter,0,::std::iter::Rev,::std::iter::Iterator,44443,66,34
14,::std::iter,1,::std::iter::Rev,::std::iter::DoubleEndedIterator,3169,7,4
14,::std::iter,2,::std::iter::Rev,::std::iter::ExactSizeIterator,845,2,1
14,::std::iter,3,::std::iter::Chain,::std::iter::Iterator,29900,66,34
14,::std::iter,4,::std::iter::Chain,::std::iter::DoubleEndedIterator,2923,7,4
14,::std::iter,5,::std::iter::Chain,::std::iter::ExactSizeIterator,811,2,1
14,::std::iter,6,::std::iter::Enumerate,::std::iter::Iterator,41022,66,34
14,::std::iter,7,::std::iter::Enumerate,::std::iter::DoubleEndedIterator,2725,7,4
14,::std::iter,8,::std::iter::Enumerate,::std::iter::ExactSizeIterator,856,2,1
14,::std::iter,9,::std::iter::Filter,::std::iter::Iterator,30181,66,34
14,::std::iter,10,::std::iter::Filter,::std::iter::DoubleEndedIterator,2802,7,4
14,::std::iter,11,::std::iter::Map,::std::iter::Iterator,34728,66,34
14,::std::iter,12,::std::iter::Map,::std::iter::DoubleEndedIterator,2694,7,4
14,::std::iter,13,::std::iter::Map,::std::iter::ExactSizeIterator,1641,2,1
14,::std::iter,14,::std::iter::FilterMap,::std::iter::Iterator,40799,67,35
14,::std::iter,15,::std::iter::FilterMap,::std::iter::DoubleEndedIterator,3316,7,4
14,::std::iter,16,::std::iter::FlatMap,::std::iter::Iterator,26083,66,34
14,::std::iter,17,::std::iter::FlatMap,::std::iter::DoubleEndedIterator,10421,7,4
14,::std::iter,18,::std::iter::Peekable,::std::iter::Iterator,30181,66,34
14,::std::iter,19,::std::iter::Peekable,::std::iter::DoubleEndedIterator,2709,7,4
14,::std::iter,20,::std::iter::Peekable,::std::iter::ExactSizeIterator,837,2,1
14,::std::iter,21,::std::iter::Skip,::std::iter::Iterator,57624,66,34
14,::std::iter,22,::std::iter::Skip,::std::iter::DoubleEndedIterator,3692,7,4
14,::std::iter,23,::std::iter::Skip,::std::iter::ExactSizeIterator,1031,2,1
14,::std::iter,24,::std::iter::Take,::std::iter::Iterator,35626,66,34
14,::std::iter,25,::std::iter::Take,::std::iter::DoubleEndedIterator,2658,7,4
14,::std::iter,26,::std::iter::Take,::std::iter::ExactSizeIterator,802,2,1
14,::std::iter,27,::std::iter::Empty,::std::iter::Iterator,40441,66,34
14,::std::iter,28,::std::iter::Empty,::std::iter::DoubleEndedIterator,2581,7,4
14,::std::iter,29,::std::iter::Once,::std::iter::Iterator,42538,66,34
14,::std::iter,30,::std::iter::Once,::std::iter::DoubleEndedIterator,2523,7,4
14,::std::ops,0,::std::ops::RangeFrom,::std::cmp::PartialEq,1958,4,2
14,::std::ops,1,::std::ops::RangeFrom,::std::cmp::Eq,93,0,0
14,::std::ops,2,::std::ops::RangeFrom,::std::cmp::PartialOrd,5619,14,9
14,::std::ops,3,::std::ops::RangeFrom,::std::cmp::Ord,3043,8,5
14,::std::ops,4,::std::ops::RangeFromIter,::std::iter::Iterator,68844,66,34
14,::std::ops,5,::std::ops::RangeFromIter,::std::iter::Iterator,27551,66,34
14,::std::ops,6,::std::ops::RangeFromIter,::std::iter::Iterator,27320,66,34
14,::std::ops,7,::std::ops::RangeFull,::std::cmp::PartialEq,1955,4,2
14,::std::ops,8,::std::ops::RangeFull,::std::cmp::Eq,94,0,0
14,::std::ops,9,::std::ops::RangeFull,::std::cmp::PartialOrd,4868,14,9
14,::std::ops,10,::std::ops::RangeFull,::std::cmp::Ord,2718,8,5
14,::std::ops,11,::std::ops::RangeInclusive,::std::cmp::PartialEq,1797,4,2
14,::std::ops,12,::std::ops::RangeInclusive,::std::cmp::Eq,49,0,0
14,::std::ops,13,::std::ops::RangeInclusive,::std::cmp::PartialOrd,5273,14,9
14,::std::ops,14,::std::ops::RangeInclusive,::std::cmp::Ord,2848,8,5
14,::std::ops,15,::std::ops::RangeInclusiveIter,::std::iter::Iterator,26607,66,34
14,::std::ops,16,::std::ops::RangeInclusiveIter,::std::iter::Iterator,26013,66,34
14,::std::ops,17,::std::ops::RangeInclusiveIter,::std::iter::Iterator,26027,66,34
14,::std::ops,18,::std::ops::RangeInclusiveIter,::std::iter::DoubleEndedIterator,3443,7,4
14,::std::ops,19,::std::ops::RangeInclusiveIter,::std::iter::ExactSizeIterator,830,2,1
14,::std::ops,20,::std::ops::RangeInclusiveIter,::std::iter::DoubleEndedIterator,2589,7,4
14,::std::ops,21,::std::ops::RangeInclusiveIter,::std::iter::ExactSizeIterator,776,2,1
14,::std::ops,22,::std::ops::RangeInclusiveIter,::std::iter::DoubleEndedIterator,2532,7,4
14,::std::ops,23,::std::ops::RangeToInclusive,::std::cmp::PartialEq,1751,4,2
14,::std::ops,24,::std::ops::RangeToInclusive,::std::cmp::Eq,58,0,0
14,::std::ops,25,::std::ops::RangeToInclusive,::std::cmp::PartialOrd,4442,14,9
14,::std::ops,26,::std::ops::RangeToInclusive,::std::cmp::Ord,2655,8,5
14,::std::ops,27,::std::ops::RangeTo,::std::cmp::PartialEq,1849,4,2
14,::std::ops,28,::std::ops::RangeTo,::std::cmp::Eq,72,0,0
14,::std::ops,29,::std::ops::RangeTo,::std::cmp::PartialOrd,5004,14,9
14,::std::ops,30,::std::ops::RangeTo,::std::cmp::Ord,71545,8,5
14,::std::ops,31,::std::ops::Range,::std::cmp::PartialEq,1807,4,2
14,::std::ops,32,::std::ops::Range,::std::cmp::Eq,57,0,0
14,::std::ops,33,::std::ops::Range,::std::cmp::PartialOrd,5466,14,9
14,::std::ops,34,::std::ops::Range,::std::cmp::Ord,3401,8,5
14,::std::ops,35,::std::ops::RangeIter,::std::iter::Iterator,30501,66,34
14,::std::ops,36,::std::ops::RangeIter,::std::iter::Iterator,28534,66,34
14,::std::ops,37,::std::ops::RangeIter,::std::iter::Iterator,28597,66,34
14,::std::ops,38,::std::ops::RangeIter,::std::iter::DoubleEndedIterator,3503,7,4
14,::std::ops,39,::std::ops::RangeIter,::std::iter::ExactSizeIterator,962,2,1
14,::std::ops,40,::std::ops::RangeIter,::std::iter::DoubleEndedIterator,2585,7,4
14,::std::ops,41,::std::ops::RangeIter,::std::iter::ExactSizeIterator,778,2,1
14,::std::ops,42,::std::ops::RangeIter,::std::iter::DoubleEndedIterator,2515,7,4
14,::std::ops,43,::std::ops::ControlFlow,::std::cmp::PartialEq,59707,4,2
14,::std::ops,44,::std::ops::ControlFlow,::std::cmp::Eq,60,0,0
14,::std::ops,45,::std::ops::ControlFlow,::std::clone::Clone,972,2,1
14,::std::ops,46,::std::ops::Function,::std::clone::Clone,889,2,1
15,::std::iter,0,::std::iter::Rev,::std::iter::Iterator,42798,66,34
15,::std::iter,1,::std::iter::Rev,::std::iter::DoubleEndedIterator,3217,7,4
15,::std::iter,2,::std::iter::Rev,::std::iter::ExactSizeIterator,834,2,1
15,::std::iter,3,::std::iter::Chain,::std::iter::Iterator,30025,66,34
15,::std::iter,4,::std::iter::Chain,::std::iter::DoubleEndedIterator,2812,7,4
15,::std::iter,5,::std::iter::Chain,::std::iter::ExactSizeIterator,794,2,1
15,::std::iter,6,::std::iter::Enumerate,::std::iter::Iterator,42283,66,34
15,::std::iter,7,::std::iter::Enumerate,::std::iter::DoubleEndedIterator,2870,7,4
15,::std::iter,8,::std::iter::Enumerate,::std::iter::ExactSizeIterator,848,2,1
15,::std::iter,9,::std::iter::Filter,::std::iter::Iterator,34538,66,34
15,::std::iter,10,::std::iter::Filter,::std::iter::DoubleEndedIterator,2760,7,4
15,::std::iter,11,::std::iter::Map,::std::iter::Iterator,33585,66,34
15,::std::iter,12,::std::iter::Map,::std::iter::DoubleEndedIterator,2698,7,4
15,::std::iter,13,::std::iter::Map,::std::iter::ExactSizeIterator,1660,2,1
15,::std::iter,14,::std::iter::FilterMap,::std::iter::Iterator,71043,67,35
15,::std::iter,15,::std::iter::FilterMap,::std::iter::DoubleEndedIterator,3479,7,4
15,::std::iter,16,::std::iter::FlatMap,::std::iter::Iterator,26079,66,34
15,::std::iter,17,::std::iter::FlatMap,::std::iter::DoubleEndedIterator,10873,7,4
15,::std::iter,18,::std::iter::Peekable,::std::iter::Iterator,26127,66,34
15,::std::iter,19,::std::iter::Peekable,::std::iter::DoubleEndedIterator,2841,7,4
15,::std::iter,20,::std::iter::Peekable,::std::iter::ExactSizeIterator,783,2,1
15,::std::iter,21,::std::iter::Skip,::std::iter::Iterator,26851,66,34
15,::std::iter,22,::std::iter::Skip,::std::iter::DoubleEndedIterator,3772,7,4
15,::std::iter,23,::std::iter::Skip,::std::iter::ExactSizeIterator,961,2,1
15,::std::iter,24,::std::iter::Take,::std::iter::Iterator,34325,66,34
15,::std::iter,25,::std::iter::Take,::std::iter::DoubleEndedIterator,2547,7,4
15,::std::iter,26,::std::iter::Take,::std::iter::ExactSizeIterator,791,2,1
15,::std::iter,27,::std::iter::Empty,::std::iter::Iterator,42188,66,34
15,::std::iter,28,::std::iter::Empty,::std::iter::DoubleEndedIterator,2421,7,4
15,::std::iter,29,::std::iter::Once,::std::iter::Iterator,41240,66,34
15,::std::iter,30,::std::iter::Once,::std::iter::DoubleEndedIterator,2516,7,4
15,::std::ops,0,::std::ops::RangeFrom,::std::cmp::PartialEq,2060,4,2
15,::std::ops,1,::std::ops::RangeFrom,::std::cmp::Eq,96,0,0
15,::std::ops,2,::std::ops::RangeFrom,::std::cmp::PartialOrd,5689,14,9
15,::std::ops,3,::std::ops::RangeFrom,::std::cmp::Ord,2900,8,5
15,::std::ops,4,::std::ops::RangeFromIter,::std::iter::Iterator,70176,66,34
15,::std::ops,5,::std::ops::RangeFromIter,::std::iter::Iterator,28220,66,34
15,::std::ops,6,::std::ops::RangeFromIter,::std::iter::Iterator,27380,66,34
15,::std::ops,7,::std::ops::RangeFull,::std::cmp::PartialEq,1835,4,2
15,::std::ops,8,::std::ops::RangeFull,::std::cmp::Eq,78,0,0
15,::std::ops,9,::std::ops::RangeFull,::std::cmp::PartialOrd,4904,14,9
15,::std::ops,10,::std::ops::RangeFull,::std::cmp::Ord,2658,8,5
15,::std::ops,11,::std::ops::RangeInclusive,::std::cmp::PartialEq,1835,4,2
15,::std::ops,12,::std::ops::RangeInclusive,::std::cmp::Eq,75,0,0
15,::std::ops,13,::std::ops::RangeInclusive,::std::cmp::PartialOrd,5330,14,9
15,::std::ops,14,::std::ops::RangeInclusive,::std::cmp::Ord,2715,8,5
15,::std::ops,15,::std::ops::RangeInclusiveIter,::std::iter::Iterator,27093,66,34
15,::std::ops,16,::std::ops::RangeInclusiveIter,::std::iter::Iterator,25893,66,34
15,::std::ops,17,::std::ops::RangeInclusiveIter,::std::iter::Iterator,25687,66,34
15,::std::ops,18,::std::ops::RangeInclusiveIter,::std::iter::DoubleEndedIterator,3591,7,4
15,::std::ops,19,::std::ops::RangeInclusiveIter,::std::iter::ExactSizeIterator,870,2,1
15,::std::ops,20,::std::ops::RangeInclusiveIter,::std::iter::DoubleEndedIterator,2649,7,4
15,::std::ops,21,::std::ops::RangeInclusiveIter,::std::iter::ExactSizeIterator,779,2,1
15,::std::ops,22,::std::ops::RangeInclusiveIter,::std::iter::DoubleEndedIterator,2419,7,4
15,::std::ops,23,::std::ops::RangeToInclusive,::std::cmp::PartialEq,1763,4,2
15,::std::ops,24,::std::ops::RangeToInclusive,::std::cmp::Eq,102,0,0
15,::std::ops,25,::std::ops::RangeToInclusive,::std::cmp::PartialOrd,4617,14,9
15,::std::ops,26,::std::ops::RangeToInclusive,::std::cmp::Ord,2812,8,5
15,::std::ops,27,::std::ops::RangeTo,::std::cmp::PartialEq,1956,4,2
15,::std::ops,28,::std::ops::RangeTo,::std::cmp::Eq,74,0,0
15,::std::ops,29,::std::ops::RangeTo,::std::cmp::PartialOrd,5073,14,9
15,::std::ops,30,::std::ops::RangeTo,::std::cmp::Ord,68145,8,5
15,::std::ops,31,::std::ops::Range,::std::cmp::PartialEq,1758,4,2
15,::std::ops,32,::std::ops::Range,::std::cmp::Eq,61,0,0
15,::std::ops,33,::std::ops::Range,::std::cmp::PartialOrd,5504,14,9
15,::std::ops,34,::std::ops::Range,::std::cmp::Ord,3346,8,5
15,::std::ops,35,::std::ops::RangeIter,::std::iter::Iterator,30650,66,34
15,::std::ops,36,::std::ops::RangeIter,::std::iter::Iterator,29010,66,34
15,::std::ops,37,::std::ops::RangeIter,::std::iter::Iterator,28304,66,34
15,::std::ops,38,::std::ops::RangeIter,::std::iter::DoubleEndedIterator,3544,7,4
15,::std::ops,39,::std::ops::RangeIter,::std::iter::ExactSizeIterator,919,2,1
15,::std::ops,40,::std::ops::RangeIter,::std::iter::DoubleEndedIterator,2626,7,4
15,::std::ops,41,::std::ops::RangeIter,::std::iter::ExactSizeIterator,791,2,1
15,::std::ops,42,::std::ops::RangeIter,::std::iter::DoubleEndedIterator,2509,7,4
15,::std::ops,43,::std::ops::ControlFlow,::std::cmp::PartialEq,59776,4,2
15,::std::ops,44,::std::ops::ControlFlow,::std::cmp::Eq,64,0,0
15,::std::ops,45,::std::ops::ControlFlow,::std::clone::Clone,995,2,1
15,::std::ops,46,::std::ops::Function,::std::clone::Clone,949,2,1
16,::std::iter,0,::std::iter::Rev,::std::iter::Iterator,64536,66,34
16,::std::iter,1,::std::iter::Rev,::std::iter::DoubleEndedIterator,3219,7,4
16,::std::iter,2,::std::iter::Rev,::std::iter::ExactSizeIterator,855,2,1
16,::std::iter,3,::std::iter::Chain,::std::iter::Iterator,30213,66,34
16,::std::iter,4,::std::iter::Chain,::std::iter::DoubleEndedIterator,2904,7,4
16,::std::iter,5,::std::iter::Chain,::std::iter::ExactSizeIterator,792,2,1
16,::std::iter,6,::std::iter::Enumerate,::std::iter::Iterator,42635,66,34
16,::std::iter,7,::std::iter::Enumerate,::std::iter::DoubleEndedIterator,2868,7,4
16,::std::iter,8,::std::iter::Enumerate,::std::iter::ExactSizeIterator,816,2,1
16,::std::iter,9,::std::iter::Filter,::std::iter::Iterator,30251,66,34
16,::std::iter,10,::std::iter::Filter,::std::iter::DoubleEndedIterator,2819,7,4
16,::std::iter,11,::std::iter::Map,::std::iter::Iterator,33145,66,34
16,::std::iter,12,::std::iter::Map,::std::iter::DoubleEndedIterator,2667,7,4
16,::std::iter,13,::std::iter::Map,::std::iter::ExactSizeIterator,1608,2,1
16,::std::iter,14,::std::iter::FilterMap,::std::iter::Iterator,45184,67,35
16,::std::iter,15,::std::iter::FilterMap,::std::iter::DoubleEndedIterator,3412,7,4
16,::std::iter,16,::std::iter::FlatMap,::std::iter::Iterator,26109,66,34
16,::std::iter,17,::std::iter::FlatMap,::std::iter::DoubleEndedIterator,12303,7,4
16,::std::iter,18,::std::iter::Peekable,::std::iter::Iterator,25778,66,34
16,::std::iter,19,::std::iter::Peekable,::std::iter::DoubleEndedIterator,2690,7,4
16,::std::iter,20,::std::iter::Peekable,::std::iter::ExactSizeIterator,808,2,1
16,::std::iter,21,::std::iter::Skip,::std::iter::Iterator,26198,66,34
16,::std::iter,22,::std::iter::Skip,::std::iter::DoubleEndedIterator,3712,7,4
16,::std::iter,23,::std::iter::Skip,::std::iter::ExactSizeIterator,981,2,1
16,::std::iter,24,::std::iter::Take,::std::iter::Iterator,34027,66,34
16,::std::iter,25,::std::iter::Take,::std::iter::DoubleEndedIterator,2615,7,4
16,::std::iter,26,::std::iter::Take,::std::iter::ExactSizeIterator,705,2,1
16,::std::iter,27,::std::iter::Empty,::std::iter::Iterator,40632,66,34
16,::std::iter,28,::std::iter::Empty,::std::iter::DoubleEndedIterator,2435,7,4
16,::std::iter,29,::std::iter::Once,::std::iter::Iterator,41886,66,34
16,::std::iter,30,::std::iter::Once,::std::iter::DoubleEndedIterator,2376,7,4
16,::std::ops,0,::std::ops::RangeFrom,::std::cmp::PartialEq,1956,4,2
16,::std::ops,1,::std::ops::RangeFrom,::std::cmp::Eq,98,0,0
16,::std::ops,2,::std::ops::RangeFrom,::std::cmp::PartialOrd,5509,14,9
16,::std::ops,3,::std::ops::RangeFrom,::std::cmp::Ord,2978,8,5
16,::std::ops,4,::std::ops::RangeFromIter,::std::iter::Iterator,68945,66,34
16,::std::ops,5,::std::ops::RangeFromIter,::std::iter::Iterator,27879,66,34
16,::std::ops,6,::std::ops::RangeFromIter,::std::iter::Iterator,27342,66,34
16,::std::ops,7,::std::ops::RangeFull,::std::cmp::PartialEq,1902,4,2
16,::std::ops,8,::std::ops::RangeFull,::std::cmp::Eq,77,0,0
16,::std::ops,9,::std::ops::RangeFull,::std::cmp::PartialOrd,4904,14,9
16,::std::ops,10,::std::ops::RangeFull,::std::cmp::Ord,2642,8,5
16,::std::ops,11,::std::ops::RangeInclusive,::std::cmp::PartialEq,1770,4,2
16,::std::ops,12,::std::ops::RangeInclusive,::std::cmp::Eq,53,0,0
16,::std::ops,13,::std::ops::RangeInclusive,::std::cmp::PartialOrd,5360,14,9
16,::std::ops,14,::std::ops::RangeInclusive,::std::cmp::Ord,2787,8,5
16,::std::ops,15,::std::ops::RangeInclusiveIter,::std::iter::Iterator,27812,66,34
16,::std::ops,16,::std::ops::RangeInclusiveIter,::std::iter::Iterator,26183,66,34
16,::std::ops,17,::std::ops::RangeInclusiveIter,::std::iter::Iterator,24978,66,34
16,::std::ops,18,::std::ops::RangeInclusiveIter,::std::iter::DoubleEndedIterator,3422,7,4
16,::std::ops,19,::std::ops::RangeInclusiveIter,::std::iter::ExactSizeIterator,849,2,1
16,::std::ops,20,::std::ops::RangeInclusiveIter,::std::iter::DoubleEndedIterator,2610,7,4
16,::std::ops,21,::std::ops::RangeInclusiveIter,::std::iter::ExactSizeIterator,827,2,1
16,::std::ops,22,::std::ops::RangeInclusiveIter,::std::iter::DoubleEndedIterator,2493,7,4
16,::std::ops,23,::std::ops::RangeToInclusive,::std::cmp::PartialEq,1776,4,2
16,::std::ops,24,::std::ops::RangeToInclusive,::std::cmp::Eq,87,0,0
16,::std::ops,25,::std::ops::RangeToInclusive,::std::cmp::PartialOrd,4366,14,9
16,::std::ops,26,::std::ops::RangeToInclusive,::std::cmp::Ord,2696,8,5
16,::std::ops,27,::std::ops::RangeTo,::std::cmp::PartialEq,1929,4,2
16,::std::ops,28,::std::ops::RangeTo,::std::cmp::Eq,72,0,0
16,::std::ops,29,::std::ops::RangeTo,::std::cmp::PartialOrd,4932,14,9
16,::std::ops,30,::std::ops::RangeTo,::std::cmp::Ord,73367,8,5
16,::std::ops,31,::std::ops::Range,::std::cmp::PartialEq,1811,4,2
16,::std::ops,32,::std::ops::Range,::std::cmp::Eq,80,0,0
16,::std::ops,33,::std::ops::Range,::std::cmp::PartialOrd,5733,14,9
16,::std::ops,34,::std::ops::Range,::std::cmp::Ord,3457,8,5
16,::std::ops,35,::std::ops::RangeIter,::std::iter::Iterator,32161,66,34
16,::std::ops,36,::std::ops::RangeIter,::std::iter::Iterator,28575,66,34
16,::std::ops,37,::std::ops::RangeIter,::std::iter::Iterator,28644,66,34
16,::std::ops,38,::std::ops::RangeIter,::std::iter::DoubleEndedIterator,3245,7,4
16,::std::ops,39,::std::ops::RangeIter,::std::iter::ExactSizeIterator,951,2,1
16,::std::ops,40,::std::ops::RangeIter,::std::iter::DoubleEndedIterator,2603,7,4
16,::std::ops,41,::std::ops::RangeIter,::std::iter::ExactSizeIterator,756,2,1
16,::std::ops,42,::std::ops::RangeIter,::std::iter::DoubleEndedIterator,2604,7,4
16,::std::ops,43,::std::ops::ControlFlow,::std::cmp::PartialEq,58399,4,2
16,::std::ops,44,::std::ops::ControlFlow,::std::cmp::Eq,70,0,0
16,::std::ops,45,::std::ops::ControlFlow,::std::clone::Clone,986,2,1
16,::std::ops,46,::std::ops::Function,::std::clone::Clone,920,2,1
17,::std::iter,0,::std::iter::Rev,::std::iter::Iterator,43803,66,34
17,::std::iter,1,::std::iter::Rev,::std::iter::DoubleEndedIterator,3275,7,4
17,::std::iter,2,::std::iter::Rev,::std::iter::ExactSizeIterator,817,2,1
17,::std::iter,3,::std::iter::Chain,::std::iter::Iterator,30264,66,34
17,::std::iter,4,::std::iter::Chain,::std::iter::DoubleEndedIterator,2840,7,4
17,::std::iter,5,::std::iter::Chain,::std::iter::ExactSizeIterator,859,2,1
17,::std::iter,6,::std::iter::Enumerate,::std::iter::Iterator,40777,66,34
17,::std::iter,7,::std::iter::Enumerate,::std::iter::DoubleEndedIterator,2765,7,4
17,::std::iter,8,::std::iter::Enumerate,::std::iter::ExactSizeIterator,886,2,1
17,::std::iter,9,::std::iter::Filter,::std::iter::Iterator,30014,66,34
17,::std::iter,10,::std::iter::Filter,::std::iter::DoubleEndedIterator,2782,7,4
17,::std::iter,11,::std::iter::Map,::std::iter::Iterator,35401,66,34
17,::std::iter,12,::std::iter::Map,::std::iter::DoubleEndedIterator,2781,7,4
17,::std::iter,13,::std::iter::Map,::std::iter::ExactSizeIterator,1579,2,1
17,::std::iter,14,::std::iter::FilterMap,::std::iter::Iterator,40552,67,35
17,::std::iter,15,::std::iter::FilterMap,::std::iter::DoubleEndedIterator,3301,7,4
17,::std::iter,16,::std::iter::FlatMap,::std::iter::Iterator,26096,66,34
17,::std::iter,17,::std::iter::FlatMap,::std::iter::DoubleEndedIterator,10707,7,4
17,::std::iter,18,::std::iter::Peekable,::std::iter::Iterator,30488,66,34
17,::std::iter,19,::std::iter::Peekable,::std::iter::DoubleEndedIterator,2686,7,4
17,::std::iter,20,::std::iter::Peekable,::std::iter::ExactSizeIterator,794,2,1
17,::std::iter,21,::std::iter::Skip,::std::iter::Iterator,26401,66,34
17,::std::iter,22,::std::iter::Skip,::std::iter::DoubleEndedIterator,3755,7,4
17,::std::iter,23,::std::iter::Skip,::std::iter::ExactSizeIterator,968,2,1
17,::std::iter,24,::std::iter::Take,::std::iter::Iterator,35549,66,34
17,::std::iter,25,::std::iter::Take,::std::iter::DoubleEndedIterator,2583,7,4
17,::std::iter,26,::std::iter::Take,::std::iter::ExactSizeIterator,721,2,1
17,::std::iter,27,::std::iter::Empty,::std::iter::Iterator,40667,66,34
17,::std::iter,28,::std::iter::Empty,::std::iter::DoubleEndedIterator,2548,7,4
17,::std::iter,29,::std::iter::Once,::std::iter::Iterator,42081,66,34
17,::std::iter,30,::std::iter::Once,::std::iter::DoubleEndedIterator,2409,7,4
17,::std::ops,0,::std::ops::RangeFrom,::std::cmp::PartialEq,1967,4,2
17,::std::ops,1,::std::ops::RangeFrom,::std::cmp::Eq,76,0,0
17,::std::ops,2,::std::ops::RangeFrom,::std::cmp::PartialOrd,5582,14,9
17,::std::ops,3,::std::ops::RangeFrom,::std::cmp::Ord,2820,8,5
17,::std::ops,4,::std::ops::RangeFromIter,::std::iter::Iterator,68997,66,34
17,::std::ops,5,::std::ops::RangeFromIter,::std::iter::Iterator,27927,66,34
17,::std::ops,6,::std::ops::RangeFromIter,::std::iter::Iterator,27462,66,34
17,::std::ops,7,::std::ops::RangeFull,::std::cmp::PartialEq,1916,4,2
17,::std::ops,8,::std::ops::RangeFull,::std::cmp::Eq,86,0,0
17,::std::ops,9,::std::ops::RangeFull,::std::cmp::PartialOrd,4980,14,9
17,::std::ops,10,::std::ops::RangeFull,::std::cmp::Ord,2617,8,5
17,::std::ops,11,::std::ops::RangeInclusive,::std::cmp::PartialEq,1863,4,2
17,::std::ops,12,::std::ops::RangeInclusive,::std::cmp::Eq,60,0,0
17,::std::ops,13,::std::ops::RangeInclusive,::std::cmp::PartialOrd,5333,14,9
17,::std::ops,14,::std::ops::RangeInclusive,::std::cmp::Ord,2910,8,5
17,::std::ops,15,::std::ops::RangeInclusiveIter,::std::iter::Iterator,30712,66,34
17,::std::ops,16,::std::ops::RangeInclusiveIter,::std::iter::Iterator,26034,66,34
17,::std::ops,17,::std::ops::RangeInclusiveIter,::std::iter::Iterator,25501,66,34
17,::std::ops,18,::std::ops::RangeInclusiveIter,::std::iter::DoubleEndedIterator,3561,7,4
17,::std::ops,19,::std::ops::RangeInclusiveIter,::std::iter::ExactSizeIterator,875,2,1
17,::std::ops,20,::std::ops::RangeInclusiveIter,::std::iter::DoubleEndedIterator,2618,7,4
17,::std::ops,21,::std::ops::RangeInclusiveIter,::std::iter::ExactSizeIterator,780,2,1
17,::std::ops,22,::std::ops::RangeInclusiveIter,::std::iter::DoubleEndedIterator,2507,7,4
17,::std::ops,23,::std::ops::RangeToInclusive,::std::cmp::PartialEq,1701,4,2
17,::std::ops,24,::std::ops::RangeToInclusive,::std::cmp::Eq,81,0,0
17,::std::ops,25,::std::ops::RangeToInclusive,::std::cmp::PartialOrd,4491,14,9
17,::std::ops,26,::std::ops::RangeToInclusive,::std::cmp::Ord,2766,8,5
17,::std::ops,27,::std::ops::RangeTo,::std::cmp::PartialEq,1898,4,2
17,::std::ops,28,::std::ops::RangeTo,::std::cmp::Eq,78,0,0
17,::std::ops,29,::std::ops::RangeTo,::std::cmp::PartialOrd,4905,14,9
17,::std::ops,30,::std::ops::RangeTo,::std::cmp::Ord,67261,8,5
17,::std::ops,31,::std::ops::Range,::std::cmp::PartialEq,1739,4,2
17,::std::ops,32,::std::ops::Range,::std::cmp::Eq,74,0,0
17,::std::ops,33,::std::ops::Range,::std::cmp::PartialOrd,5523,14,9
17,::std::ops,34,::std::ops::Range,::std::cmp::Ord,3473,8,5
17,::std::ops,35,::std::ops::RangeIter,::std::iter::Iterator,30392,66,34
17,::std::ops,36,::std::ops::RangeIter,::std::iter::Iterator,28354,66,34
17,::std::ops,37,::std::ops::RangeIter,::std::iter::Iterator,28448,66,34
17,::std::ops,38,::std::ops::RangeIter,::std::iter::DoubleEndedIterator,4907,7,4
17,::std::ops,39,::std::ops::RangeIter,::std::iter::ExactSizeIterator,974,2,1
17,::std::ops,40,::std::ops::RangeIter,::std::iter::DoubleEndedIterator,2548,7,4
17,::std::ops,41,::std::ops::RangeIter,::std::iter::ExactSizeIterator,763,2,1
17,::std::ops,42,::std::ops::RangeIter,::std::iter::DoubleEndedIterator,2435,7,4
17,::std::ops,43,::std::ops::ControlFlow,::std::cmp::PartialEq,58352,4,2
17,::std::ops,44,::std::ops::ControlFlow,::std::cmp::Eq,61,0,0
17,::std::ops,45,::std::ops::ControlFlow,::std::clone::Clone,950,2,1
17,::std::ops,46,::std::ops::Function,::std::clone::Clone,879,2,1
18,::std::iter,0,::std::iter::Rev,::std::iter::Iterator,44445,66,34
18,::std::iter,1,::std::iter::Rev,::std::iter::DoubleEndedIterator,3221,7,4
18,::std::iter,2,::std::iter::Rev,::std::iter::ExactSizeIterator,853,2,1
18,::std::iter,3,::std::iter::Chain,::std::iter::Iterator,30068,66,34
18,::std::iter,4,::std::iter::Chain,::std::iter::DoubleEndedIterator,2925,7,4
18,::std::iter,5,::std::iter::Chain,::std::iter::ExactSizeIterator,864,2,1
18,::std::iter,6,::std::iter::Enumerate,::std::iter::Iterator,41069,66,34
18,::std::iter,7,::std::iter::Enumerate,::std::iter::DoubleEndedIterator,2820,7,4
18,::std::iter,8,::std::iter::Enumerate,::std::iter::ExactSizeIterator,906,2,1
18,::std::iter,9,::std::iter::Filter,::std::iter::Iterator,29853,66,34
18,::std::iter,10,::std::iter::Filter,::std::iter::DoubleEndedIterator,2899,7,4
18,::std::iter,11,::std::iter::Map,::std::iter::Iterator,38878,66,34
18,::std::iter,12,::std::iter::Map,::std::iter::DoubleEndedIterator,2618,7,4
18,::std::iter,13,::std::iter::Map,::std::iter::ExactSizeIterator,1681,2,1
18,::std::iter,14,::std::iter::FilterMap,::std::iter::Iterator,40353,67,35
18,::std::iter,15,::std::iter::FilterMap,::std::iter::DoubleEndedIterator,3286,7,4
18,::std::iter,16,::std::iter::FlatMap,::std::iter::Iterator,25858,66,34
18,::std::iter,17,::std::iter::FlatMap,::std::iter::DoubleEndedIterator,10388,7,4
18,::std::iter,18,::std::iter::Peekable,::std::iter::Iterator,26017,66,34
18,::std::iter,19,::std::iter::Peekable,::std::iter::DoubleEndedIterator,2805,7,4
18,::std::iter,20,::std::iter::Peekable,::std::iter::ExactSizeIterator,826,2,1
18,::std::iter,21,::std::iter::Skip,::std::iter::Iterator,26296,66,34
18,::std::iter,22,::std::iter::Skip,::std::iter::DoubleEndedIterator,3726,7,4
18,::std::iter,23,::std::iter::Skip,::std::iter::ExactSizeIterator,991,2,1
18,::std::iter,24,::std::iter::Take,::std::iter::Iterator,35435,66,34
18,::std::iter,25,::std::iter::Take,::std::iter::DoubleEndedIterator,2514,7,4
18,::std::iter,26,::std::iter::Take,::std::iter::ExactSizeIterator,768,2,1
18,::std::iter,27,::std::iter::Empty,::std::iter::Iterator,40486,66,34
18,::std::iter,28,::std::iter::Empty,::std::iter::DoubleEndedIterator,2443,7,4
18,::std::iter,29,::std::iter::Once,::std::iter::Iterator,41524,66,34
18,::std::iter,30,::std::iter::Once,::std::iter::DoubleEndedIterator,2422,7,4
18,::std::ops,0,::std::ops::RangeFrom,::std::cmp::PartialEq,2049,4,2
18,::std::ops,1,::std::ops::RangeFrom,::std::cmp::Eq,75,0,0
18,::std::ops,2,::std::ops::RangeFrom,::std::cmp::PartialOrd,21946,14,9
18,::std::ops,3,::std::ops::RangeFrom,::std::cmp::Ord,2939,8,5
18,::std::ops,4,::std::ops::RangeFromIter,::std::iter::Iterator,69318,66,34
18,::std::ops,5,::std::ops::RangeFromIter,::std::iter::Iterator,27969,66,34
18,::std::ops,6,::std::ops::RangeFromIter,::std::iter::Iterator,27630,66,34
18,::std::ops,7,::std::ops::RangeFull,::std::cmp::PartialEq,1866,4,2
18,::std::ops,8,::std::ops::RangeFull,::std::cmp::Eq,71,0,0
18,::std::ops,9,::std::ops::RangeFull,::std::cmp::PartialOrd,5008,14,9
18,::std::ops,10,::std::ops::RangeFull,::std::cmp::Ord,2741,8,5
18,::std::ops,11,::std::ops::RangeInclusive,::std::cmp::PartialEq,1840,4,2
18,::std::ops,12,::std::ops::RangeInclusive,::std::cmp::Eq,58,0,0
18,::std::ops,13,::std::ops::RangeInclusive,::std::cmp::PartialOrd,5341,14,9
18,::std::ops,14,::std::ops::RangeInclusive,::std::cmp::Ord,2878,8,5
18,::std::ops,15,::std::ops::RangeInclusiveIter,::std::iter::Iterator,26318,66,34
18,::std::ops,16,::std::ops::RangeInclusiveIter,::std::iter::Iterator,25573,66,34
18,::std::ops,17,::std::ops::RangeInclusiveIter,::std::iter::Iterator,25814,66,34
18,::std::ops,18,::std::ops::RangeInclusiveIter,::std::iter::DoubleEndedIterator,3492,7,4
18,::std::ops,19,::std::ops::RangeInclusiveIter,::std::iter::ExactSizeIterator,846,2,1
18,::std::ops,20,::std::ops::RangeInclusiveIter,::std::iter::DoubleEndedIterator,2627,7,4
18,::std::ops,21,::std::ops::RangeInclusiveIter,::std::iter::ExactSizeIterator,846,2,1
18,::std::ops,22,::std::ops::RangeInclusiveIter,::std::iter::DoubleEndedIterator,2467,7,4
18,::std::ops,23,::std::ops::RangeToInclusive,::std::cmp::PartialEq,1759,4,2
18,::std::ops,24,::std::ops::RangeToInclusive,::std::cmp::Eq,56,0,0
18,::std::ops,25,::std::ops::RangeToInclusive,::std::cmp::PartialOrd,4380,14,9
18,::std::ops,26,::std::ops::RangeToInclusive,::std::cmp::Ord,2639,8,5
18,::std::ops,27,::std::ops::RangeTo,::std::cmp::PartialEq,1943,4,2
18,::std::ops,28,::std::ops::RangeTo,::std::cmp::Eq,67,0,0
18,::std::ops,29,::std::ops::RangeTo,::std::cmp::PartialOrd,5000,14,9
18,::std::ops,30,::std::ops::RangeTo,::std::cmp::Ord,66985,8,5
18,::std::ops,31,::std::ops::Range,::std::cmp::PartialEq,1823,4,2
18,::std::ops,32,::std::ops::Range,::std::cmp::Eq,51,0,0
18,::std::ops,33,::std::ops::Range,::std::cmp::PartialOrd,5466,14,9
18,::std::ops,34,::std::ops::Range,::std::cmp::Ord,3497,8,5
18,::std::ops,35,::std::ops::RangeIter,::std::iter::Iterator,30695,66,34
18,::std::ops,36,::std::ops::RangeIter,::std::iter::Iterator,28669,66,34
18,::std::ops,37,::std::ops::RangeIter,::std::iter::Iterator,28299,66,34
18,::std::ops,38,::std::ops::RangeIter,::std::iter::DoubleEndedIterator,3273,7,4
18,::std::ops,39,::std::ops::RangeIter,::std::iter::ExactSizeIterator,967,2,1
18,::std::ops,40,::std::ops::RangeIter,::std::iter::DoubleEndedIterator,2587,7,4
18,::std::ops,41,::std::ops::RangeIter,::std::iter::ExactSizeIterator,766,2,1
18,::std::ops,42,::std::ops::RangeIter,::std::iter::DoubleEndedIterator,2460,7,4
18,::std::ops,43,::std::ops::ControlFlow,::std::cmp::PartialEq,59811,4,2
18,::std::ops,44,::std::ops::ControlFlow,::std::cmp::Eq,62,0,0
18,::std::ops,45,::std::ops::ControlFlow,::std::clone::Clone,1020,2,1
18,::std::ops,46,::std::ops::Function,::std::clone::Clone,885,2,1
19,::std::iter,0,::std::iter::Rev,::std::iter::Iterator,43567,66,34
19,::std::iter,1,::std::iter::Rev,::std::iter::DoubleEndedIterator,3213,7,4
19,::std::iter,2,::std::iter::Rev,::std::iter::ExactSizeIterator,835,2,1
19,::std::iter,3,::std::iter::Chain,::std::iter::Iterator,31549,66,34
19,::std::iter,4,::std::iter::Chain,::std::iter::DoubleEndedIterator,2912,7,4
19,::std::iter,5,::std::iter::Chain,::std::iter::ExactSizeIterator,765,2,1
19,::std::iter,6,::std::iter::Enumerate,::std::iter::Iterator,40341,66,34
19,::std::iter,7,::std::iter::Enumerate,::std::iter::DoubleEndedIterator,2836,7,4
19,::std::iter,8,::std::iter::Enumerate,::std::iter::ExactSizeIterator,882,2,1
19,::std::iter,9,::std::iter::Filter,::std::iter::Iterator,29799,66,34
19,::std::iter,10,::std::iter::Filter,::std::iter::DoubleEndedIterator,2884,7,4
19,::std::iter,11,::std::iter::Map,::std::iter::Iterator,33303,66,34
19,::std::iter,12,::std::iter::Map,::std::iter::DoubleEndedIterator,2765,7,4
19,::std::iter,13,::std::iter::Map,::std::iter::ExactSizeIterator,1625,2,1
19,::std::iter,14,::std::iter::FilterMap,::std::iter::Iterator,42248,67,35
19,::std::iter,15,::std::iter::FilterMap,::std::iter::DoubleEndedIterator,3377,7,4
19,::std::iter,16,::std::iter::FlatMap,::std::iter::Iterator,25904,66,34
19,::std::iter,17,::std::iter::FlatMap,::std::iter::DoubleEndedIterator,15314,7,4
19,::std::iter,18,::std::iter::Peekable,::std::iter::Iterator,31381,66,34
19,::std::iter,19,::std::iter::Peekable,::std::iter::DoubleEndedIterator,2753,7,4
19,::std::iter,20,::std::iter::Peekable,::std::iter::ExactSizeIterator,830,2,1
19,::std::iter,21,::std::iter::Skip,::std::iter::Iterator,27070,66,34
19,::std::iter,22,::std::iter::Skip,::std::iter::DoubleEndedIterator,3821,7,4
19,::std::iter,23,::std::iter::Skip,::std::iter::ExactSizeIterator,987,2,1
19,::std::iter,24,::std::iter::Take,::std::iter::Iterator,34173,66,34
19,::std::iter,25,::std::iter::Take,::std::iter::DoubleEndedIterator,2569,7,4
19,::std::iter,26,::std::iter::Take,::std::iter::ExactSizeIterator,766,2,1
19,::std::iter,27,::std::iter::Empty,::std::iter::Iterator,42383,66,34
19,::std::iter,28,::std::iter::Empty,::std::iter::DoubleEndedIterator,2558,7,4
19,::std::iter,29,::std::iter::Once,::std::iter::Iterator,40596,66,34
19,::std::iter,30,::std::iter::Once,::std::iter::DoubleEndedIterator,2607,7,4
19,::std::ops,0,::std::ops::RangeFrom,::std::cmp::PartialEq,1977,4,2
19,::std::ops,1,::std::ops::RangeFrom,::std::cmp::Eq,105,0,0
19,::std::ops,2,::std::ops::RangeFrom,::std::cmp::PartialOrd,5476,14,9
19,::std::ops,3,::std::ops::RangeFrom,::std::cmp::Ord,2946,8,5
19,::std::ops,4,::std::ops::RangeFromIter,::std::iter::Iterator,69529,66,34
19,::std::ops,5,::std::ops::RangeFromIter,::std::iter::Iterator,27778,66,34
19,::std::ops,6,::std::ops::RangeFromIter,::std::iter::Iterator,27684,66,34
19,::std::ops,7,::std::ops::RangeFull,::std::cmp::PartialEq,1956,4,2
19,::std::ops,8,::std::ops::RangeFull,::std::cmp::Eq,76,0,0
19,::std::ops,9,::std::ops::RangeFull,::std::cmp::PartialOrd,4998,14,9
19,::std::ops,10,::std::ops::RangeFull,::std::cmp::Ord,2793,8,5
19,::std::ops,11,::std::ops::RangeInclusive,::std::cmp::PartialEq,1832,4,2
19,::std::ops,12,::std::ops::RangeInclusive,::std::cmp::Eq,52,0,0
19,::std::ops,13,::std::ops::RangeInclusive,::std::cmp::PartialOrd,5342,14,9
19,::std::ops,14,::std::ops::RangeInclusive,::std::cmp::Ord,2889,8,5
19,::std::ops,15,::std::ops::RangeInclusiveIter,::std::iter::Iterator,26262,66,34
19,::std::ops,16,::std::ops::RangeInclusiveIter,::std::iter::Iterator,26406,66,34
19,::std::ops,17,::std::ops::RangeInclusiveIter,::std::iter::Iterator,25644,66,34
19,::std::ops,18,::std::ops::RangeInclusiveIter,::std::iter::DoubleEndedIterator,3521,7,4
19,::std::ops,19,::std::ops::RangeInclusiveIter,::std::iter::ExactSizeIterator,873,2,1
19,::std::ops,20,::std::ops::RangeInclusiveIter,::std::iter::DoubleEndedIterator,2658,7,4
19,::std::ops,21,::std::ops::RangeInclusiveIter,::std::iter::ExactSizeIterator,789,2,1
19,::std::ops,22,::std::ops::RangeInclusiveIter,::std::iter::DoubleEndedIterator,2565,7,4
19,::std::ops,23,::std::ops::RangeToInclusive,::std::cmp::PartialEq,1657,4,2
19,::std::ops,24,::std::ops::RangeToInclusive,::std::cmp::Eq,81,0,0
19,::std::ops,25,::std::ops::RangeToInclusive,::std::cmp::PartialOrd,4588,14,9
19,::std::ops,26,::std::ops::RangeToInclusive,::std::cmp::Ord,2763,8,5
19,::std::ops,27,::std::ops::RangeTo,::std::cmp::PartialEq,1915,4,2
19,::std::ops,28,::std::ops::RangeTo,::std::cmp::Eq,82,0,0
19,::std::ops,29,::std::ops::RangeTo,::std::cmp::PartialOrd,4913,14,9
19,::std::ops,30,::std::ops::RangeTo,::std::cmp::Ord,66626,8,5
19,::std::ops,31,::std::ops::Range,::std::cmp::PartialEq,1969,4,2
19,::std::ops,32,::std::ops::Range,::std::cmp::Eq,53,0,0
19,::std::ops,33,::std::ops::Range,::std::cmp::PartialOrd,5650,14,9
19,::std::ops,34,::std::ops::Range,::std::cmp::Ord,3359,8,5
19,::std::ops,35,::std::ops::RangeIter,::std::iter::Iterator,30550,66,34
19,::std::ops,36,::std::ops::RangeIter,::std::iter::Iterator,28638,66,34
19,::std::ops,37,::std::ops::RangeIter,::std::iter::Iterator,28339,66,34
19,::std::ops,38,::std::ops::RangeIter,::std::iter::DoubleEndedIterator,3314,7,4
19,::std::ops,39,::std::ops::RangeIter,::std::iter::ExactSizeIterator,940,2,1
19,::std::ops,40,::std::ops::RangeIter,::std::iter::DoubleEndedIterator,2663,7,4
19,::std::ops,41,::std::ops::RangeIter,::std::iter::ExactSizeIterator,767,2,1
19,::std::ops,42,::std::ops::RangeIter,::std::iter::DoubleEndedIterator,2512,7,4
19,::std::ops,43,::std::ops::ControlFlow,::std::cmp::PartialEq,60254,4,2
19,::std::ops,44,::std::ops::ControlFlow,::std::cmp::Eq,61,0,0
19,::std::ops,45,::std::ops::ControlFlow,::std::clone::Clone,940,2,1
19,::std::ops,46,::std::ops::Function,::std::clone::Clone,896,2,1
20,::std::iter,0,::std::iter::Rev,::std::iter::Iterator,43837,66,34
20,::std::iter,1,::std::iter::Rev,::std::iter::DoubleEndedIterator,3205,7,4
20,::std::iter,2,::std::iter::Rev,::std::iter::ExactSizeIterator,814,2,1
20,::std::iter,3,::std::iter::Chain,::std::iter::Iterator,30195,66,34
20,::std::iter,4,::std::iter::Chain,::std::iter::DoubleEndedIterator,2910,7,4
20,::std::iter,5,::std::iter::Chain,::std::iter::ExactSizeIterator,802,2,1
20,::std::iter,6,::std::iter::Enumerate,::std::iter::Iterator,42232,66,34
20,::std::iter,7,::std::iter::Enumerate,::std::iter::DoubleEndedIterator,2707,7,4
20,::std::iter,8,::std::iter::Enumerate,::std::iter::ExactSizeIterator,854,2,1
20,::std::iter,9,::std::iter::Filter,::std::iter::Iterator,29859,66,34
20,::std::iter,10,::std::iter::Filter,::std::iter::DoubleEndedIterator,2804,7,4
20,::std::iter,11,::std::iter::Map,::std::iter::Iterator,32921,66,34
20,::std::iter,12,::std::iter::Map,::std::iter::DoubleEndedIterator,2630,7,4
20,::std::iter,13,::std::iter::Map,::std::iter::ExactSizeIterator,1563,2,1
20,::std::iter,14,::std::iter::FilterMap,::std::iter::Iterator,46863,67,35
20,::std::iter,15,::std::iter::FilterMap,::std::iter::DoubleEndedIterator,3452,7,4
20,::std::iter,16,::std::iter::FlatMap,::std::iter::Iterator,25803,66,34
20,::std::iter,17,::std::iter::FlatMap,::std::iter::DoubleEndedIterator,10444,7,4
20,::std::iter,18,::std::iter::Peekable,::std::iter::Iterator,25913,66,34
20,::std::iter,19,::std::iter::Peekable,::std::iter::DoubleEndedIterator,2691,7,4
20,::std::iter,20,::std::iter::Peekable,::std::iter::ExactSizeIterator,780,2,1
20,::std::iter,21,::std::iter::Skip,::std::iter::Iterator,26710,66,34
20,::std::iter,22,::std::iter::Skip,::std::iter::DoubleEndedIterator,3769,7,4
20,::std::iter,23,::std::iter::Skip,::std::iter::ExactSizeIterator,1032,2,1
20,::std::iter,24,::std::iter::Take,::std::iter::Iterator,34128,66,34
20,::std::iter,25,::std::iter::Take,::std::iter::DoubleEndedIterator,2679,7,4
20,::std::iter,26,::std::iter::Take,::std::iter::ExactSizeIterator,713,2,1
20,::std::iter,27,::std::iter::Empty,::std::iter::Iterator,42034,66,34
20,::std::iter,28,::std::iter::Empty,::std::iter::DoubleEndedIterator,2525,7,4
20,::std::iter,29,::std::iter::Once,::std::iter::Iterator,40346,66,34
20,::std::iter,30,::std::iter::Once,::std::iter::DoubleEndedIterator,2500,7,4
20,::std::ops,0,::std::ops::RangeFrom,::std::cmp::PartialEq,1991,4,2
20,::std::ops,1,::std::ops::RangeFrom,::std::cmp::Eq,98,0,0
20,::std::ops,2,::std::ops::RangeFrom,::std::cmp::PartialOrd,5554,14,9
20,::std::ops,3,::std::ops::RangeFrom,::std::cmp::Ord,2890,8,5
20,::std::ops,4,::std::ops::RangeFromIter,::std::iter::Iterator,72093,66,34
20,::std::ops,5,::std::ops::RangeFromIter,::std::iter::Iterator,28023,66,34
20,::std::ops,6,::std::ops::RangeFromIter,::std::iter::Iterator,27411,66,34
20,::std::ops,7,::std::ops::RangeFull,::std::cmp::PartialEq,1780,4,2
20,::std::ops,8,::std::ops::RangeFull,::std::cmp::Eq,77,0,0
20,::std::ops,9,::std::ops::RangeFull,::std::cmp::PartialOrd,5052,14,9
20,::std::ops,10,::std::ops::RangeFull,::std::cmp::Ord,2579,8,5
20,::std::ops,11,::std::ops::RangeInclusive,::std::cmp::PartialEq,1767,4,2
20,::std::ops,12,::std::ops::RangeInclusive,::std::cmp::Eq,58,0,0
20,::std::ops,13,::std::ops::RangeInclusive,::std::cmp::PartialOrd,5418,14,9
20,::std::ops,14,::std::ops::RangeInclusive,::std::cmp::Ord,2805,8,5
20,::std::ops,15,::std::ops::RangeInclusiveIter,::std::iter::Iterator,26775,66,34
20,::std::ops,16,::std::ops::RangeInclusiveIter,::std::iter::Iterator,26114,66,34
20,::std::ops,17,::std::ops::RangeInclusiveIter,::std::iter::Iterator,26254,66,34
20,::std::ops,18,::std::ops::RangeInclusiveIter,::std::iter::DoubleEndedIterator,3627,7,4
20,::std::ops,19,::std::ops::RangeInclusiveIter,::std::iter::ExactSizeIterator,837,2,1
20,::std::ops,20,::std::ops::RangeInclusiveIter,::std::iter::DoubleEndedIterator,2688,7,4
20,::std::ops,21,::std::ops::RangeInclusiveIter,::std::iter::ExactSizeIterator,820,2,1
20,::std::ops,22,::std::ops::RangeInclusiveIter,::std::iter::DoubleEndedIterator,2535,7,4
20,::std::ops,23,::std::ops::RangeToInclusive,::std::cmp::PartialEq,1714,4,2
20,::std::ops,24,::std::ops::RangeToInclusive,::std::cmp::Eq,62,0,0
20,::std::ops,25,::std::ops::RangeToInclusive,::std::cmp::PartialOrd,4433,14,9
20,::std::ops,26,::std::ops::RangeToInclusive,::std::cmp::Ord,23092,8,5
20,::std::ops,27,::std::ops::RangeTo,::std::cmp::PartialEq,1840,4,2
20,::std::ops,28,::std::ops::RangeTo,::std::cmp::Eq,77,0,0
20,::std::ops,29,::std::ops::RangeTo,::std::cmp::PartialOrd,5231,14,9
20,::std::ops,30,::std::ops::RangeTo,::std::cmp::Ord,66523,8,5
20,::std::ops,31,::std::ops::Range,::std::cmp::PartialEq,1775,4,2
20,::std::ops,32,::std::ops::Range,::std::cmp::Eq,55,0,0
20,::std::ops,33,::std::ops::Range,::std::cmp::PartialOrd,5483,14,9
20,::std::ops,34,::std::ops::Range,::std::cmp::Ord,3382,8,5
20,::std::ops,35,::std::ops::RangeIter,::std::iter::Iterator,31137,66,34
20,::std::ops,36,::std::ops::RangeIter,::std::iter::Iterator,28543,66,34
20,::std::ops,37,::std::ops::RangeIter,::std::iter::Iterator,28645,66,34
20,::std::ops,38,::std::ops::RangeIter,::std::iter::DoubleEndedIterator,3445,7,4
20,::std::ops,39,::std::ops::RangeIter,::std::iter::ExactSizeIterator,954,2,1
20,::std::ops,40,::std::ops::RangeIter,::std::iter::DoubleEndedIterator,2574,7,4
20,::std::ops,41,::std::ops::RangeIter,::std::iter::ExactSizeIterator,801,2,1
20,::std::ops,42,::std::ops::RangeIter,::std::iter::DoubleEndedIterator,2550,7,4
20,::std::ops,43,::std::ops::ControlFlow,::std::cmp::PartialEq,59826,4,2
20,::std::ops,44,::std::ops::ControlFlow,::std::cmp::Eq,60,0,0
20,::std::ops,45,::std::ops::ControlFlow,::std::clone::Clone,959,2,1
20,::std::ops,46,::std::ops::Function,::std::clone::Clone,901,2,1
21,::std::iter,0,::std::iter::Rev,::std::iter::Iterator,43306,66,34
21,::std::iter,1,::std::iter::Rev,::std::iter::DoubleEndedIterator,3217,7,4
21,::std::iter,2,::std::iter::Rev,::std::iter::ExactSizeIterator,871,2,1
21,::std::iter,3,::std::iter::Chain,::std::iter::Iterator,30233,66,34
21,::std::iter,4,::std::iter::Chain,::std::iter::DoubleEndedIterator,2808,7,4
21,::std::iter,5,::std::iter::Chain,::std::iter::ExactSizeIterator,768,2,1
21,::std::iter,6,::std::iter::Enumerate,::std::iter::Iterator,41879,66,34
21,::std::iter,7,::std::iter::Enumerate,::std::iter::DoubleEndedIterator,2717,7,4
21,::std::iter,8,::std::iter::Enumerate,::std::iter::ExactSizeIterator,805,2,1
21,::std::iter,9,::std::iter::Filter,::std::iter::Iterator,30333,66,34
21,::std::iter,10,::std::iter::Filter,::std::iter::DoubleEndedIterator,2832,7,4
21,::std::iter,11,::std::iter::Map,::std::iter::Iterator,32714,66,34
21,::std::iter,12,::std::iter::Map,::std::iter::DoubleEndedIterator,2643,7,4
21,::std::iter,13,::std::iter::Map,::std::iter::ExactSizeIterator,1635,2,1
21,::std::iter,14,::std::iter::FilterMap,::std::iter::Iterator,41052,67,35
21,::std::iter,15,::std::iter::FilterMap,::std::iter::DoubleEndedIterator,3402,7,4
21,::std::iter,16,::std::iter::FlatMap,::std::iter::Iterator,25888,66,34
21,::std::iter,17,::std::iter::FlatMap,::std::iter::DoubleEndedIterator,12151,7,4
21,::std::iter,18,::std::iter::Peekable,::std::iter::Iterator,25810,66,34
21,::std::iter,19,::std::iter::Peekable,::std::iter::DoubleEndedIterator,2712,7,4
21,::std::iter,20,::std::iter::Peekable,::std::iter::ExactSizeIterator,801,2,1
21,::std::iter,21,::std::iter::Skip,::std::iter::Iterator,30654,66,34
21,::std::iter,22,::std::iter::Skip,::std::iter::DoubleEndedIterator,3789,7,4
21,::std::iter,23,::std::iter::Skip,::std::iter::ExactSizeIterator,921,2,1
21,::std::iter,24,::std::iter::Take,::std::iter::Iterator,34007,66,34
21,::std::iter,25,::std::iter::Take,::std::iter::DoubleEndedIterator,2684,7,4
21,::std::iter,26,::std::iter::Take,::std::iter::ExactSizeIterator,736,2,1
21,::std::iter,27,::std::iter::Empty,::std::iter::Iterator,42006,66,34
21,::std::iter,28,::std::iter::Empty,::std::iter::DoubleEndedIterator,2493,7,4
21,::std::iter,29,::std::iter::Once,::std::iter::Iterator,40824,66,34
21,::std::iter,30,::std::iter::Once,::std::iter::DoubleEndedIterator,2492,7,4
21,::std::ops,0,::std::ops::RangeFrom,::std::cmp::PartialEq,1962,4,2
21,::std::ops,1,::std::ops::RangeFrom,::std::cmp::Eq,94,0,0
21,::std::ops,2,::std::ops::RangeFrom,::std::cmp::PartialOrd,5348,14,9
21,::std::ops,3,::std::ops::RangeFrom,::std::cmp::Ord,2800,8,5
21,::std::ops,4,::std::ops::RangeFromIter,::std::iter::Iterator,69071,66,34
21,::std::ops,5,::std::ops::RangeFromIter,::std::iter::Iterator,27830,66,34
21,::std::ops,6,::std::ops::RangeFromIter,::std::iter::Iterator,26973,66,34
21,::std::ops,7,::std::ops::RangeFull,::std::cmp::PartialEq,1884,4,2
21,::std::ops,8,::std::ops::RangeFull,::std::cmp::Eq,55,0,0
21,::std::ops,9,::std::ops::RangeFull,::std::cmp::PartialOrd,4827,14,9
21,::std::ops,10,::std::ops::RangeFull,::std::cmp::Ord,2619,8,5
21,::std::ops,11,::std::ops::RangeInclusive,::std::cmp::PartialEq,1791,4,2
21,::std::ops,12,::std::ops::RangeInclusive,::std::cmp::Eq,53,0,0
21,::std::ops,13,::std::ops::RangeInclusive,::std::cmp::PartialOrd,6966,14,9
21,::std::ops,14,::std::ops::RangeInclusive,::std::cmp::Ord,2941,8,5
21,::std::ops,15,::std::ops::RangeInclusiveIter,::std::iter::Iterator,26301,66,34
21,::std::ops,16,::std::ops::RangeInclusiveIter,::std::iter::Iterator,25975,66,34
21,::std::ops,17,::std::ops::RangeInclusiveIter,::std::iter::Iterator,25474,66,34
21,::std::ops,18,::std::ops::RangeInclusiveIter,::std::iter::DoubleEndedIterator,3499,7,4
21,::std::ops,19,::std::ops::RangeInclusiveIter,::std::iter::ExactSizeIterator,865,2,1
21,::std::ops,20,::std::ops::RangeInclusiveIter,::std::iter::DoubleEndedIterator,2579,7,4
21,::std::ops,21,::std::ops::RangeInclusiveIter,::std::iter::ExactSizeIterator,791,2,1
21,::std::ops,22,::std::ops::RangeInclusiveIter,::std::iter::DoubleEndedIterator,2549,7,4
21,::std::ops,23,::std::ops::RangeToInclusive,::std::cmp::PartialEq,1723,4,2
21,::std::ops,24,::std::ops::RangeToInclusive,::std::cmp::Eq,61,0,0
21,::std::ops,25,::std::ops::RangeToInclusive,::std::cmp::PartialOrd,4545,14,9
21,::std::ops,26,::std::ops::RangeToInclusive,::std::cmp::Ord,2691,8,5
21,::std::ops,27,::std::ops::RangeTo,::std::cmp::PartialEq,1794,4,2
21,::std::ops,28,::std::ops::RangeTo,::std::cmp::Eq,74,0,0
21,::std::ops,29,::std::ops::RangeTo,::std::cmp::PartialOrd,4954,14,9
21,::std::ops,30,::std::ops::RangeTo,::std::cmp::Ord,67667,8,5
21,::std::ops,31,::std::ops::Range,::std::cmp::PartialEq,1777,4,2
21,::std::ops,32,::std::ops::Range,::std::cmp::Eq,68,0,0
21,::std::ops,33,::std::ops::Range,::std::cmp::PartialOrd,5557,14,9
21,::std::ops,34,::std::ops::Range,::std::cmp::Ord,3511,8,5
21,::std::ops,35,::std::ops::RangeIter,::std::iter::Iterator,32245,66,34
21,::std::ops,36,::std::ops::RangeIter,::std::iter::Iterator,28498,66,34
21,::std::ops,37,::std::ops::RangeIter,::std::iter::Iterator,28292,66,34
21,::std::ops,38,::std::ops::RangeIter,::std::iter::DoubleEndedIterator,3288,7,4
21,::std::ops,39,::std::ops::RangeIter,::std::iter::ExactSizeIterator,961,2,1
21,::std::ops,40,::std::ops::RangeIter,::std::iter::DoubleEndedIterator,2494,7,4
21,::std::ops,41,::std::ops::RangeIter,::std::iter::ExactSizeIterator,777,2,1
21,::std::ops,42,::std::ops::RangeIter,::std::iter::DoubleEndedIterator,2459,7,4
21,::std::ops,43,::std::ops::ControlFlow,::std::cmp::PartialEq,58447,4,2
21,::std::ops,44,::std::ops::ControlFlow,::std::cmp::Eq,64,0,0
21,::std::ops,45,::std::ops::ControlFlow,::std::clone::Clone,992,2,1
21,::std::ops,46,::std::ops::Function,::std::clone::Clone,923,2,1
22,::std::iter,0,::std::iter::Rev,::std::iter::Iterator,43551,66,34
22,::std::iter,1,::std::iter::Rev,::std::iter::DoubleEndedIterator,3276,7,4
22,::std::iter,2,::std::iter::Rev,::std::iter::ExactSizeIterator,848,2,1
22,::std::iter,3,::std::iter::Chain,::std::iter::Iterator,30557,66,34
22,::std::iter,4,::std::iter::Chain,::std::iter::DoubleEndedIterator,2901,7,4
22,::std::iter,5,::std::iter::Chain,::std::iter::ExactSizeIterator,855,2,1
22,::std::iter,6,::std::iter::Enumerate,::std::iter::Iterator,40676,66,34
22,::std::iter,7,::std::iter::Enumerate,::std::iter::DoubleEndedIterator,2738,7,4
22,::std::iter,8,::std::iter::Enumerate,::std::iter::ExactSizeIterator,833,2,1
22,::std::iter,9,::std::iter::Filter,::std::iter::Iterator,34351,66,34
22,::std::iter,10,::std::iter::Filter,::std::iter::DoubleEndedIterator,2796,7,4
22,::std::iter,11,::std::iter::Map,::std::iter::Iterator,34868,66,34
22,::std::iter,12,::std::iter::Map,::std::iter::DoubleEndedIterator,2748,7,4
22,::std::iter,13,::std::iter::Map,::std::iter::ExactSizeIterator,1662,2,1
22,::std::iter,14,::std::iter::FilterMap,::std::iter::Iterator,40907,67,35
22,::std::iter,15,::std::iter::FilterMap,::std::iter::DoubleEndedIterator,3354,7,4
22,::std::iter,16,::std::iter::FlatMap,::std::iter::Iterator,26081,66,34
22,::std::iter,17,::std::iter::FlatMap,::std::iter::DoubleEndedIterator,10658,7,4
22,::std::iter,18,::std::iter::Peekable,::std::iter::Iterator,31037,66,34
22,::std::iter,19,::std::iter::Peekable,::std::iter::DoubleEndedIterator,2708,7,4
22,::std::iter,20,::std::iter::Peekable,::std::iter::ExactSizeIterator,822,2,1
22,::std::iter,21,::std::iter::Skip,::std::iter::Iterator,26662,66,34
22,::std::iter,22,::std::iter::Skip,::std::iter::DoubleEndedIterator,3918,7,4
22,::std::iter,23,::std::iter::Skip,::std::iter::ExactSizeIterator,973,2,1
22,::std::iter,24,::std::iter::Take,::std::iter::Iterator,35626,66,34
22,::std::iter,25,::std::iter::Take,::std::iter::DoubleEndedIterator,2629,7,4
22,::std::iter,26,::std::iter::Take,::std::iter::ExactSizeIterator,740,2,1
22,::std::iter,27,::std::iter::Empty,::std::iter::Iterator,40861,66,34
22,::std::iter,28,::std::iter::Empty,::std::iter::DoubleEndedIterator,2528,7,4
22,::std::iter,29,::std::iter::Once,::std::iter::Iterator,42488,66,34
22,::std::iter,30,::std::iter::Once,::std::iter::DoubleEndedIterator,2470,7,4
22,::std::ops,0,::std::ops::RangeFrom,::std::cmp::PartialEq,1912,4,2
22,::std::ops,1,::std::ops::RangeFrom,::std::cmp::Eq,95,0,0
22,::std::ops,2,::std::ops::RangeFrom,::std::cmp::PartialOrd,5493,14,9
22,::std::ops,3,::std::ops::RangeFrom,::std::cmp::Ord,2970,8,5
22,::std::ops,4,::std::ops::RangeFromIter,::std::iter::Iterator,68923,66,34
22,::std::ops,5,::std::ops::RangeFromIter,::std::iter::Iterator,27832,66,34
22,::std::ops,6,::std::ops::RangeFromIter,::std::iter::Iterator,27100,66,34
22,::std::ops,7,::std::ops::RangeFull,::std::cmp::PartialEq,1838,4,2
22,::std::ops,8,::std::ops::RangeFull,::std::cmp::Eq,76,0,0
22,::std::ops,9,::std::ops::RangeFull,::std::cmp::PartialOrd,4970,14,9
22,::std::ops,10,::std::ops::RangeFull,::std::cmp::Ord,2674,8,5
22,::std::ops,11,::std::ops::RangeInclusive,::std::cmp::PartialEq,1781,4,2
22,::std::ops,12,::std::ops::RangeInclusive,::std::cmp::Eq,58,0,0
22,::std::ops,13,::std::ops::RangeInclusive,::std::cmp::PartialOrd,5386,14,9
22,::std::ops,14,::std::ops::RangeInclusive,::std::cmp::Ord,2763,8,5
22,::std::ops,15,::std::ops::RangeInclusiveIter,::std::iter::Iterator,26499,66,34
22,::std::ops,16,::std::ops::RangeInclusiveIter,::std::iter::Iterator,26108,66,34
22,::std::ops,17,::std::ops::RangeInclusiveIter,::std::iter::Iterator,26205,66,34
22,::std::ops,18,::std::ops::RangeInclusiveIter,::std::iter::DoubleEndedIterator,3624,7,4
22,::std::ops,19,::std::ops::RangeInclusiveIter,::std::iter::ExactSizeIterator,903,2,1
22,::std::ops,20,::std::ops::RangeInclusiveIter,::std::iter::DoubleEndedIterator,2585,7,4
22,::std::ops,21,::std::ops::RangeInclusiveIter,::std::iter::ExactSizeIterator,792,2,1
22,::std::ops,22,::std::ops::RangeInclusiveIter,::std::iter::DoubleEndedIterator,2577,7,4
22,::std::ops,23,::std::ops::RangeToInclusive,::std::cmp::PartialEq,1690,4,2
22,::std::ops,24,::std::ops::RangeToInclusive,::std::cmp::Eq,62,0,0
22,::std::ops,25,::std::ops::RangeToInclusive,::std::cmp::PartialOrd,4321,14,9
22,::std::ops,26,::std::ops::RangeToInclusive,::std::cmp::Ord,2779,8,5
22,::std::ops,27,::std::ops::RangeTo,::std::cmp::PartialEq,1866,4,2
22,::std::ops,28,::std::ops::RangeTo,::std::cmp::Eq,69,0,0
22,::std::ops,29,::std::ops::RangeTo,::std::cmp::PartialOrd,4972,14,9
22,::std::ops,30,::std::ops::RangeTo,::std::cmp::Ord,69789,8,5
22,::std::ops,31,::std::ops::Range,::std::cmp::PartialEq,1785,4,2
22,::std::ops,32,::std::ops::Range,::std::cmp::Eq,52,0,0
22,::std::ops,33,::std::ops::Range,::std::cmp::PartialOrd,5600,14,9
22,::std::ops,34,::std::ops::Range,::std::cmp::Ord,3455,8,5
22,::std::ops,35,::std::ops::RangeIter,::std::iter::Iterator,31096,66,34
22,::std::ops,36,::std::ops::RangeIter,::std::iter::Iterator,28783,66,34
22,::std::ops,37,::std::ops::RangeIter,::std::iter::Iterator,28373,66,34
22,::std::ops,38,::std::ops::RangeIter,::std::iter::DoubleEndedIterator,5030,7,4
22,::std::ops,39,::std::ops::RangeIter,::std::iter::ExactSizeIterator,957,2,1
22,::std::ops,40,::std::ops::RangeIter,::std::iter::DoubleEndedIterator,2573,7,4
22,::std::ops,41,::std::ops::RangeIter,::std::iter::ExactSizeIterator,793,2,1
22,::std::ops,42,::std::ops::RangeIter,::std::iter::DoubleEndedIterator,2589,7,4
22,::std::ops,43,::std::ops::ControlFlow,::std::cmp::PartialEq,58852,4,2
22,::std::ops,44,::std::ops::ControlFlow,::std::cmp::Eq,56,0,0
22,::std::ops,45,::std::ops::ControlFlow,::std::clone::Clone,1022,2,1
22,::std::ops,46,::std::ops::Function,::std::clone::Clone,960,2,1
23,::std::iter,0,::std::iter::Rev,::std::iter::Iterator,42806,66,34
23,::std::iter,1,::std::iter::Rev,::std::iter::DoubleEndedIterator,3283,7,4
23,::std::iter,2,::std::iter::Rev,::std::iter::ExactSizeIterator,844,2,1
23,::std::iter,3,::std::iter::Chain,::std::iter::Iterator,31813,66,34
23,::std::iter,4,::std::iter::Chain,::std::iter::DoubleEndedIterator,2985,7,4
23,::std::iter,5,::std::iter::Chain,::std::iter::ExactSizeIterator,845,2,1
23,::std::iter,6,::std::iter::Enumerate,::std::iter::Iterator,49426,66,34
23,::std::iter,7,::std::iter::Enumerate,::std::iter::DoubleEndedIterator,2951,7,4
23,::std::iter,8,::std::iter::Enumerate,::std::iter::ExactSizeIterator,868,2,1
23,::std::iter,9,::std::iter::Filter,::std::iter::Iterator,30193,66,34
23,::std::iter,10,::std::iter::Filter,::std::iter::DoubleEndedIterator,2785,7,4
23,::std::iter,11,::std::iter::Map,::std::iter::Iterator,61686,66,34
23,::std::iter,12,::std::iter::Map,::std::iter::DoubleEndedIterator,2701,7,4
23,::std::iter,13,::std::iter::Map,::std::iter::ExactSizeIterator,1649,2,1
23,::std::iter,14,::std::iter::FilterMap,::std::iter::Iterator,42741,67,35
23,::std::iter,15,::std::iter::FilterMap,::std::iter::DoubleEndedIterator,3406,7,4
23,::std::iter,16,::std::iter::FlatMap,::std::iter::Iterator,25862,66,34
23,::std::iter,17,::std::iter::FlatMap,::std::iter::DoubleEndedIterator,10728,7,4
23,::std::iter,18,::std::iter::Peekable,::std::iter::Iterator,25851,66,34
23,::std::iter,19,::std::iter::Peekable,::std::iter::DoubleEndedIterator,2666,7,4
23,::std::iter,20,::std::iter::Peekable,::std::iter::ExactSizeIterator,812,2,1
23,::std::iter,21,::std::iter::Skip,::std::iter::Iterator,26357,66,34
23,::std::iter,22,::std::iter::Skip,::std::iter::DoubleEndedIterator,3686,7,4
23,::std::iter,23,::std::iter::Skip,::std::iter::ExactSizeIterator,962,2,1
23,::std::iter,24,::std::iter::Take,::std::iter::Iterator,34594,66,34
23,::std::iter,25,::std::iter::Take,::std::iter::DoubleEndedIterator,2535,7,4
23,::std::iter,26,::std::iter::Take,::std::iter::ExactSizeIterator,711,2,1
23,::std::iter,27,::std::iter::Empty,::std::iter::Iterator,42445,66,34
23,::std::iter,28,::std::iter::Empty,::std::iter::DoubleEndedIterator,2568,7,4
23,::std::iter,29,::std::iter::Once,::std::iter::Iterator,40418,66,34
23,::std::iter,30,::std::iter::Once,::std::iter::DoubleEndedIterator,2406,7,4
23,::std::ops,0,::std::ops::RangeFrom,::std::cmp::PartialEq,2067,4,2
23,::std::ops,1,::std::ops::RangeFrom,::std::cmp::Eq,76,0,0
23,::std::ops,2,::std::ops::RangeFrom,::std::cmp::PartialOrd,5606,14,9
23,::std::ops,3,::std::ops::RangeFrom,::std::cmp::Ord,2880,8,5
23,::std::ops,4,::std::ops::RangeFromIter,::std::iter::Iterator,68895,66,34
23,::std::ops,5,::std::ops::RangeFromIter,::std::iter::Iterator,27359,66,34
23,::std::ops,6,::std::ops::RangeFromIter,::std::iter::Iterator,27541,66,34
23,::std::ops,7,::std::ops::RangeFull,::std::cmp::PartialEq,1815,4,2
23,::std::ops,8,::std::ops::RangeFull,::std::cmp::Eq,50,0,0
23,::std::ops,9,::std::ops::RangeFull,::std::cmp::PartialOrd,4921,14,9
23,::std::ops,10,::std::ops::RangeFull,::std::cmp::Ord,2640,8,5
23,::std::ops,11,::std::ops::RangeInclusive,::std::cmp::PartialEq,1775,4,2
23,::std::ops,12,::std::ops::RangeInclusive,::std::cmp::Eq,56,0,0
23,::std::ops,13,::std::ops::RangeInclusive,::std::cmp::PartialOrd,5326,14,9
23,::std::ops,14,::std::ops::RangeInclusive,::std::cmp::Ord,2747,8,5
23,::std::ops,15,::std::ops::RangeInclusiveIter,::std::iter::Iterator,26041,66,34
23,::std::ops,16,::std::ops::RangeInclusiveIter,::std::iter::Iterator,25768,66,34
23,::std::ops,17,::std::ops::RangeInclusiveIter,::std::iter::Iterator,25534,66,34
23,::std::ops,18,::std::ops::RangeInclusiveIter,::std::iter::DoubleEndedIterator,3581,7,4
23,::std::ops,19,::std::ops::RangeInclusiveIter,::std::iter::ExactSizeIterator,901,2,1
23,::std::ops,20,::std::ops::RangeInclusiveIter,::std::iter::DoubleEndedIterator,2641,7,4
23,::std::ops,21,::std::ops::RangeInclusiveIter,::std::iter::ExactSizeIterator,798,2,1
23,::std::ops,22,::std::ops::RangeInclusiveIter,::std::iter::DoubleEndedIterator,2584,7,4
23,::std::ops,23,::std::ops::RangeToInclusive,::std::cmp::PartialEq,1677,4,2
23,::std::ops,24,::std::ops::RangeToInclusive,::std::cmp::Eq,57,0,0
23,::std::ops,25,::std::ops::RangeToInclusive,::std::cmp::PartialOrd,4440,14,9
23,::std::ops,26,::std::ops::RangeToInclusive,::std::cmp::Ord,2608,8,5
23,::std::ops,27,::std::ops::RangeTo,::std::cmp::PartialEq,1871,4,2
23,::std::ops,28,::std::ops::RangeTo,::std::cmp::Eq,77,0,0
23,::std::ops,29,::std::ops::RangeTo,::std::cmp::PartialOrd,4876,14,9
23,::std::ops,30,::std::ops::RangeTo,::std::cmp::Ord,70935,8,5
23,::std::ops,31,::std::ops::Range,::std::cmp::PartialEq,1855,4,2
23,::std::ops,32,::std::ops::Range,::std::cmp::Eq,72,0,0
23,::std::ops,33,::std::ops::Range,::std::cmp::PartialOrd,5530,14,9
23,::std::ops,34,::std::ops::Range,::std::cmp::Ord,3457,8,5
23,::std::ops,35,::std::ops::RangeIter,::std::iter::Iterator,30571,66,34
23,::std::ops,36,::std::ops::RangeIter,::std::iter::Iterator,28211,66,34
23,::std::ops,37,::std::ops::RangeIter,::std::iter::Iterator,28253,66,34
23,::std::ops,38,::std::ops::RangeIter,::std::iter::DoubleEndedIterator,3390,7,4
23,::std::ops,39,::std::ops::RangeIter,::std::iter::ExactSizeIterator,980,2,1
23,::std::ops,40,::std::ops::RangeIter,::std::iter::DoubleEndedIterator,2451,7,4
23,::std::ops,41,::std::ops::RangeIter,::std::iter::ExactSizeIterator,756,2,1
23,::std::ops,42,::std::ops::RangeIter,::std::iter::DoubleEndedIterator,2504,7,4
23,::std::ops,43,::std::ops::ControlFlow,::std::cmp::PartialEq,63115,4,2
23,::std::ops,44,::std::ops::ControlFlow,::std::cmp::Eq,62,0,0
23,::std::ops,45,::std::ops::ControlFlow,::std::clone::Clone,980,2,1
23,::std::ops,46,::std::ops::Function,::std::clone::Clone,893,2,1
24,::std::iter,0,::std::iter::Rev,::std::iter::Iterator,43125,66,34
24,::std::iter,1,::std::iter::Rev,::std::iter::DoubleEndedIterator,3207,7,4
24,::std::iter,2,::std::iter::Rev,::std::iter::ExactSizeIterator,849,2,1
24,::std::iter,3,::std::iter::Chain,::std::iter::Iterator,29776,66,34
24,::std::iter,4,::std::iter::Chain,::std::iter::DoubleEndedIterator,2835,7,4
24,::std::iter,5,::std::iter::Chain,::std::iter::ExactSizeIterator,830,2,1
24,::std::iter,6,::std::iter::Enumerate,::std::iter::Iterator,42369,66,34
24,::std::iter,7,::std::iter::Enumerate,::std::iter::DoubleEndedIterator,2766,7,4
24,::std::iter,8,::std::iter::Enumerate,::std::iter::ExactSizeIterator,864,2,1
24,::std::iter,9,::std::iter::Filter,::std::iter::Iterator,30115,66,34
24,::std::iter,10,::std::iter::Filter,::std::iter::DoubleEndedIterator,2762,7,4
24,::std::iter,11,::std::iter::Map,::std::iter::Iterator,33399,66,34
24,::std::iter,12,::std::iter::Map,::std::iter::DoubleEndedIterator,2739,7,4
24,::std::iter,13,::std::iter::Map,::std::iter::ExactSizeIterator,1683,2,1
24,::std::iter,14,::std::iter::FilterMap,::std::iter::Iterator,42417,67,35
24,::std::iter,15,::std::iter::FilterMap,::std::iter::DoubleEndedIterator,3619,7,4
24,::std::iter,16,::std::iter::FlatMap,::std::iter::Iterator,26274,66,34
24,::std::iter,17,::std::iter::FlatMap,::std::iter::DoubleEndedIterator,10488,7,4
24,::std::iter,18,::std::iter::Peekable,::std::iter::Iterator,26066,66,34
24,::std::iter,19,::std::iter::Peekable,::std::iter::DoubleEndedIterator,2810,7,4
24,::std::iter,20,::std::iter::Peekable,::std::iter::ExactSizeIterator,815,2,1
24,::std::iter,21,::std::iter::Skip,::std::iter::Iterator,26309,66,34
24,::std::iter,22,::std::iter::Skip,::std::iter::DoubleEndedIterator,3766,7,4
24,::std::iter,23,::std::iter::Skip,::std::iter::ExactSizeIterator,5491,2,1
24,::std::iter,24,::std::iter::Take,::std::iter::Iterator,34095,66,34
24,::std::iter,25,::std::iter::Take,::std::iter::DoubleEndedIterator,2611,7,4
24,::std::iter,26,::std::iter::Take,::std::iter::ExactSizeIterator,735,2,1
24,::std::iter,27,::std::iter::Empty,::std::iter::Iterator,41756,66,34
24,::std::iter,28,::std::iter::Empty,::std::iter::DoubleEndedIterator,2451,7,4
24,::std::iter,29,::std::iter::Once,::std::iter::Iterator,40366,66,34
24,::std::iter,30,::std::iter::Once,::std::iter::DoubleEndedIterator,2558,7,4
24,::std::ops,0,::std::ops::RangeFrom,::std::cmp::PartialEq,1942,4,2
24,::std::ops,1,::std::ops::RangeFrom,::std::cmp::Eq,105,0,0
24,::std::ops,2,::std::ops::RangeFrom,::std::cmp::PartialOrd,5580,14,9
24,::std::ops,3,::std::ops::RangeFrom,::std::cmp::Ord,2879,8,5
24,::std::ops,4,::std::ops::RangeFromIter,::std::iter::Iterator,70309,66,34
24,::std::ops,5,::std::ops::RangeFromIter,::std::iter::Iterator,27498,66,34
24,::std::ops,6,::std::ops::RangeFromIter,::std::iter::Iterator,27753,66,34
24,::std::ops,7,::std::ops::RangeFull,::std::cmp::PartialEq,1852,4,2
24,::std::ops,8,::std::ops::RangeFull,::std::cmp::Eq,84,0,0
24,::std::ops,9,::std::ops::RangeFull,::std::cmp::PartialOrd,4971,14,9
24,::std::ops,10,::std::ops::RangeFull,::std::cmp::Ord,2619,8,5
24,::std::ops,11,::std::ops::RangeInclusive,::std::cmp::PartialEq,1831,4,2
24,::std::ops,12,::std::ops::RangeInclusive,::std::cmp::Eq,57,0,0
24,::std::ops,13,::std::ops::RangeInclusive,::std::cmp::PartialOrd,5309,14,9
24,::std::ops,14,::std::ops::RangeInclusive,::std::cmp::Ord,2895,8,5
24,::std::ops,15,::std::ops::RangeInclusiveIter,::std::iter::Iterator,26325,66,34
24,::std::ops,16,::std::ops::RangeInclusiveIter,::std::iter::Iterator,25781,66,34
24,::std::ops,17,::std::ops::RangeInclusiveIter,::std::iter::Iterator,25625,66,34
24,::std::ops,18,::std::ops::RangeInclusiveIter,::std::iter::DoubleEndedIterator,3611,7,4
24,::std::ops,19,::std::ops::RangeInclusiveIter,::std::iter::ExactSizeIterator,839,2,1
24,::std::ops,20,::std::ops::RangeInclusiveIter,::std::iter::DoubleEndedIterator,2550,7,4
24,::std::ops,21,::std::ops::RangeInclusiveIter,::std::iter::ExactSizeIterator,819,2,1
24,::std::ops,22,::std::ops::RangeInclusiveIter,::std::iter::DoubleEndedIterator,2444,7,4
24,::std::ops,23,::std::ops::RangeToInclusive,::std::cmp::PartialEq,1755,4,2
24,::std::ops,24,::std::ops::RangeToInclusive,::std::cmp::Eq,69,0,0
24,::std::ops,25,::std::ops::RangeToInclusive,::std::cmp::PartialOrd,4390,14,9
24,::std::ops,26,::std::ops::RangeToInclusive,::std::cmp::Ord,6402,8,5
24,::std::ops,27,::std::ops::RangeTo,::std::cmp::PartialEq,1967,4,2
24,::std::ops,28,::std::ops::RangeTo,::std::cmp::Eq,83,0,0
24,::std::ops,29,::std::ops::RangeTo,::std::cmp::PartialOrd,4995,14,9
24,::std::ops,30,::std::ops::RangeTo,::std::cmp::Ord,69810,8,5
24,::std::ops,31,::std::ops::Range,::std::cmp::PartialEq,1863,4,2
24,::std::ops,32,::std::ops::Range,::std::cmp::Eq,59,0,0
24,::std::ops,33,::std::ops::Range,::std::cmp::PartialOrd,5732,14,9
24,::std::ops,34,::std::ops::Range,::std::cmp::Ord,3463,8,5
24,::std::ops,35,::std::ops::RangeIter,::std::iter::Iterator,31195,66,34
24,::std::ops,36,::std::ops::RangeIter,::std::iter::Iterator,28346,66,34
24,::std::ops,37,::std::ops::RangeIter,::std::iter::Iterator,28286,66,34
24,::std::ops,38,::std::ops::RangeIter,::std::iter::DoubleEndedIterator,3410,7,4
24,::std::ops,39,::std::ops::RangeIter,::std::iter::ExactSizeIterator,975,2,1
24,::std::ops,40,::std::ops::RangeIter,::std::iter::DoubleEndedIterator,2568,7,4
24,::std::ops,41,::std::ops::RangeIter,::std::iter::ExactSizeIterator,783,2,1
24,::std::ops,42,::std::ops::RangeIter,::std::iter::DoubleEndedIterator,2511,7,4
24,::std::ops,43,::std::ops::ControlFlow,::std::cmp::PartialEq,60065,4,2
24,::std::ops,44,::std::ops::ControlFlow,::std::cmp::Eq,64,0,0
24,::std::ops,45,::std::ops::ControlFlow,::std::clone::Clone,949,2,1
24,::std::ops,46,::std::ops::Function,::std::clone::Clone,909,2,1
25,::std::iter,0,::std::iter::Rev,::std::iter::Iterator,42594,66,34
25,::std::iter,1,::std::iter::Rev,::std::iter::DoubleEndedIterator,3265,7,4
25,::std::iter,2,::std::iter::Rev,::std::iter::ExactSizeIterator,832,2,1
25,::std::iter,3,::std::iter::Chain,::std::iter::Iterator,29707,66,34
25,::std::iter,4,::std::iter::Chain,::std::iter::DoubleEndedIterator,2955,7,4
25,::std::iter,5,::std::iter::Chain,::std::iter::ExactSizeIterator,781,2,1
25,::std::iter,6,::std::iter::Enumerate,::std::iter::Iterator,42434,66,34
25,::std::iter,7,::std::iter::Enumerate,::std::iter::DoubleEndedIterator,2753,7,4
25,::std::iter,8,::std::iter::Enumerate,::std::iter::ExactSizeIterator,836,2,1
25,::std::iter,9,::std::iter::Filter,::std::iter::Iterator,29890,66,34
25,::std::iter,10,::std::iter::Filter,::std::iter::DoubleEndedIterator,2733,7,4
25,::std::iter,11,::std::iter::Map,::std::iter::Iterator,33005,66,34
25,::std::iter,12,::std::iter::Map,::std::iter::DoubleEndedIterator,7250,7,4
25,::std::iter,13,::std::iter::Map,::std::iter::ExactSizeIterator,1600,2,1
25,::std::iter,14,::std::iter::FilterMap,::std::iter::Iterator,40682,67,35
25,::std::iter,15,::std::iter::FilterMap,::std::iter::DoubleEndedIterator,3359,7,4
25,::std::iter,16,::std::iter::FlatMap,::std::iter::Iterator,26323,66,34
25,::std::iter,17,::std::iter::FlatMap,::std::iter::DoubleEndedIterator,12041,7,4
25,::std::iter,18,::std::iter::Peekable,::std::iter::Iterator,25701,66,34
25,::std::iter,19,::std::iter::Peekable,::std::iter::DoubleEndedIterator,2648,7,4
25,::std::iter,20,::std::iter::Peekable,::std::iter::ExactSizeIterator,801,2,1
25,::std::iter,21,::std::iter::Skip,::std::iter::Iterator,26183,66,34
25,::std::iter,22,::std::iter::Skip,::std::iter::DoubleEndedIterator,3715,7,4
25,::std::iter,23,::std::iter::Skip,::std::iter::ExactSizeIterator,994,2,1
25,::std::iter,24,::std::iter::Take,::std::iter::Iterator,33608,66,34
25,::std::iter,25,::std::iter::Take,::std::iter::DoubleEndedIterator,2608,7,4
25,::std::iter,26,::std::iter::Take,::std::iter::ExactSizeIterator,715,2,1
25,::std::iter,27,::std::iter::Empty,::std::iter::Iterator,40068,66,34
25,::std::iter,28,::std::iter::Empty,::std::iter::DoubleEndedIterator,2484,7,4
25,::std::iter,29,::std::iter::Once,::std::iter::Iterator,41890,66,34
25,::std::iter,30,::std::iter::Once,::std::iter::DoubleEndedIterator,2545,7,4
25,::std::ops,0,::std::ops::RangeFrom,::std::cmp::PartialEq,2024,4,2
25,::std::ops,1,::std::ops::RangeFrom,::std::cmp::Eq,89,0,0
25,::std::ops,2,::std::ops::RangeFrom,::std::cmp::PartialOrd,5445,14,9
25,::std::ops,3,::std::ops::RangeFrom,::std::cmp::Ord,2840,8,5
25,::std::ops,4,::std::ops::RangeFromIter,::std::iter::Iterator,80434,66,34
25,::std::ops,5,::std::ops::RangeFromIter,::std::iter::Iterator,27629,66,34
25,::std::ops,6,::std::ops::RangeFromIter,::std::iter::Iterator,27044,66,34
25,::std::ops,7,::std::ops::RangeFull,::std::cmp::PartialEq,1792,4,2
25,::std::ops,8,::std::ops::RangeFull,::std::cmp::Eq,80,0,0
25,::std::ops,9,::std::ops::RangeFull,::std::cmp::PartialOrd,4983,14,9
25,::std::ops,10,::std::ops::RangeFull,::std::cmp::Ord,2686,8,5
25,::std::ops,11,::std::ops::RangeInclusive,::std::cmp::PartialEq,1824,4,2
25,::std::ops,12,::std::ops::RangeInclusive,::std::cmp::Eq,59,0,0
25,::std::ops,13,::std::ops::RangeInclusive,::std::cmp::PartialOrd,5438,14,9
25,::std::ops,14,::std::ops::RangeInclusive,::std::cmp::Ord,2892,8,5
25,::std::ops,15,::std::ops::RangeInclusiveIter,::std::iter::Iterator,28146,66,34
25,::std::ops,16,::std::ops::RangeInclusiveIter,::std::iter::Iterator,25952,66,34
25,::std::ops,17,::std::ops::RangeInclusiveIter,::std::iter::Iterator,25378,66,34
25,::std::ops,18,::std::ops::RangeInclusiveIter,::std::iter::DoubleEndedIterator,3531,7,4
25,::std::ops,19,::std::ops::RangeInclusiveIter,::std::iter::ExactSizeIterator,823,2,1
25,::std::ops,20,::std::ops::RangeInclusiveIter,::std::iter::DoubleEndedIterator,2667,7,4
25,::std::ops,21,::std::ops::RangeInclusiveIter,::std::iter::ExactSizeIterator,805,2,1
25,::std::ops,22,::std::ops::RangeInclusiveIter,::std::iter::DoubleEndedIterator,2591,7,4
25,::std::ops,23,::std::ops::RangeToInclusive,::std::cmp::PartialEq,1817,4,2
25,::std::ops,24,::std::ops::RangeToInclusive,::std::cmp::Eq,70,0,0
25,::std::ops,25,::std::ops::RangeToInclusive,::std::cmp::PartialOrd,4707,14,9
25,::std::ops,26,::std::ops::RangeToInclusive,::std::cmp::Ord,2774,8,5
25,::std::ops,27,::std::ops::RangeTo,::std::cmp::PartialEq,1910,4,2
25,::std::ops,28,::std::ops::RangeTo,::std::cmp::Eq,66,0,0
25,::std::ops,29,::std::ops::RangeTo,::std::cmp::PartialOrd,5189,14,9
25,::std::ops,30,::std::ops::RangeTo,::std::cmp::Ord,67582,8,5
25,::std::ops,31,::std::ops::Range,::std::cmp::PartialEq,1845,4,2
25,::std::ops,32,::std::ops::Range,::std::cmp::Eq,61,0,0
25,::std::ops,33,::std::ops::Range,::std::cmp::PartialOrd,5616,14,9
25,::std::ops,34,::std::ops::Range,::std::cmp::Ord,3405,8,5
25,::std::ops,35,::std::ops::RangeIter,::std::iter::Iterator,32260,66,34
25,::std::ops,36,::std::ops::RangeIter,::std::iter::Iterator,28373,66,34
25,::std::ops,37,::std::ops::RangeIter,::std::iter::Iterator,28190,66,34
25,::std::ops,38,::std::ops::RangeIter,::std::iter::DoubleEndedIterator,3438,7,4
25,::std::ops,39,::std::ops::RangeIter,::std::iter::ExactSizeIterator,893,2,1
25,::std::ops,40,::std::ops::RangeIter,::std::iter::DoubleEndedIterator,2559,7,4
25,::std::ops,41,::std::ops::RangeIter,::std::iter::ExactSizeIterator,807,2,1
25,::std::ops,42,::std::ops::RangeIter,::std::iter::DoubleEndedIterator,2576,7,4
25,::std::ops,43,::std::ops::ControlFlow,::std::cmp::PartialEq,58457,4,2
25,::std::ops,44,::std::ops::ControlFlow,::std::cmp::Eq,63,0,0
25,::std::ops,45,::std::ops::ControlFlow,::std::clone::Clone,946,2,1
25,::std::ops,46,::std::ops::Function,::std::clone::Clone,942,2,1
26,::std::iter,0,::std::iter::Rev,::std::iter::Iterator,42847,66,34
26,::std::iter,1,::std::iter::Rev,::std::iter::DoubleEndedIterator,3144,7,4
26,::std::iter,2,::std::iter::Rev,::std::iter::ExactSizeIterator,911,2,1
26,::std::iter,3,::std::iter::Chain,::std::iter::Iterator,30351,66,34
26,::std::iter,4,::std::iter::Chain,::std::iter::DoubleEndedIterator,2963,7,4
26,::std::iter,5,::std::iter::Chain,::std::iter::ExactSizeIterator,769,2,1
26,::std::iter,6,::std::iter::Enumerate,::std::iter::Iterator,40457,66,34
26,::std::iter,7,::std::iter::Enumerate,::std::iter::DoubleEndedIterator,2809,7,4
26,::std::iter,8,::std::iter::Enumerate,::std::iter::ExactSizeIterator,824,2,1
26,::std::iter,9,::std::iter::Filter,::std::iter::Iterator,30457,66,34
26,::std::iter,10,::std::iter::Filter,::std::iter::DoubleEndedIterator,2830,7,4
26,::std::iter,11,::std::iter::Map,::std::iter::Iterator,34765,66,34
26,::std::iter,12,::std::iter::Map,::std::iter::DoubleEndedIterator,2773,7,4
26,::std::iter,13,::std::iter::Map,::std::iter::ExactSizeIterator,1594,2,1
26,::std::iter,14,::std::iter::FilterMap,::std::iter::Iterator,40851,67,35
26,::std::iter,15,::std::iter::FilterMap,::std::iter::DoubleEndedIterator,3360,7,4
26,::std::iter,16,::std::iter::FlatMap,::std::iter::Iterator,26387,66,34
26,::std::iter,17,::std::iter::FlatMap,::std::iter::DoubleEndedIterator,10604,7,4
26,::std::iter,18,::std::iter::Peekable,::std::iter::Iterator,26273,66,34
26,::std::iter,19,::std::iter::Peekable,::std::iter::DoubleEndedIterator,2688,7,4
26,::std::iter,20,::std::iter::Peekable,::std::iter::ExactSizeIterator,815,2,1
26,::std::iter,21,::std::iter::Skip,::std::iter::Iterator,31224,66,34
26,::std::iter,22,::std::iter::Skip,::std::iter::DoubleEndedIterator,3749,7,4
26,::std::iter,23,::std::iter::Skip,::std::iter::ExactSizeIterator,1002,2,1
26,::std::iter,24,::std::iter::Take,::std::iter::Iterator,35730,66,34
26,::std::iter,25,::std::iter::Take,::std::iter::DoubleEndedIterator,2561,7,4
26,::std::iter,26,::std::iter::Take,::std::iter::ExactSizeIterator,722,2,1
26,::std::iter,27,::std::iter::Empty,::std::iter::Iterator,40852,66,34
26,::std::iter,28,::std::iter::Empty,::std::iter::DoubleEndedIterator,2501,7,4
26,::std::iter,29,::std::iter::Once,::std::iter::Iterator,42099,66,34
26,::std::iter,30,::std::iter::Once,::std::iter::DoubleEndedIterator,2326,7,4
26,::std::ops,0,::std::ops::RangeFrom,::std::cmp::PartialEq,1930,4,2
26,::std::ops,1,::std::ops::RangeFrom,::std::cmp::Eq,106,0,0
26,::std::ops,2,::std::ops::RangeFrom,::std::cmp::PartialOrd,5552,14,9
26,::std::ops,3,::std::ops::RangeFrom,::std::cmp::Ord,2727,8,5
26,::std::ops,4,::std::ops::RangeFromIter,::std::iter::Iterator,69256,66,34
26,::std::ops,5,::std::ops::RangeFromIter,::std::iter::Iterator,27993,66,34
26,::std::ops,6,::std::ops::RangeFromIter,::std::iter::Iterator,27472,66,34
26,::std::ops,7,::std::ops::RangeFull,::std::cmp::PartialEq,1866,4,2
26,::std::ops,8,::std::ops::RangeFull,::std::cmp::Eq,59,0,0
26,::std::ops,9,::std::ops::RangeFull,::std::cmp::PartialOrd,4978,14,9
26,::std::ops,10,::std::ops::RangeFull,::std::cmp::Ord,2679,8,5
26,::std::ops,11,::std::ops::RangeInclusive,::std::cmp::PartialEq,1849,4,2
26,::std::ops,12,::std::ops::RangeInclusive,::std::cmp::Eq,54,0,0
26,::std::ops,13,::std::ops::RangeInclusive,::std::cmp::PartialOrd,5515,14,9
26,::std::ops,14,::std::ops::RangeInclusive,::std::cmp::Ord,2819,8,5
26,::std::ops,15,::std::ops::RangeInclusiveIter,::std::iter::Iterator,26205,66,34
26,::std::ops,16,::std::ops::RangeInclusiveIter,::std::iter::Iterator,26532,66,34
26,::std::ops,17,::std::ops::RangeInclusiveIter,::std::iter::Iterator,25432,66,34
26,::std::ops,18,::std::ops::RangeInclusiveIter,::std::iter::DoubleEndedIterator,3533,7,4
26,::std::ops,19,::std::ops::RangeInclusiveIter,::std::iter::ExactSizeIterator,900,2,1
26,::std::ops,20,::std::ops::RangeInclusiveIter,::std::iter::DoubleEndedIterator,2649,7,4
26,::std::ops,21,::std::ops::RangeInclusiveIter,::std::iter::ExactSizeIterator,821,2,1
26,::std::ops,22,::std::ops::RangeInclusiveIter,::std::iter::DoubleEndedIterator,2605,7,4
26,::std::ops,23,::std::ops::RangeToInclusive,::std::cmp::PartialEq,1726,4,2
26,::std::ops,24,::std::ops::RangeToInclusive,::std::cmp::Eq,60,0,0
26,::std::ops,25,::std::ops::RangeToInclusive,::std::cmp::PartialOrd,4436,14,9
26,::std::ops,26,::std::ops::RangeToInclusive,::std::cmp::Ord,2661,8,5
26,::std::ops,27,::std::ops::RangeTo,::std::cmp::PartialEq,1860,4,2
26,::std::ops,28,::std::ops::RangeTo,::std::cmp::Eq,72,0,0
26,::std::ops,29,::std::ops::RangeTo,::std::cmp::PartialOrd,4818,14,9
26,::std::ops,30,::std::ops::RangeTo,::std::cmp::Ord,70949,8,5
26,::std::ops,31,::std::ops::Range,::std::cmp::PartialEq,1873,4,2
26,::std::ops,32,::std::ops::Range,::std::cmp::Eq,60,0,0
26,::std::ops,33,::std::ops::Range,::std::cmp::PartialOrd,5695,14,9
26,::std::ops,34,::std::ops::Range,::std::cmp::Ord,3451,8,5
26,::std::ops,35,::std::ops::RangeIter,::std::iter::Iterator,30768,66,34
26,::std::ops,36,::std::ops::RangeIter,::std::iter::Iterator,28636,66,34
26,::std::ops,37,::std::ops::RangeIter,::std::iter::Iterator,28630,66,34
26,::std::ops,38,::std::ops::RangeIter,::std::iter::DoubleEndedIterator,4992,7,4
26,::std::ops,39,::std::ops::RangeIter,::std::iter::ExactSizeIterator,957,2,1
26,::std::ops,40,::std::ops::RangeIter,::std::iter::DoubleEndedIterator,2606,7,4
26,::std::ops,41,::std::ops::RangeIter,::std::iter::ExactSizeIterator,816,2,1
26,::std::ops,42,::std::ops::RangeIter,::std::iter::DoubleEndedIterator,2416,7,4
26,::std::ops,43,::std::ops::ControlFlow,::std::cmp::PartialEq,58753,4,2
26,::std::ops,44,::std::ops::ControlFlow,::std::cmp::Eq,76,0,0
26,::std::ops,45,::std::ops::ControlFlow,::std::clone::Clone,958,2,1
26,::std::ops,46,::std::ops::Function,::std::clone::Clone,941,2,1
27,::std::iter,0,::std::iter::Rev,::std::iter::Iterator,44364,66,34
27,::std::iter,1,::std::iter::Rev,::std::iter::DoubleEndedIterator,3081,7,4
27,::std::iter,2,::std::iter::Rev,::std::iter::ExactSizeIterator,844,2,1
27,::std::iter,3,::std::iter::Chain,::std::iter::Iterator,29839,66,34
27,::std::iter,4,::std::iter::Chain,::std::iter::DoubleEndedIterator,2785,7,4
27,::std::iter,5,::std::iter::Chain,::std::iter::ExactSizeIterator,801,2,1
27,::std::iter,6,::std::iter::Enumerate,::std::iter::Iterator,40499,66,34
27,::std::iter,7,::std::iter::Enumerate,::std::iter::DoubleEndedIterator,2689,7,4
27,::std::iter,8,::std::iter::Enumerate,::std::iter::ExactSizeIterator,809,2,1
27,::std::iter,9,::std::iter::Filter,::std::iter::Iterator,29662,66,34
27,::std::iter,10,::std::iter::Filter,::std::iter::DoubleEndedIterator,2792,7,4
27,::std::iter,11,::std::iter::Map,::std::iter::Iterator,39132,66,34
27,::std::iter,12,::std::iter::Map,::std::iter::DoubleEndedIterator,2641,7,4
27,::std::iter,13,::std::iter::Map,::std::iter::ExactSizeIterator,1689,2,1
27,::std::iter,14,::std::iter::FilterMap,::std::iter::Iterator,40495,67,35
27,::std::iter,15,::std::iter::FilterMap,::std::iter::DoubleEndedIterator,3233,7,4
27,::std::iter,16,::std::iter::FlatMap,::std::iter::Iterator,25971,66,34
27,::std::iter,17,::std::iter::FlatMap,::std::iter::DoubleEndedIterator,10493,7,4
27,::std::iter,18,::std::iter::Peekable,::std::iter::Iterator,25690,66,34
27,::std::iter,19,::std::iter::Peekable,::std::iter::DoubleEndedIterator,2660,7,4
27,::std::iter,20,::std::iter::Peekable,::std::iter::ExactSizeIterator,817,2,1
27,::std::iter,21,::std::iter::Skip,::std::iter::Iterator,26143,66,34
27,::std::iter,22,::std::iter::Skip,::std::iter::DoubleEndedIterator,3722,7,4
27,::std::iter,23,::std::iter::Skip,::std::iter::ExactSizeIterator,990,2,1
27,::std::iter,24,::std::iter::Take,::std::iter::Iterator,35070,66,34
27,::std::iter,25,::std::iter::Take,::std::iter::DoubleEndedIterator,2551,7,4
27,::std::iter,26,::std::iter::Take,::std::iter::ExactSizeIterator,770,2,1
27,::std::iter,27,::std::iter::Empty,::std::iter::Iterator,40709,66,34
27,::std::iter,28,::std::iter::Empty,::std::iter::DoubleEndedIterator,2480,7,4
27,::std::iter,29,::std::iter::Once,::std::iter::Iterator,41710,66,34
27,::std::iter,30,::std::iter::Once,::std::iter::DoubleEndedIterator,2394,7,4
27,::std::ops,0,::std::ops::RangeFrom,::std::cmp::PartialEq,1935,4,2
27,::std::ops,1,::std::ops::RangeFrom,::std::cmp::Eq,87,0,0
27,::std::ops,2,::std::ops::RangeFrom,::std::cmp::PartialOrd,5801,14,9
27,::std::ops,3,::std::ops::RangeFrom,::std::cmp::Ord,2930,8,5
27,::std::ops,4,::std::ops::RangeFromIter,::std::iter::Iterator,70245,66,34
27,::std::ops,5,::std::ops::RangeFromIter,::std::iter::Iterator,28503,66,34
27,::std::ops,6,::std::ops::RangeFromIter,::std::iter::Iterator,27551,66,34
27,::std::ops,7,::std::ops::RangeFull,::std::cmp::PartialEq,1875,4,2
27,::std::ops,8,::std::ops::RangeFull,::std::cmp::Eq,75,0,0
27,::std::ops,9,::std::ops::RangeFull,::std::cmp::PartialOrd,5131,14,9
27,::std::ops,10,::std::ops::RangeFull,::std::cmp::Ord,2677,8,5
27,::std::ops,11,::std::ops::RangeInclusive,::std::cmp::PartialEq,1805,4,2
27,::std::ops,12,::std::ops::RangeInclusive,::std::cmp::Eq,82,0,0
27,::std::ops,13,::std::ops::RangeInclusive,::std::cmp::PartialOrd,5479,14,9
27,::std::ops,14,::std::ops::RangeInclusive,::std::cmp::Ord,3085,8,5
27,::std::ops,15,::std::ops::RangeInclusiveIter,::std::iter::Iterator,26295,66,34
27,::std::ops,16,::std::ops::RangeInclusiveIter,::std::iter::Iterator,25911,66,34
27,::std::ops,17,::std::ops::RangeInclusiveIter,::std::iter::Iterator,25417,66,34
27,::std::ops,18,::std::ops::RangeInclusiveIter,::std::iter::DoubleEndedIterator,3508,7,4
27,::std::ops,19,::std::ops::RangeInclusiveIter,::std::iter::ExactSizeIterator,901,2,1
27,::std::ops,20,::std::ops::RangeInclusiveIter,::std::iter::DoubleEndedIterator,2667,7,4
27,::std::ops,21,::std::ops::RangeInclusiveIter,::std::iter::ExactSizeIterator,823,2,1
27,::std::ops,22,::std::ops::RangeInclusiveIter,::std::iter::DoubleEndedIterator,2575,7,4
27,::std::ops,23,::std::ops::RangeToInclusive,::std::cmp::PartialEq,1654,4,2
27,::std::ops,24,::std::ops::RangeToInclusive,::std::cmp::Eq,53,0,0
27,::std::ops,25,::std::ops::RangeToInclusive,::std::cmp::PartialOrd,4531,14,9
27,::std::ops,26,::std::ops::RangeToInclusive,::std::cmp::Ord,2868,8,5
27,::std::ops,27,::std::ops::RangeTo,::std::cmp::PartialEq,1855,4,2
27,::std::ops,28,::std::ops::RangeTo,::std::cmp::Eq,69,0,0
27,::std::ops,29,::std::ops::RangeTo,::std::cmp::PartialOrd,4979,14,9
27,::std::ops,30,::std::ops::RangeTo,::std::cmp::Ord,69443,8,5
27,::std::ops,31,::std::ops::Range,::std::cmp::PartialEq,1876,4,2
27,::std::ops,32,::std::ops::Range,::std::cmp::Eq,87,0,0
27,::std::ops,33,::std::ops::Range,::std::cmp::PartialOrd,5461,14,9
27,::std::ops,34,::std::ops::Range,::std::cmp::Ord,3338,8,5
27,::std::ops,35,::std::ops::RangeIter,::std::iter::Iterator,30984,66,34
27,::std::ops,36,::std::ops::RangeIter,::std::iter::Iterator,28515,66,34
27,::std::ops,37,::std::ops::RangeIter,::std::iter::Iterator,28508,66,34
27,::std::ops,38,::std::ops::RangeIter,::std::iter::DoubleEndedIterator,3375,7,4
27,::std::ops,39,::std::ops::RangeIter,::std::iter::ExactSizeIterator,990,2,1
27,::std::ops,40,::std::ops::RangeIter,::std::iter::DoubleEndedIterator,2522,7,4
27,::std::ops,41,::std::ops::RangeIter,::std::iter::ExactSizeIterator,780,2,1
27,::std::ops,42,::std::ops::RangeIter,::std::iter::DoubleEndedIterator,2608,7,4
27,::std::ops,43,::std::ops::ControlFlow,::std::cmp::PartialEq,59656,4,2
27,::std::ops,44,::std::ops::ControlFlow,::std::cmp::Eq,66,0,0
27,::std::ops,45,::std::ops::ControlFlow,::std::clone::Clone,987,2,1
27,::std::ops,46,::std::ops::Function,::std::clone::Clone,983,2,1
28,::std::iter,0,::std::iter::Rev,::std::iter::Iterator,43281,66,34
28,::std::iter,1,::std::iter::Rev,::std::iter::DoubleEndedIterator,3177,7,4
28,::std::iter,2,::std::iter::Rev,::std::iter::ExactSizeIterator,844,2,1
28,::std::iter,3,::std::iter::Chain,::std::iter::Iterator,31722,66,34
28,::std::iter,4,::std::iter::Chain,::std::iter::DoubleEndedIterator,2823,7,4
28,::std::iter,5,::std::iter::Chain,::std::iter::ExactSizeIterator,807,2,1
28,::std::iter,6,::std::iter::Enumerate,::std::iter::Iterator,40166,66,34
28,::std::iter,7,::std::iter::Enumerate,::std::iter::DoubleEndedIterator,2735,7,4
28,::std::iter,8,::std::iter::Enumerate,::std::iter::ExactSizeIterator,832,2,1
28,::std::iter,9,::std::iter::Filter,::std::iter::Iterator,29824,66,34
28,::std::iter,10,::std::iter::Filter,::std::iter::DoubleEndedIterator,2737,7,4
28,::std::iter,11,::std::iter::Map,::std::iter::Iterator,32907,66,34
28,::std::iter,12,::std::iter::Map,::std::iter::DoubleEndedIterator,2645,7,4
28,::std::iter,13,::std::iter::Map,::std::iter::ExactSizeIterator,1650,2,1
28,::std::iter,14,::std::iter::FilterMap,::std::iter::Iterator,41990,67,35
28,::std::iter,15,::std::iter::FilterMap,::std::iter::DoubleEndedIterator,3319,7,4
28,::std::iter,16,::std::iter::FlatMap,::std::iter::Iterator,26148,66,34
28,::std::iter,17,::std::iter::FlatMap,::std::iter::DoubleEndedIterator,10636,7,4
28,::std::iter,18,::std::iter::Peekable,::std::iter::Iterator,25943,66,34
28,::std::iter,19,::std::iter::Peekable,::std::iter::DoubleEndedIterator,2681,7,4
28,::std::iter,20,::std::iter::Peekable,::std::iter::ExactSizeIterator,803,2,1
28,::std::iter,21,::std::iter::Skip,::std::iter::Iterator,33473,66,34
28,::std::iter,22,::std::iter::Skip,::std::iter::DoubleEndedIterator,3918,7,4
28,::std::iter,23,::std::iter::Skip,::std::iter::ExactSizeIterator,1002,2,1
28,::std::iter,24,::std::iter::Take,::std::iter::Iterator,34571,66,34
28,::std::iter,25,::std::iter::Take,::std::iter::DoubleEndedIterator,7153,7,4
28,::std::iter,26,::std::iter::Take,::std::iter::ExactSizeIterator,757,2,1
28,::std::iter,27,::std::iter::Empty,::std::iter::Iterator,42263,66,34
28,::std::iter,28,::std::iter::Empty,::std::iter::DoubleEndedIterator,2653,7,4
28,::std::iter,29,::std::iter::Once,::std::iter::Iterator,40928,66,34
28,::std::iter,30,::std::iter::Once,::std::iter::DoubleEndedIterator,2438,7,4
28,::std::ops,0,::std::ops::RangeFrom,::std::cmp::PartialEq,1881,4,2
28,::std::ops,1,::std::ops::RangeFrom,::std::cmp::Eq,79,0,0
28,::std::ops,2,::std::ops::RangeFrom,::std::cmp::PartialOrd,5494,14,9
28,::std::ops,3,::std::ops::RangeFrom,::std::cmp::Ord,2846,8,5
28,::std::ops,4,::std::ops::RangeFromIter,::std::iter::Iterator,70076,66,34
28,::std::ops,5,::std::ops::RangeFromIter,::std::iter::Iterator,28060,66,34
28,::std::ops,6,::std::ops::RangeFromIter,::std::iter::Iterator,27457,66,34
28,::std::ops,7,::std::ops::RangeFull,::std::cmp::PartialEq,1781,4,2
28,::std::ops,8,::std::ops::RangeFull,::std::cmp::Eq,55,0,0
28,::std::ops,9,::std::ops::RangeFull,::std::cmp::PartialOrd,4883,14,9
28,::std::ops,10,::std::ops::RangeFull,::std::cmp::Ord,2664,8,5
28,::std::ops,11,::std::ops::RangeInclusive,::std::cmp::PartialEq,1790,4,2
28,::std::ops,12,::std::ops::RangeInclusive,::std::cmp::Eq,57,0,0
28,::std::ops,13,::std::ops::RangeInclusive,::std::cmp::PartialOrd,5307,14,9
28,::std::ops,14,::std::ops::RangeInclusive,::std::cmp::Ord,2833,8,5
28,::std::ops,15,::std::ops::RangeInclusiveIter,::std::iter::Iterator,26721,66,34
28,::std::ops,16,::std::ops::RangeInclusiveIter,::std::iter::Iterator,26033,66,34
28,::std::ops,17,::std::ops::RangeInclusiveIter,::std::iter::Iterator,26288,66,34
28,::std::ops,18,::std::ops::RangeInclusiveIter,::std::iter::DoubleEndedIterator,3683,7,4
28,::std::ops,19,::std::ops::RangeInclusiveIter,::std::iter::ExactSizeIterator,833,2,1
28,::std::ops,20,::std::ops::RangeInclusiveIter,::std::iter::DoubleEndedIterator,2603,7,4
28,::std::ops,21,::std::ops::RangeInclusiveIter,::std::iter::ExactSizeIterator,817,2,1
28,::std::ops,22,::std::ops::RangeInclusiveIter,::std::iter::DoubleEndedIterator,2546,7,4
28,::std::ops,23,::std::ops::RangeToInclusive,::std::cmp::PartialEq,1769,4,2
28,::std::ops,24,::std::ops::RangeToInclusive,::std::cmp::Eq,78,0,0
28,::std::ops,25,::std::ops::RangeToInclusive,::std::cmp::PartialOrd,4443,14,9
28,::std::ops,26,::std::ops::RangeToInclusive,::std::cmp::Ord,2886,8,5
28,::std::ops,27,::std::ops::RangeTo,::std::cmp::PartialEq,1822,4,2
28,::std::ops,28,::std::ops::RangeTo,::std::cmp::Eq,74,0,0
28,::std::ops,29,::std::ops::RangeTo,::std::cmp::PartialOrd,4868,14,9
28,::std::ops,30,::std::ops::RangeTo,::std::cmp::Ord,70294,8,5
28,::std::ops,31,::std::ops::Range,::std::cmp::PartialEq,1797,4,2
28,::std::ops,32,::std::ops::Range,::std::cmp::Eq,57,0,0
28,::std::ops,33,::std::ops::Range,::std::cmp::PartialOrd,5626,14,9
28,::std::ops,34,::std::ops::Range,::std::cmp::Ord,3434,8,5
28,::std::ops,35,::std::ops::RangeIter,::std::iter::Iterator,31198,66,34
28,::std::ops,36,::std::ops::RangeIter,::std::iter::Iterator,28591,66,34
28,::std::ops,37,::std::ops::RangeIter,::std::iter::Iterator,28670,66,34
28,::std::ops,38,::std::ops::RangeIter,::std::iter::DoubleEndedIterator,3459,7,4
28,::std::ops,39,::std::ops::RangeIter,::std::iter::ExactSizeIterator,946,2,1
28,::std::ops,40,::std::ops::RangeIter,::std::iter::DoubleEndedIterator,2556,7,4
28,::std::ops,41,::std::ops::RangeIter,::std::iter::ExactSizeIterator,757,2,1
28,::std::ops,42,::std::ops::RangeIter,::std::iter::DoubleEndedIterator,2486,7,4
28,::std::ops,43,::std::ops::ControlFlow,::std::cmp::PartialEq,59607,4,2
28,::std::ops,44,::std::ops::ControlFlow,::std::cmp::Eq,62,0,0
28,::std::ops,45,::std::ops::ControlFlow,::std::clone::Clone,999,2,1
28,::std::ops,46,::std::ops::Function,::std::clone::Clone,913,2,1
29,::std::iter,0,::std::iter::Rev,::std::iter::Iterator,44241,66,34
29,::std::iter,1,::std::iter::Rev,::std::iter::DoubleEndedIterator,3155,7,4
29,::std::iter,2,::std::iter::Rev,::std::iter::ExactSizeIterator,885,2,1
29,::std::iter,3,::std::iter::Chain,::std::iter::Iterator,30126,66,34
29,::std::iter,4,::std::iter::Chain,::std::iter::DoubleEndedIterator,2784,7,4
29,::std::iter,5,::std::iter::Chain,::std::iter::ExactSizeIterator,791,2,1
29,::std::iter,6,::std::iter::Enumerate,::std::iter::Iterator,42570,66,34
29,::std::iter,7,::std::iter::Enumerate,::std::iter::DoubleEndedIterator,2768,7,4
29,::std::iter,8,::std::iter::Enumerate,::std::iter::ExactSizeIterator,832,2,1
29,::std::iter,9,::std::iter::Filter,::std::iter::Iterator,29923,66,34
29,::std::iter,10,::std::iter::Filter,::std::iter::DoubleEndedIterator,2795,7,4
29,::std::iter,11,::std::iter::Map,::std::iter::Iterator,32840,66,34
29,::std::iter,12,::std::iter::Map,::std::iter::DoubleEndedIterator,2659,7,4
29,::std::iter,13,::std::iter::Map,::std::iter::ExactSizeIterator,1629,2,1
29,::std::iter,14,::std::iter::FilterMap,::std::iter::Iterator,42276,67,35
29,::std::iter,15,::std::iter::FilterMap,::std::iter::DoubleEndedIterator,3411,7,4
29,::std::iter,16,::std::iter::FlatMap,::std::iter::Iterator,26436,66,34
29,::std::iter,17,::std::iter::FlatMap,::std::iter::DoubleEndedIterator,10640,7,4
29,::std::iter,18,::std::iter::Peekable,::std::iter::Iterator,25732,66,34
29,::std::iter,19,::std::iter::Peekable,::std::iter::DoubleEndedIterator,2711,7,4
29,::std::iter,20,::std::iter::Peekable,::std::iter::ExactSizeIterator,830,2,1
29,::std::iter,21,::std::iter::Skip,::std::iter::Iterator,26798,66,34
29,::std::iter,22,::std::iter::Skip,::std::iter::DoubleEndedIterator,3687,7,4
29,::std::iter,23,::std::iter::Skip,::std::iter::ExactSizeIterator,1003,2,1
29,::std::iter,24,::std::iter::Take,::std::iter::Iterator,34105,66,34
29,::std::iter,25,::std::iter::Take,::std::iter::DoubleEndedIterator,2601,7,4
29,::std::iter,26,::std::iter::Take,::std::iter::ExactSizeIterator,746,2,1
29,::std::iter,27,::std::iter::Empty,::std::iter::Iterator,42458,66,34
29,::std::iter,28,::std::iter::Empty,::std::iter::DoubleEndedIterator,2624,7,4
29,::std::iter,29,::std::iter::Once,::std::iter::Iterator,40642,66,34
29,::std::iter,30,::std::iter::Once,::std::iter::DoubleEndedIterator,2437,7,4
29,::std::ops,0,::std::ops::RangeFrom,::std::cmp::PartialEq,1918,4,2
29,::std::ops,1,::std::ops::RangeFrom,::std::cmp::Eq,90,0,0
29,::std::ops,2,::std::ops::RangeFrom,::std::cmp::PartialOrd,5489,14,9
29,::std::ops,3,::std::ops::RangeFrom,::std::cmp::Ord,2940,8,5
29,::std::ops,4,::std::ops::RangeFromIter,::std::iter::Iterator,70962,66,34
29,::std::ops,5,::std::ops::RangeFromIter,::std::iter::Iterator,28023,66,34
29,::std::ops,6,::std::ops::RangeFromIter,::std::iter::Iterator,34879,66,34
29,::std::ops,7,::std::ops::RangeFull,::std::cmp::PartialEq,1939,4,2
29,::std::ops,8,::std::ops::RangeFull,::std::cmp::Eq,62,0,0
29,::std::ops,9,::std::ops::RangeFull,::std::cmp::PartialOrd,4952,14,9
29,::std::ops,10,::std::ops::RangeFull,::std::cmp::Ord,2653,8,5
29,::std::ops,11,::std::ops::RangeInclusive,::std::cmp::PartialEq,1721,4,2
29,::std::ops,12,::std::ops::RangeInclusive,::std::cmp::Eq,56,0,0
29,::std::ops,13,::std::ops::RangeInclusive,::std::cmp::PartialOrd,5336,14,9
29,::std::ops,14,::std::ops::RangeInclusive,::std::cmp::Ord,2982,8,5
29,::std::ops,15,::std::ops::RangeInclusiveIter,::std::iter::Iterator,26817,66,34
29,::std::ops,16,::std::ops::RangeInclusiveIter,::std::iter::Iterator,25802,66,34
29,::std::ops,17,::std::ops::RangeInclusiveIter,::std::iter::Iterator,26425,66,34
29,::std::ops,18,::std::ops::RangeInclusiveIter,::std::iter::DoubleEndedIterator,3586,7,4
29,::std::ops,19,::std::ops::RangeInclusiveIter,::std::iter::ExactSizeIterator,876,2,1
29,::std::ops,20,::std::ops::RangeInclusiveIter,::std::iter::DoubleEndedIterator,2657,7,4
29,::std::ops,21,::std::ops::RangeInclusiveIter,::std::iter::ExactSizeIterator,805,2,1
29,::std::ops,22,::std::ops::RangeInclusiveIter,::std::iter::DoubleEndedIterator,2561,7,4
29,::std::ops,23,::std::ops::RangeToInclusive,::std::cmp::PartialEq,1767,4,2
29,::std::ops,24,::std::ops::RangeToInclusive,::std::cmp::Eq,58,0,0
29,::std::ops,25,::std::ops::RangeToInclusive,::std::cmp::PartialOrd,4487,14,9
29,::std::ops,26,::std::ops::RangeToInclusive,::std::cmp::Ord,2751,8,5
29,::std::ops,27,::std::ops::RangeTo,::std::cmp::PartialEq,1821,4,2
29,::std::ops,28,::std::ops::RangeTo,::std::cmp::Eq,81,0,0
29,::std::ops,29,::std::ops::RangeTo,::std::cmp::PartialOrd,4944,14,9
29,::std::ops,30,::std::ops::RangeTo,::std::cmp::Ord,72345,8,5
29,::std::ops,31,::std::ops::Range,::std::cmp::PartialEq,1735,4,2
29,::std::ops,32,::std::ops::Range,::std::cmp::Eq,59,0,0
29,::std::ops,33,::std::ops::Range,::std::cmp::PartialOrd,5560,14,9
29,::std::ops,34,::std::ops::Range,::std::cmp::Ord,3533,8,5
29,::std::ops,35,::std::ops::RangeIter,::std::iter::Iterator,30855,66,34
29,::std::ops,36,::std::ops::RangeIter,::std::iter::Iterator,28767,66,34
29,::std::ops,37,::std::ops::RangeIter,::std::iter::Iterator,28503,66,34
29,::std::ops,38,::std::ops::RangeIter,::std::iter::DoubleEndedIterator,3317,7,4
29,::std::ops,39,::std::ops::RangeIter,::std::iter::ExactSizeIterator,914,2,1
29,::std::ops,40,::std::ops::RangeIter,::std::iter::DoubleEndedIterator,2483,7,4
29,::std::ops,41,::std::ops::RangeIter,::std::iter::ExactSizeIterator,776,2,1
29,::std::ops,42,::std::ops::RangeIter,::std::iter::DoubleEndedIterator,2415,7,4
29,::std::ops,43,::std::ops::ControlFlow,::std::cmp::PartialEq,60238,4,2
29,::std::ops,44,::std::ops::ControlFlow,::std::cmp::Eq,63,0,0
29,::std::ops,45,::std::ops::ControlFlow,::std::clone::Clone,973,2,1
29,::std::ops,46,::std::ops::Function,::std::clone::Clone,944,2,1
30,::std::iter,0,::std::iter::Rev,::std::iter::Iterator,44568,66,34
30,::std::iter,1,::std::iter::Rev,::std::iter::DoubleEndedIterator,3499,7,4
30,::std::iter,2,::std::iter::Rev,::std::iter::ExactSizeIterator,899,2,1
30,::std::iter,3,::std::iter::Chain,::std::iter::Iterator,30202,66,34
30,::std::iter,4,::std::iter::Chain,::std::iter::DoubleEndedIterator,2809,7,4
30,::std::iter,5,::std::iter::Chain,::std::iter::ExactSizeIterator,786,2,1
30,::std::iter,6,::std::iter::Enumerate,::std::iter::Iterator,42201,66,34
30,::std::iter,7,::std::iter::Enumerate,::std::iter::DoubleEndedIterator,2846,7,4
30,::std::iter,8,::std::iter::Enumerate,::std::iter::ExactSizeIterator,839,2,1
30,::std::iter,9,::std::iter::Filter,::std::iter::Iterator,30315,66,34
30,::std::iter,10,::std::iter::Filter,::std::iter::DoubleEndedIterator,2766,7,4
30,::std::iter,11,::std::iter::Map,::std::iter::Iterator,33102,66,34
30,::std::iter,12,::std::iter::Map,::std::iter::DoubleEndedIterator,2712,7,4
30,::std::iter,13,::std::iter::Map,::std::iter::ExactSizeIterator,1563,2,1
30,::std::iter,14,::std::iter::FilterMap,::std::iter::Iterator,40579,67,35
30,::std::iter,15,::std::iter::FilterMap,::std::iter::DoubleEndedIterator,3350,7,4
30,::std::iter,16,::std::iter::FlatMap,::std::iter::Iterator,25845,66,34
30,::std::iter,17,::std::iter::FlatMap,::std::iter::DoubleEndedIterator,12241,7,4
30,::std::iter,18,::std::iter::Peekable,::std::iter::Iterator,26300,66,34
30,::std::iter,19,::std::iter::Peekable,::std::iter::DoubleEndedIterator,2694,7,4
30,::std::iter,20,::std::iter::Peekable,::std::iter::ExactSizeIterator,790,2,1
30,::std::iter,21,::std::iter::Skip,::std::iter::Iterator,26651,66,34
30,::std::iter,22,::std::iter::Skip,::std::iter::DoubleEndedIterator,3804,7,4
30,::std::iter,23,::std::iter::Skip,::std::iter::ExactSizeIterator,989,2,1
30,::std::iter,24,::std::iter::Take,::std::iter::Iterator,38650,66,34
30,::std::iter,25,::std::iter::Take,::std::iter::DoubleEndedIterator,2580,7,4
30,::std::iter,26,::std::iter::Take,::std::iter::ExactSizeIterator,738,2,1
30,::std::iter,27,::std::iter::Empty,::std::iter::Iterator,40616,66,34
30,::std::iter,28,::std::iter::Empty,::std::iter::DoubleEndedIterator,2447,7,4
30,::std::iter,29,::std::iter::Once,::std::iter::Iterator,42839,66,34
30,::std::iter,30,::std::iter::Once,::std::iter::DoubleEndedIterator,2488,7,4
30,::std::ops,0,::std::ops::RangeFrom,::std::cmp::PartialEq,1927,4,2
30,::std::ops,1,::std::ops::RangeFrom,::std::cmp::Eq,83,0,0
30,::std::ops,2,::std::ops::RangeFrom,::std::cmp::PartialOrd,5543,14,9
30,::std::ops,3,::std::ops::RangeFrom,::std::cmp::Ord,2848,8,5
30,::std::ops,4,::std::ops::RangeFromIter,::std::iter::Iterator,68974,66,34
30,::std::ops,5,::std::ops::RangeFromIter,::std::iter::Iterator,27750,66,34
30,::std::ops,6,::std::ops::RangeFromIter,::std::iter::Iterator,27204,66,34
30,::std::ops,7,::std::ops::RangeFull,::std::cmp::PartialEq,1852,4,2
30,::std::ops,8,::std::ops::RangeFull,::std::cmp::Eq,80,0,0
30,::std::ops,9,::std::ops::RangeFull,::std::cmp::PartialOrd,4795,14,9
30,::std::ops,10,::std::ops::RangeFull,::std::cmp::Ord,2685,8,5
30,::std::ops,11,::std::ops::RangeInclusive,::std::cmp::PartialEq,1780,4,2
30,::std::ops,12,::std::ops::RangeInclusive,::std::cmp::Eq,53,0,0
30,::std::ops,13,::std::ops::RangeInclusive,::std::cmp::PartialOrd,5359,14,9
30,::std::ops,14,::std::ops::RangeInclusive,::std::cmp::Ord,2871,8,5
30,::std::ops,15,::std::ops::RangeInclusiveIter,::std::iter::Iterator,27868,66,34
30,::std::ops,16,::std::ops::RangeInclusiveIter,::std::iter::Iterator,25968,66,34
30,::std::ops,17,::std::ops::RangeInclusiveIter,::std::iter::Iterator,25331,66,34
30,::std::ops,18,::std::ops::RangeInclusiveIter,::std::iter::DoubleEndedIterator,3449,7,4
30,::std::ops,19,::std::ops::RangeInclusiveIter,::std::iter::ExactSizeIterator,853,2,1
30,::std::ops,20,::std::ops::RangeInclusiveIter,::std::iter::DoubleEndedIterator,2522,7,4
30,::std::ops,21,::std::ops::RangeInclusiveIter,::std::iter::ExactSizeIterator,792,2,1
30,::std::ops,22,::std::ops::RangeInclusiveIter,::std::iter::DoubleEndedIterator,2447,7,4
30,::std::ops,23,::std::ops::RangeToInclusive,::std::cmp::PartialEq,1747,4,2
30,::std::ops,24,::std::ops::RangeToInclusive,::std::cmp::Eq,82,0,0
30,::std::ops,25,::std::ops::RangeToInclusive,::std::cmp::PartialOrd,4446,14,9
30,::std::ops,26,::std::ops::RangeToInclusive,::std::cmp::Ord,2730,8,5
30,::std::ops,27,::std::ops::RangeTo,::std::cmp::PartialEq,1916,4,2
30,::std::ops,28,::std::ops::RangeTo,::std::cmp::Eq,74,0,0
30,::std::ops,29,::std::ops::RangeTo,::std::cmp::PartialOrd,5051,14,9
30,::std::ops,30,::std::ops::RangeTo,::std::cmp::Ord,69152,8,5
30,::std::ops,31,::std::ops::Range,::std::cmp::PartialEq,1871,4,2
30,::std::ops,32,::std::ops::Range,::std::cmp::Eq,57,0,0
30,::std::ops,33,::std::ops::Range,::std::cmp::PartialOrd,5671,14,9
30,::std::ops,34,::std::ops::Range,::std::cmp::Ord,3419,8,5
30,::std::ops,35,::std::ops::RangeIter,::std::iter::Iterator,33003,66,34
30,::std::ops,36,::std::ops::RangeIter,::std::iter::Iterator,29070,66,34
30,::std::ops,37,::std::ops::RangeIter,::std::iter::Iterator,28758,66,34
30,::std::ops,38,::std::ops::RangeIter,::std::iter::DoubleEndedIterator,3420,7,4
30,::std::ops,39,::std::ops::RangeIter,::std::iter::ExactSizeIterator,938,2,1
30,::std::ops,40,::std::ops::RangeIter,::std::iter::DoubleEndedIterator,2512,7,4
30,::std::ops,41,::std::ops::RangeIter,::std::iter::ExactSizeIterator,783,2,1
30,::std::ops,42,::std::ops::RangeIter,::std::iter::DoubleEndedIterator,2511,7,4
30,::std::ops,43,::std::ops::ControlFlow,::std::cmp::PartialEq,58437,4,2
30,::std::ops,44,::std::ops::ControlFlow,::std::cmp::Eq,62,0,0
30,::std::ops,45,::std::ops::ControlFlow,::std::clone::Clone,951,2,1
30,::std::ops,46,::std::ops::Function,::std::clone::Clone,899,2,1
31,::std::iter,0,::std::iter::Rev,::std::iter::Iterator,43996,66,34
31,::std::iter,1,::std::iter::Rev,::std::iter::DoubleEndedIterator,3153,7,4
31,::std::iter,2,::std::iter::Rev,::std::iter::ExactSizeIterator,889,2,1
31,::std::iter,3,::std::iter::Chain,::std::iter::Iterator,29969,66,34
31,::std::iter,4,::std::iter::Chain,::std::iter::DoubleEndedIterator,2829,7,4
31,::std::iter,5,::std::iter::Chain,::std::iter::ExactSizeIterator,823,2,1
31,::std::iter,6,::std::iter::Enumerate,::std::iter::Iterator,40971,66,34
31,::std::iter,7,::std::iter::Enumerate,::std::iter::DoubleEndedIterator,2880,7,4
31,::std::iter,8,::std::iter::Enumerate,::std::iter::ExactSizeIterator,887,2,1
31,::std::iter,9,::std::iter::Filter,::std::iter::Iterator,30325,66,34
31,::std::iter,10,::std::iter::Filter,::std::iter::DoubleEndedIterator,2809,7,4
31,::std::iter,11,::std::iter::Map,::std::iter::Iterator,35002,66,34
31,::std::iter,12,::std::iter::Map,::std::iter::DoubleEndedIterator,2724,7,4
31,::std::iter,13,::std::iter::Map,::std::iter::ExactSizeIterator,1609,2,1
31,::std::iter,14,::std::iter::FilterMap,::std::iter::Iterator,40627,67,35
31,::std::iter,15,::std::iter::FilterMap,::std::iter::DoubleEndedIterator,3388,7,4
31,::std::iter,16,::std::iter::FlatMap,::std::iter::Iterator,26446,66,34
31,::std::iter,17,::std::iter::FlatMap,::std::iter::DoubleEndedIterator,10510,7,4
31,::std::iter,18,::std::iter::Peekable,::std::iter::Iterator,26120,66,34
31,::std::iter,19,::std::iter::Peekable,::std::iter::DoubleEndedIterator,2789,7,4
31,::std::iter,20,::std::iter::Peekable,::std::iter::ExactSizeIterator,797,2,1
31,::std::iter,21,::std::iter::Skip,::std::iter::Iterator,26542,66,34
31,::std::iter,22,::std::iter::Skip,::std::iter::DoubleEndedIterator,3894,7,4
31,::std::iter,23,::std::iter::Skip,::std::iter::ExactSizeIterator,939,2,1
31,::std::iter,24,::std::iter::Take,::std::iter::Iterator,35572,66,34
31,::std::iter,25,::std::iter::Take,::std::iter::DoubleEndedIterator,2628,7,4
31,::std::iter,26,::std::iter::Take,::std::iter::ExactSizeIterator,769,2,1
31,::std::iter,27,::std::iter::Empty,::std::iter::Iterator,44770,66,34
31,::std::iter,28,::std::iter::Empty,::std::iter::DoubleEndedIterator,2512,7,4
31,::std::iter,29,::std::iter::Once,::std::iter::Iterator,42403,66,34
31,::std::iter,30,::std::iter::Once,::std::iter::DoubleEndedIterator,2553,7,4
31,::std::ops,0,::std::ops::RangeFrom,::std::cmp::PartialEq,1969,4,2
31,::std::ops,1,::std::ops::RangeFrom,::std::cmp::Eq,114,0,0
31,::std::ops,2,::std::ops::RangeFrom,::std::cmp::PartialOrd,5473,14,9
31,::std::ops,3,::std::ops::RangeFrom,::std::cmp::Ord,2872,8,5
31,::std::ops,4,::std::ops::RangeFromIter,::std::iter::Iterator,70344,66,34
31,::std::ops,5,::std::ops::RangeFromIter,::std::iter::Iterator,28159,66,34
31,::std::ops,6,::std::ops::RangeFromIter,::std::iter::Iterator,27044,66,34
31,::std::ops,7,::std::ops::RangeFull,::std::cmp::PartialEq,1889,4,2
31,::std::ops,8,::std::ops::RangeFull,::std::cmp::Eq,80,0,0
31,::std::ops,9,::std::ops::RangeFull,::std::cmp::PartialOrd,4856,14,9
31,::std::ops,10,::std::ops::RangeFull,::std::cmp::Ord,2805,8,5
31,::std::ops,11,::std::ops::RangeInclusive,::std::cmp::PartialEq,1747,4,2
31,::std::ops,12,::std::ops::RangeInclusive,::std::cmp::Eq,74,0,0
31,::std::ops,13,::std::ops::RangeInclusive,::std::cmp::PartialOrd,5292,14,9
31,::std::ops,14,::std::ops::RangeInclusive,::std::cmp::Ord,2837,8,5
31,::std::ops,15,::std::ops::RangeInclusiveIter,::std::iter::Iterator,26478,66,34
31,::std::ops,16,::std::ops::RangeInclusiveIter,::std::iter::Iterator,26043,66,34
31,::std::ops,17,::std::ops::RangeInclusiveIter,::std::iter::Iterator,25423,66,34
31,::std::ops,18,::std::ops::RangeInclusiveIter,::std::iter::DoubleEndedIterator,3522,7,4
31,::std::ops,19,::std::ops::RangeInclusiveIter,::std::iter::ExactSizeIterator,859,2,1
31,::std::ops,20,::std::ops::RangeInclusiveIter,::std::iter::DoubleEndedIterator,2692,7,4
31,::std::ops,21,::std::ops::RangeInclusiveIter,::std::iter::ExactSizeIterator,841,2,1
31,::std::ops,22,::std::ops::RangeInclusiveIter,::std::iter::DoubleEndedIterator,2608,7,4
31,::std::ops,23,::std::ops::RangeToInclusive,::std::cmp::PartialEq,1752,4,2
31,::std::ops,24,::std::ops::RangeToInclusive,::std::cmp::Eq,82,0,0
31,::std::ops,25,::std::ops::RangeToInclusive,::std::cmp::PartialOrd,4460,14,9
31,::std::ops,26,::std::ops::RangeToInclusive,::std::cmp::Ord,2704,8,5
31,::std::ops,27,::std::ops::RangeTo,::std::cmp::PartialEq,1931,4,2
31,::std::ops,28,::std::ops::RangeTo,::std::cmp::Eq,95,0,0
31,::std::ops,29,::std::ops::RangeTo,::std::cmp::PartialOrd,5074,14,9
31,::std::ops,30,::std::ops::RangeTo,::std::cmp::Ord,66844,8,5
31,::std::ops,31,::std::ops::Range,::std::cmp::PartialEq,1798,4,2
31,::std::ops,32,::std::ops::Range,::std::cmp::Eq,65,0,0
31,::std::ops,33,::std::ops::Range,::std::cmp::PartialOrd,5527,14,9
31,::std::ops,34,::std::ops::Range,::std::cmp::Ord,3447,8,5
31,::std::ops,35,::std::ops::RangeIter,::std::iter::Iterator,31015,66,34
31,::std::ops,36,::std::ops::RangeIter,::std::iter::Iterator,28568,66,34
31,::std::ops,37,::std::ops::RangeIter,::std::iter::Iterator,27994,66,34
31,::std::ops,38,::std::ops::RangeIter,::std::iter::DoubleEndedIterator,5049,7,4
31,::std::ops,39,::std::ops::RangeIter,::std::iter::ExactSizeIterator,937,2,1
31,::std::ops,40,::std::ops::RangeIter,::std::iter::DoubleEndedIterator,2588,7,4
31,::std::ops,41,::std::ops::RangeIter,::std::iter::ExactSizeIterator,737,2,1
31,::std::ops,42,::std::ops::RangeIter,::std::iter::DoubleEndedIterator,2486,7,4
31,::std::ops,43,::std::ops::ControlFlow,::std::cmp::PartialEq,58298,4,2
31,::std::ops,44,::std::ops::ControlFlow,::std::cmp::Eq,82,0,0
31,::std::ops,45,::std::ops::ControlFlow,::std::clone::Clone,929,2,1
31,::std::ops,46,::std::ops::Function,::std::clone::Clone,891,2,1
32,::std::iter,0,::std::iter::Rev,::std::iter::Iterator,44664,66,34
32,::std::iter,1,::std::iter::Rev,::std::iter::DoubleEndedIterator,3163,7,4
32,::std::iter,2,::std::iter::Rev,::std::iter::ExactSizeIterator,821,2,1
32,::std::iter,3,::std::iter::Chain,::std::iter::Iterator,29901,66,34
32,::std::iter,4,::std::iter::Chain,::std::iter::DoubleEndedIterator,2896,7,4
32,::std::iter,5,::std::iter::Chain,::std::iter::ExactSizeIterator,802,2,1
32,::std::iter,6,::std::iter::Enumerate,::std::iter::Iterator,40918,66,34
32,::std::iter,7,::std::iter::Enumerate,::std::iter::DoubleEndedIterator,2760,7,4
32,::std::iter,8,::std::iter::Enumerate,::std::iter::ExactSizeIterator,832,2,1
32,::std::iter,9,::std::iter::Filter,::std::iter::Iterator,30050,66,34
32,::std::iter,10,::std::iter::Filter,::std::iter::DoubleEndedIterator,2795,7,4
32,::std::iter,11,::std::iter::Map,::std::iter::Iterator,34699,66,34
32,::std::iter,12,::std::iter::Map,::std::iter::DoubleEndedIterator,2627,7,4
32,::std::iter,13,::std::iter::Map,::std::iter::ExactSizeIterator,1647,2,1
32,::std::iter,14,::std::iter::FilterMap,::std::iter::Iterator,40483,67,35
32,::std::iter,15,::std::iter::FilterMap,::std::iter::DoubleEndedIterator,3463,7,4
32,::std::iter,16,::std::iter::FlatMap,::std::iter::Iterator,26258,66,34
32,::std::iter,17,::std::iter::FlatMap,::std::iter::DoubleEndedIterator,10495,7,4
32,::std::iter,18,::std::iter::Peekable,::std::iter::Iterator,31005,66,34
32,::std::iter,19,::std::iter::Peekable,::std::iter::DoubleEndedIterator,2769,7,4
32,::std::iter,20,::std::iter::Peekable,::std::iter::ExactSizeIterator,841,2,1
32,::std::iter,21,::std::iter::Skip,::std::iter::Iterator,26073,66,34
32,::std::iter,22,::std::iter::Skip,::std::iter::DoubleEndedIterator,3712,7,4
32,::std::iter,23,::std::iter::Skip,::std::iter::ExactSizeIterator,1004,2,1
32,::std::iter,24,::std::iter::Take,::std::iter::Iterator,35677,66,34
32,::std::iter,25,::std::iter::Take,::std::iter::DoubleEndedIterator,2591,7,4
32,::std::iter,26,::std::iter::Take,::std::iter::ExactSizeIterator,734,2,1
32,::std::iter,27,::std::iter::Empty,::std::iter::Iterator,40511,66,34
32,::std::iter,28,::std::iter::Empty,::std::iter::DoubleEndedIterator,2533,7,4
32,::std::iter,29,::std::iter::Once,::std::iter::Iterator,47223,66,34
32,::std::iter,30,::std::iter::Once,::std::iter::DoubleEndedIterator,2509,7,4
32,::std::ops,0,::std::ops::RangeFrom,::std::cmp::PartialEq,1966,4,2
32,::std::ops,1,::std::ops::RangeFrom,::std::cmp::Eq,95,0,0
32,::std::ops,2,::std::ops::RangeFrom,::std::cmp::PartialOrd,5391,14,9
32,::std::ops,3,::std::ops::RangeFrom,::std::cmp::Ord,2855,8,5
32,::std::ops,4,::std::ops::RangeFromIter,::std::iter::Iterator,68924,66,34
32,::std::ops,5,::std::ops::RangeFromIter,::std::iter::Iterator,27552,66,34
32,::std::ops,6,::std::ops::RangeFromIter,::std::iter::Iterator,26909,66,34
32,::std::ops,7,::std::ops::RangeFull,::std::cmp::PartialEq,1817,4,2
32,::std::ops,8,::std::ops::RangeFull,::std::cmp::Eq,82,0,0
32,::std::ops,9,::std::ops::RangeFull,::std::cmp::PartialOrd,4957,14,9
32,::std::ops,10,::std::ops::RangeFull,::std::cmp::Ord,2561,8,5
32,::std::ops,11,::std::ops::RangeInclusive,::std::cmp::PartialEq,1719,4,2
32,::std::ops,12,::std::ops::RangeInclusive,::std::cmp::Eq,55,0,0
32,::std::ops,13,::std::ops::RangeInclusive,::std::cmp::PartialOrd,5126,14,9
32,::std::ops,14,::std::ops::RangeInclusive,::std::cmp::Ord,2871,8,5
32,::std::ops,15,::std::ops::RangeInclusiveIter,::std::iter::Iterator,26402,66,34
32,::std::ops,16,::std::ops::RangeInclusiveIter,::std::iter::Iterator,26326,66,34
32,::std::ops,17,::std::ops::RangeInclusiveIter,::std::iter::Iterator,25357,66,34
32,::std::ops,18,::std::ops::RangeInclusiveIter,::std::iter::DoubleEndedIterator,3545,7,4
32,::std::ops,19,::std::ops::RangeInclusiveIter,::std::iter::ExactSizeIterator,846,2,1
32,::std::ops,20,::std::ops::RangeInclusiveIter,::std::iter::DoubleEndedIterator,2616,7,4
32,::std::ops,21,::std::ops::RangeInclusiveIter,::std::iter::ExactSizeIterator,758,2,1
32,::std::ops,22,::std::ops::RangeInclusiveIter,::std::iter::DoubleEndedIterator,2562,7,4
32,::std::ops,23,::std::ops::RangeToInclusive,::std::cmp::PartialEq,1706,4,2
32,::std::ops,24,::std::ops::RangeToInclusive,::std::cmp::Eq,71,0,0
32,::std::ops,25,::std::ops::RangeToInclusive,::std::cmp::PartialOrd,4689,14,9
32,::std::ops,26,::std::ops::RangeToInclusive,::std::cmp::Ord,2672,8,5
32,::std::ops,27,::std::ops::RangeTo,::std::cmp::PartialEq,1794,4,2
32,::std::ops,28,::std::ops::RangeTo,::std::cmp::Eq,74,0,0
32,::std::ops,29,::std::ops::RangeTo,::std::cmp::PartialOrd,4972,14,9
32,::std::ops,30,::std::ops::RangeTo,::std::cmp::Ord,65641,8,5
32,::std::ops,31,::std::ops::Range,::std::cmp::PartialEq,1901,4,2
32,::std::ops,32,::std::ops::Range,::std::cmp::Eq,87,0,0
32,::std::ops,33,::std::ops::Range,::std::cmp::PartialOrd,5570,14,9
32,::std::ops,34,::std::ops::Range,::std::cmp::Ord,3290,8,5
32,::std::ops,35,::std::ops::RangeIter,::std::iter::Iterator,30483,66,34
32,::std::ops,36,::std::ops::RangeIter,::std::iter::Iterator,28494,66,34
32,::std::ops,37,::std::ops::RangeIter,::std::iter::Iterator,28470,66,34
32,::std::ops,38,::std::ops::RangeIter,::std::iter::DoubleEndedIterator,3419,7,4
32,::std::ops,39,::std::ops::RangeIter,::std::iter::ExactSizeIterator,943,2,1
32,::std::ops,40,::std::ops::RangeIter,::std::iter::DoubleEndedIterator,2590,7,4
32,::std::ops,41,::std::ops::RangeIter,::std::iter::ExactSizeIterator,767,2,1
32,::std::ops,42,::std::ops::RangeIter,::std::iter::DoubleEndedIterator,2439,7,4
32,::std::ops,43,::std::ops::ControlFlow,::std::cmp::PartialEq,59767,4,2
32,::std::ops,44,::std::ops::ControlFlow,::std::cmp::Eq,61,0,0
32,::std::ops,45,::std::ops::ControlFlow,::std::clone::Clone,949,2,1
32,::std::ops,46,::std::ops::Function,::std::clone::Clone,921,2,1
33,::std::iter,0,::std::iter::Rev,::std::iter::Iterator,42674,66,34
33,::std::iter,1,::std::iter::Rev,::std::iter::DoubleEndedIterator,3323,7,4
33,::std::iter,2,::std::iter::Rev,::std::iter::ExactSizeIterator,891,2,1
33,::std::iter,3,::std::iter::Chain,::std::iter::Iterator,32442,66,34
33,::std::iter,4,::std::iter::Chain,::std::iter::DoubleEndedIterator,2793,7,4
33,::std::iter,5,::std::iter::Chain,::std::iter::ExactSizeIterator,895,2,1
33,::std::iter,6,::std::iter::Enumerate,::std::iter::Iterator,40457,66,34
33,::std::iter,7,::std::iter::Enumerate,::std::iter::DoubleEndedIterator,2787,7,4
33,::std::iter,8,::std::iter::Enumerate,::std::iter::ExactSizeIterator,826,2,1
33,::std::iter,9,::std::iter::Filter,::std::iter::Iterator,30076,66,34
33,::std::iter,10,::std::iter::Filter,::std::iter::DoubleEndedIterator,2830,7,4
33,::std::iter,11,::std::iter::Map,::std::iter::Iterator,33617,66,34
33,::std::iter,12,::std::iter::Map,::std::iter::DoubleEndedIterator,2721,7,4
33,::std::iter,13,::std::iter::Map,::std::iter::ExactSizeIterator,1606,2,1
33,::std::iter,14,::std::iter::FilterMap,::std::iter::Iterator,42512,67,35
33,::std::iter,15,::std::iter::FilterMap,::std::iter::DoubleEndedIterator,3448,7,4
33,::std::iter,16,::std::iter::FlatMap,::std::iter::Iterator,26048,66,34
33,::std::iter,17,::std::iter::FlatMap,::std::iter::DoubleEndedIterator,10658,7,4
33,::std::iter,18,::std::iter::Peekable,::std::iter::Iterator,25707,66,34
33,::std::iter,19,::std::iter::Peekable,::std::iter::DoubleEndedIterator,2706,7,4
33,::std::iter,20,::std::iter::Peekable,::std::iter::ExactSizeIterator,832,2,1
33,::std::iter,21,::std::iter::Skip,::std::iter::Iterator,26345,66,34
33,::std::iter,22,::std::iter::Skip,::std::iter::DoubleEndedIterator,3836,7,4
33,::std::iter,23,::std::iter::Skip,::std::iter::ExactSizeIterator,1005,2,1
33,::std::iter,24,::std::iter::Take,::std::iter::Iterator,38682,66,34
33,::std::iter,25,::std::iter::Take,::std::iter::DoubleEndedIterator,2697,7,4
33,::std::iter,26,::std::iter::Take,::std::iter::ExactSizeIterator,726,2,1
33,::std::iter,27,::std::iter::Empty,::std::iter::Iterator,42404,66,34
33,::std::iter,28,::std::iter::Empty,::std::iter::DoubleEndedIterator,2536,7,4
33,::std::iter,29,::std::iter::Once,::std::iter::Iterator,41387,66,34
33,::std::iter,30,::std::iter::Once,::std::iter::DoubleEndedIterator,2437,7,4
33,::std::ops,0,::std::ops::RangeFrom,::std::cmp::PartialEq,1959,4,2
33,::std::ops,1,::std::ops::RangeFrom,::std::cmp::Eq,94,0,0
33,::std::ops,2,::std::ops::RangeFrom,::std::cmp::PartialOrd,5614,14,9
33,::std::ops,3,::std::ops::RangeFrom,::std::cmp::Ord,2755,8,5
33,::std::ops,4,::std::ops::RangeFromIter,::std::iter::Iterator,69850,66,34
33,::std::ops,5,::std::ops::RangeFromIter,::std::iter::Iterator,28054,66,34
33,::std::ops,6,::std::ops::RangeFromIter,::std::iter::Iterator,27884,66,34
33,::std::ops,7,::std::ops::RangeFull,::std::cmp::PartialEq,1920,4,2
33,::std::ops,8,::std::ops::RangeFull,::std::cmp::Eq,70,0,0
33,::std::ops,9,::std::ops::RangeFull,::std::cmp::PartialOrd,5109,14,9
33,::std::ops,10,::std::ops::RangeFull,::std::cmp::Ord,2651,8,5
33,::std::ops,11,::std::ops::RangeInclusive,::std::cmp::PartialEq,1815,4,2
33,::std::ops,12,::std::ops::RangeInclusive,::std::cmp::Eq,58,0,0
33,::std::ops,13,::std::ops::RangeInclusive,::std::cmp::PartialOrd,5499,14,9
33,::std::ops,14,::std::ops::RangeInclusive,::std::cmp::Ord,2858,8,5
33,::std::ops,15,::std::ops::RangeInclusiveIter,::std::iter::Iterator,26356,66,34
33,::std::ops,16,::std::ops::RangeInclusiveIter,::std::iter::Iterator,26369,66,34
33,::std::ops,17,::std::ops::RangeInclusiveIter,::std::iter::Iterator,25788,66,34
33,::std::ops,18,::std::ops::RangeInclusiveIter,::std::iter::DoubleEndedIterator,3532,7,4
33,::std::ops,19,::std::ops::RangeInclusiveIter,::std::iter::ExactSizeIterator,835,2,1
33,::std::ops,20,::std::ops::RangeInclusiveIter,::std::iter::DoubleEndedIterator,2529,7,4
33,::std::ops,21,::std::ops::RangeInclusiveIter,::std::iter::ExactSizeIterator,745,2,1
33,::std::ops,22,::std::ops::RangeInclusiveIter,::std::iter::DoubleEndedIterator,2520,7,4
33,::std::ops,23,::std::ops::RangeToInclusive,::std::cmp::PartialEq,1703,4,2
33,::std::ops,24,::std::ops::RangeToInclusive,::std::cmp::Eq,57,0,0
33,::std::ops,25,::std::ops::RangeToInclusive,::std::cmp::PartialOrd,4411,14,9
33,::std::ops,26,::std::ops::RangeToInclusive,::std::cmp::Ord,2690,8,5
33,::std::ops,27,::std::ops::RangeTo,::std::cmp::PartialEq,1870,4,2
33,::std::ops,28,::std::ops::RangeTo,::std::cmp::Eq,69,0,0
33,::std::ops,29,::std::ops::RangeTo,::std::cmp::PartialOrd,5022,14,9
33,::std::ops,30,::std::ops::RangeTo,::std::cmp::Ord,70039,8,5
33,::std::ops,31,::std::ops::Range,::std::cmp::PartialEq,1879,4,2
33,::std::ops,32,::std::ops::Range,::std::cmp::Eq,63,0,0
33,::std::ops,33,::std::ops::Range,::std::cmp::PartialOrd,5595,14,9
33,::std::ops,34,::std::ops::Range,::std::cmp::Ord,3471,8,5
33,::std::ops,35,::std::ops::RangeIter,::std::iter::Iterator,30776,66,34
33,::std::ops,36,::std::ops::RangeIter,::std::iter::Iterator,28906,66,34
33,::std::ops,37,::std::ops::RangeIter,::std::iter::Iterator,28495,66,34
33,::std::ops,38,::std::ops::RangeIter,::std::iter::DoubleEndedIterator,3319,7,4
33,::std::ops,39,::std::ops::RangeIter,::std::iter::ExactSizeIterator,992,2,1
33,::std::ops,40,::std::ops::RangeIter,::std::iter::DoubleEndedIterator,2583,7,4
33,::std::ops,41,::std::ops::RangeIter,::std::iter::ExactSizeIterator,836,2,1
33,::std::ops,42,::std::ops::RangeIter,::std::iter::DoubleEndedIterator,2608,7,4
33,::std::ops,43,::std::ops::ControlFlow,::std::cmp::PartialEq,59970,4,2
33,::std::ops,44,::std::ops::ControlFlow,::std::cmp::Eq,58,0,0
33,::std::ops,45,::std::ops::ControlFlow,::std::clone::Clone,981,2,1
33,::std::ops,46,::std::ops::Function,::std::clone::Clone,971,2,1
34,::std::iter,0,::std::iter::Rev,::std::iter::Iterator,42891,66,34
34,::std::iter,1,::std::iter::Rev,::std::iter::DoubleEndedIterator,3197,7,4
34,::std::iter,2,::std::iter::Rev,::std::iter::ExactSizeIterator,854,2,1
34,::std::iter,3,::std::iter::Chain,::std::iter::Iterator,30366,66,34
34,::std::iter,4,::std::iter::Chain,::std::iter::DoubleEndedIterator,2860,7,4
34,::std::iter,5,::std::iter::Chain,::std::iter::ExactSizeIterator,788,2,1
34,::std::iter,6,::std::iter::Enumerate,::std::iter::Iterator,42762,66,34
34,::std::iter,7,::std::iter::Enumerate,::std::iter::DoubleEndedIterator,2695,7,4
34,::std::iter,8,::std::iter::Enumerate,::std::iter::ExactSizeIterator,846,2,1
34,::std::iter,9,::std::iter::Filter,::std::iter::Iterator,29897,66,34
34,::std::iter,10,::std::iter::Filter,::std::iter::DoubleEndedIterator,2774,7,4
34,::std::iter,11,::std::iter::Map,::std::iter::Iterator,32912,66,34
34,::std::iter,12,::std::iter::Map,::std::iter::DoubleEndedIterator,2753,7,4
34,::std::iter,13,::std::iter::Map,::std::iter::ExactSizeIterator,1593,2,1
34,::std::iter,14,::std::iter::FilterMap,::std::iter::Iterator,42724,67,35
34,::std::iter,15,::std::iter::FilterMap,::std::iter::DoubleEndedIterator,3409,7,4
34,::std::iter,16,::std::iter::FlatMap,::std::iter::Iterator,26201,66,34
34,::std::iter,17,::std::iter::FlatMap,::std::iter::DoubleEndedIterator,10520,7,4
34,::std::iter,18,::std::iter::Peekable,::std::iter::Iterator,25780,66,34
34,::std::iter,19,::std::iter::Peekable,::std::iter::DoubleEndedIterator,2650,7,4
34,::std::iter,20,::std::iter::Peekable,::std::iter::ExactSizeIterator,815,2,1
34,::std::iter,21,::std::iter::Skip,::std::iter::Iterator,26471,66,34
34,::std::iter,22,::std::iter::Skip,::std::iter::DoubleEndedIterator,3727,7,4
34,::std::iter,23,::std::iter::Skip,::std::iter::ExactSizeIterator,951,2,1
34,::std::iter,24,::std::iter::Take,::std::iter::Iterator,33881,66,34
34,::std::iter,25,::std::iter::Take,::std::iter::DoubleEndedIterator,2637,7,4
34,::std::iter,26,::std::iter::Take,::std::iter::ExactSizeIterator,725,2,1
34,::std::iter,27,::std::iter::Empty,::std::iter::Iterator,42551,66,34
34,::std::iter,28,::std::iter::Empty,::std::iter::DoubleEndedIterator,2547,7,4
34,::std::iter,29,::std::iter::Once,::std::iter::Iterator,40933,66,34
34,::std::iter,30,::std::iter::Once,::std::iter::DoubleEndedIterator,2376,7,4
34,::std::ops,0,::std::ops::RangeFrom,::std::cmp::PartialEq,2006,4,2
34,::std::ops,1,::std::ops::RangeFrom,::std::cmp::Eq,100,0,0
34,::std::ops,2,::std::ops::RangeFrom,::std::cmp::PartialOrd,5583,14,9
34,::std::ops,3,::std::ops::RangeFrom,::std::cmp::Ord,2866,8,5
34,::std::ops,4,::std::ops::RangeFromIter,::std::iter::Iterator,71018,66,34
34,::std::ops,5,::std::ops::RangeFromIter,::std::iter::Iterator,27828,66,34
34,::std::ops,6,::std::ops::RangeFromIter,::std::iter::Iterator,27414,66,34
34,::std::ops,7,::std::ops::RangeFull,::std::cmp::PartialEq,1826,4,2
34,::std::ops,8,::std::ops::RangeFull,::std::cmp::Eq,77,0,0
34,::std::ops,9,::std::ops::RangeFull,::std::cmp::PartialOrd,5108,14,9
34,::std::ops,10,::std::ops::RangeFull,::std::cmp::Ord,2681,8,5
34,::std::ops,11,::std::ops::RangeInclusive,::std::cmp::PartialEq,1712,4,2
34,::std::ops,12,::std::ops::RangeInclusive,::std::cmp::Eq,59,0,0
34,::std::ops,13,::std::ops::RangeInclusive,::std::cmp::PartialOrd,5420,14,9
34,::std::ops,14,::std::ops::RangeInclusive,::std::cmp::Ord,2874,8,5
34,::std::ops,15,::std::ops::RangeInclusiveIter,::std::iter::Iterator,26452,66,34
34,::std::ops,16,::std::ops::RangeInclusiveIter,::std::iter::Iterator,30212,66,34
34,::std::ops,17,::std::ops::RangeInclusiveIter,::std::iter::Iterator,26148,66,34
34,::std::ops,18,::std::ops::RangeInclusiveIter,::std::iter::DoubleEndedIterator,3633,7,4
34,::std::ops,19,::std::ops::RangeInclusiveIter,::std::iter::ExactSizeIterator,846,2,1
34,::std::ops,20,::std::ops::RangeInclusiveIter,::std::iter::DoubleEndedIterator,2614,7,4
34,::std::ops,21,::std::ops::RangeInclusiveIter,::std::iter::ExactSizeIterator,799,2,1
34,::std::ops,22,::std::ops::RangeInclusiveIter,::std::iter::DoubleEndedIterator,2533,7,4
34,::std::ops,23,::std::ops::RangeToInclusive,::std::cmp::PartialEq,1640,4,2
34,::std::ops,24,::std::ops::RangeToInclusive,::std::cmp::Eq,57,0,0
34,::std::ops,25,::std::ops::RangeToInclusive,::std::cmp::PartialOrd,4494,14,9
34,::std::ops,26,::std::ops::RangeToInclusive,::std::cmp::Ord,2718,8,5
34,::std::ops,27,::std::ops::RangeTo,::std::cmp::PartialEq,1761,4,2
34,::std::ops,28,::std::ops::RangeTo,::std::cmp::Eq,81,0,0
34,::std::ops,29,::std::ops::RangeTo,::std::cmp::PartialOrd,4959,14,9
34,::std::ops,30,::std::ops::RangeTo,::std::cmp::Ord,76508,8,5
34,::std::ops,31,::std::ops::Range,::std::cmp::PartialEq,1808,4,2
34,::std::ops,32,::std::ops::Range,::std::cmp::Eq,73,0,0
34,::std::ops,33,::std::ops::Range,::std::cmp::PartialOrd,5598,14,9
34,::std::ops,34,::std::ops::Range,::std::cmp::Ord,3428,8,5
34,::std::ops,35,::std::ops::RangeIter,::std::iter::Iterator,31213,66,34
34,::std::ops,36,::std::ops::RangeIter,::std::iter::Iterator,28846,66,34
34,::std::ops,37,::std::ops::RangeIter,::std::iter::Iterator,28617,66,34
34,::std::ops,38,::std::ops::RangeIter,::std::iter::DoubleEndedIterator,3370,7,4
34,::std::ops,39,::std::ops::RangeIter,::std::iter::ExactSizeIterator,952,2,1
34,::std::ops,40,::std::ops::RangeIter,::std::iter::DoubleEndedIterator,2506,7,4
34,::std::ops,41,::std::ops::RangeIter,::std::iter::ExactSizeIterator,810,2,1
34,::std::ops,42,::std::ops::RangeIter,::std::iter::DoubleEndedIterator,2493,7,4
34,::std::ops,43,::std::ops::ControlFlow,::std::cmp::PartialEq,59961,4,2
34,::std::ops,44,::std::ops::ControlFlow,::std::cmp::Eq,64,0,0
34,::std::ops,45,::std::ops::ControlFlow,::std::clone::Clone,968,2,1
34,::std::ops,46,::std::ops::Function,::std::clone::Clone,968,2,1
35,::std::iter,0,::std::iter::Rev,::std::iter::Iterator,42993,66,34
35,::std::iter,1,::std::iter::Rev,::std::iter::DoubleEndedIterator,3215,7,4
35,::std::iter,2,::std::iter::Rev,::std::iter::ExactSizeIterator,847,2,1
35,::std::iter,3,::std::iter::Chain,::std::iter::Iterator,30010,66,34
35,::std::iter,4,::std::iter::Chain,::std::iter::DoubleEndedIterator,2888,7,4
35,::std::iter,5,::std::iter::Chain,::std::iter::ExactSizeIterator,814,2,1
35,::std::iter,6,::std::iter::Enumerate,::std::iter::Iterator,42397,66,34
35,::std::iter,7,::std::iter::Enumerate,::std::iter::DoubleEndedIterator,2826,7,4
35,::std::iter,8,::std::iter::Enumerate,::std::iter::ExactSizeIterator,901,2,1
35,::std::iter,9,::std::iter::Filter,::std::iter::Iterator,30017,66,34
35,::std::iter,10,::std::iter::Filter,::std::iter::DoubleEndedIterator,2882,7,4
35,::std::iter,11,::std::iter::Map,::std::iter::Iterator,32966,66,34
35,::std::iter,12,::std::iter::Map,::std::iter::DoubleEndedIterator,2639,7,4
35,::std::iter,13,::std::iter::Map,::std::iter::ExactSizeIterator,1641,2,1
35,::std::iter,14,::std::iter::FilterMap,::std::iter::Iterator,41302,67,35
35,::std::iter,15,::std::iter::FilterMap,::std::iter::DoubleEndedIterator,3297,7,4
35,::std::iter,16,::std::iter::FlatMap,::std::iter::Iterator,26187,66,34
35,::std::iter,17,::std::iter::FlatMap,::std::iter::DoubleEndedIterator,12266,7,4
35,::std::iter,18,::std::iter::Peekable,::std::iter::Iterator,25680,66,34
35,::std::iter,19,::std::iter::Peekable,::std::iter::DoubleEndedIterator,2676,7,4
35,::std::iter,20,::std::iter::Peekable,::std::iter::ExactSizeIterator,817,2,1
35,::std::iter,21,::std::iter::Skip,::std::iter::Iterator,26349,66,34
35,::std::iter,22,::std::iter::Skip,::std::iter::DoubleEndedIterator,3708,7,4
35,::std::iter,23,::std::iter::Skip,::std::iter::ExactSizeIterator,915,2,1
35,::std::iter,24,::std::iter::Take,::std::iter::Iterator,34047,66,34
35,::std::iter,25,::std::iter::Take,::std::iter::DoubleEndedIterator,2633,7,4
35,::std::iter,26,::std::iter::Take,::std::iter::ExactSizeIterator,729,2,1
35,::std::iter,27,::std::iter::Empty,::std::iter::Iterator,42267,66,34
35,::std::iter,28,::std::iter::Empty,::std::iter::DoubleEndedIterator,2568,7,4
35,::std::iter,29,::std::iter::Once,::std::iter::Iterator,40673,66,34
35,::std::iter,30,::std::iter::Once,::std::iter::DoubleEndedIterator,2442,7,4
35,::std::ops,0,::std::ops::RangeFrom,::std::cmp::PartialEq,1999,4,2
35,::std::ops,1,::std::ops::RangeFrom,::std::cmp::Eq,108,0,0
35,::std::ops,2,::std::ops::RangeFrom,::std::cmp::PartialOrd,5535,14,9
35,::std::ops,3,::std::ops::RangeFrom,::std::cmp::Ord,2981,8,5
35,::std::ops,4,::std::ops::RangeFromIter,::std::iter::Iterator,69375,66,34
35,::std::ops,5,::std::ops::RangeFromIter,::std::iter::Iterator,27421,66,34
35,::std::ops,6,::std::ops::RangeFromIter,::std::iter::Iterator,27733,66,34
35,::std::ops,7,::std::ops::RangeFull,::std::cmp::PartialEq,1855,4,2
35,::std::ops,8,::std::ops::RangeFull,::std::cmp::Eq,82,0,0
35,::std::ops,9,::std::ops::RangeFull,::std::cmp::PartialOrd,5020,14,9
35,::std::ops,10,::std::ops::RangeFull,::std::cmp::Ord,2646,8,5
35,::std::ops,11,::std::ops::RangeInclusive,::std::cmp::PartialEq,1871,4,2
35,::std::ops,12,::std::ops::RangeInclusive,::std::cmp::Eq,54,0,0
35,::std::ops,13,::std::ops::RangeInclusive,::std::cmp::PartialOrd,6958,14,9
35,::std::ops,14,::std::ops::RangeInclusive,::std::cmp::Ord,2793,8,5
35,::std::ops,15,::std::ops::RangeInclusiveIter,::std::iter::Iterator,26452,66,34
35,::std::ops,16,::std::ops::RangeInclusiveIter,::std::iter::Iterator,26100,66,34
35,::std::ops,17,::std::ops::RangeInclusiveIter,::std::iter::Iterator,25452,66,34
35,::std::ops,18,::std::ops::RangeInclusiveIter,::std::iter::DoubleEndedIterator,3595,7,4
35,::std::ops,19,::std::ops::RangeInclusiveIter,::std::iter::ExactSizeIterator,915,2,1
35,::std::ops,20,::std::ops::RangeInclusiveIter,::std::iter::DoubleEndedIterator,2550,7,4
35,::std::ops,21,::std::ops::RangeInclusiveIter,::std::iter::ExactSizeIterator,852,2,1
35,::std::ops,22,::std::ops::RangeInclusiveIter,::std::iter::DoubleEndedIterator,2560,7,4
35,::std::ops,23,::std::ops::RangeToInclusive,::std::cmp::PartialEq,1632,4,2
35,::std::ops,24,::std::ops::RangeToInclusive,::std::cmp::Eq,58,0,0
35,::std::ops,25,::std::ops::RangeToInclusive,::std::cmp::PartialOrd,4445,14,9
35,::std::ops,26,::std::ops::RangeToInclusive,::std::cmp::Ord,2711,8,5
35,::std::ops,27,::std::ops::RangeTo,::std::cmp::PartialEq,1927,4,2
35,::std::ops,28,::std::ops::RangeTo,::std::cmp::Eq,78,0,0
35,::std::ops,29,::std::ops::RangeTo,::std::cmp::PartialOrd,4898,14,9
35,::std::ops,30,::std::ops::RangeTo,::std::cmp::Ord,68206,8,5
35,::std::ops,31,::std::ops::Range,::std::cmp::PartialEq,1789,4,2
35,::std::ops,32,::std::ops::Range,::std::cmp::Eq,64,0,0
35,::std::ops,33,::std::ops::Range,::std::cmp::PartialOrd,5652,14,9
35,::std::ops,34,::std::ops::Range,::std::cmp::Ord,3489,8,5
35,::std::ops,35,::std::ops::RangeIter,::std::iter::Iterator,32406,66,34
35,::std::ops,36,::std::ops::RangeIter,::std::iter::Iterator,28659,66,34
35,::std::ops,37,::std::ops::RangeIter,::std::iter::Iterator,28503,66,34
35,::std::ops,38,::std::ops::RangeIter,::std::iter::DoubleEndedIterator,3378,7,4
35,::std::ops,39,::std::ops::RangeIter,::std::iter::ExactSizeIterator,1005,2,1
35,::std::ops,40,::std::ops::RangeIter,::std::iter::DoubleEndedIterator,2513,7,4
35,::std::ops,41,::std::ops::RangeIter,::std::iter::ExactSizeIterator,837,2,1
35,::std::ops,42,::std::ops::RangeIter,::std::iter::DoubleEndedIterator,2544,7,4
35,::std::ops,43,::std::ops::ControlFlow,::std::cmp::PartialEq,58239,4,2
35,::std::ops,44,::std::ops::ControlFlow,::std::cmp::Eq,62,0,0
35,::std::ops,45,::std::ops::ControlFlow,::std::clone::Clone,996,2,1
35,::std::ops,46,::std::ops::Function,::std::clone::Clone,968,2,1
36,::std::iter,0,::std::iter::Rev,::std::iter::Iterator,45739,66,34
36,::std::iter,1,::std::iter::Rev,::std::iter::DoubleEndedIterator,3392,7,4
36,::std::iter,2,::std::iter::Rev,::std::iter::ExactSizeIterator,842,2,1
36,::std::iter,3,::std::iter::Chain,::std::iter::Iterator,29505,66,34
36,::std::iter,4,::std::iter::Chain,::std::iter::DoubleEndedIterator,2819,7,4
36,::std::iter,5,::std::iter::Chain,::std::iter::ExactSizeIterator,760,2,1
36,::std::iter,6,::std::iter::Enumerate,::std::iter::Iterator,40414,66,34
36,::std::iter,7,::std::iter::Enumerate,::std::iter::DoubleEndedIterator,2740,7,4
36,::std::iter,8,::std::iter::Enumerate,::std::iter::ExactSizeIterator,776,2,1
36,::std::iter,9,::std::iter::Filter,::std::iter::Iterator,29819,66,34
36,::std::iter,10,::std::iter::Filter,::std::iter::DoubleEndedIterator,2781,7,4
36,::std::iter,11,::std::iter::Map,::std::iter::Iterator,35068,66,34
36,::std::iter,12,::std::iter::Map,::std::iter::DoubleEndedIterator,2682,7,4
36,::std::iter,13,::std::iter::Map,::std::iter::ExactSizeIterator,1616,2,1
36,::std::iter,14,::std::iter::FilterMap,::std::iter::Iterator,40875,67,35
36,::std::iter,15,::std::iter::FilterMap,::std::iter::DoubleEndedIterator,3373,7,4
36,::std::iter,16,::std::iter::FlatMap,::std::iter::Iterator,25708,66,34
36,::std::iter,17,::std::iter::FlatMap,::std::iter::DoubleEndedIterator,10683,7,4
36,::std::iter,18,::std::iter::Peekable,::std::iter::Iterator,25685,66,34
36,::std::iter,19,::std::iter::Peekable,::std::iter::DoubleEndedIterator,2748,7,4
36,::std::iter,20,::std::iter::Peekable,::std::iter::ExactSizeIterator,789,2,1
36,::std::iter,21,::std::iter::Skip,::std::iter::Iterator,30686,66,34
36,::std::iter,22,::std::iter::Skip,::std::iter::DoubleEndedIterator,5324,7,4
36,::std::iter,23,::std::iter::Skip,::std::iter::ExactSizeIterator,1022,2,1
36,::std::iter,24,::std::iter::Take,::std::iter::Iterator,34350,66,34
36,::std::iter,25,::std::iter::Take,::std::iter::DoubleEndedIterator,2570,7,4
36,::std::iter,26,::std::iter::Take,::std::iter::ExactSizeIterator,733,2,1
36,::std::iter,27,::std::iter::Empty,::std::iter::Iterator,40118,66,34
36,::std::iter,28,::std::iter::Empty,::std::iter::DoubleEndedIterator,2506,7,4
36,::std::iter,29,::std::iter::Once,::std::iter::Iterator,69192,66,34
36,::std::iter,30,::std::iter::Once,::std::iter::DoubleEndedIterator,2547,7,4
36,::std::ops,0,::std::ops::RangeFrom,::std::cmp::PartialEq,1993,4,2
36,::std::ops,1,::std::ops::RangeFrom,::std::cmp::Eq,90,0,0
36,::std::ops,2,::std::ops::RangeFrom,::std::cmp::PartialOrd,5655,14,9
36,::std::ops,3,::std::ops::RangeFrom,::std::cmp::Ord,2892,8,5
36,::std::ops,4,::std::ops::RangeFromIter,::std::iter::Iterator,68609,66,34
36,::std::ops,5,::std::ops::RangeFromIter,::std::iter::Iterator,27707,66,34
36,::std::ops,6,::std::ops::RangeFromIter,::std::iter::Iterator,27475,66,34
36,::std::ops,7,::std::ops::RangeFull,::std::cmp::PartialEq,1946,4,2
36,::std::ops,8,::std::ops::RangeFull,::std::cmp::Eq,54,0,0
36,::std::ops,9,::std::ops::RangeFull,::std::cmp::PartialOrd,4912,14,9
36,::std::ops,10,::std::ops::RangeFull,::std::cmp::Ord,2627,8,5
36,::std::ops,11,::std::ops::RangeInclusive,::std::cmp::PartialEq,1802,4,2
36,::std::ops,12,::std::ops::RangeInclusive,::std::cmp::Eq,61,0,0
36,::std::ops,13,::std::ops::RangeInclusive,::std::cmp::PartialOrd,5441,14,9
36,::std::ops,14,::std::ops::RangeInclusive,::std::cmp::Ord,2929,8,5
36,::std::ops,15,::std::ops::RangeInclusiveIter,::std::iter::Iterator,26162,66,34
36,::std::ops,16,::std::ops::RangeInclusiveIter,::std::iter::Iterator,25962,66,34
36,::std::ops,17,::std::ops::RangeInclusiveIter,::std::iter::Iterator,25573,66,34
36,::std::ops,18,::std::ops::RangeInclusiveIter,::std::iter::DoubleEndedIterator,3597,7,4
36,::std::ops,19,::std::ops::RangeInclusiveIter,::std::iter::ExactSizeIterator,868,2,1
36,::std::ops,20,::std::ops::RangeInclusiveIter,::std::iter::DoubleEndedIterator,2666,7,4
36,::std::ops,21,::std::ops::RangeInclusiveIter,::std::iter::ExactSizeIterator,795,2,1
36,::std::ops,22,::std::ops::RangeInclusiveIter,::std::iter::DoubleEndedIterator,2613,7,4
36,::std::ops,23,::std::ops::RangeToInclusive,::std::cmp::PartialEq,1687,4,2
36,::std::ops,24,::std::ops::RangeToInclusive,::std::cmp::Eq,59,0,0
36,::std::ops,25,::std::ops::RangeToInclusive,::std::cmp::PartialOrd,4353,14,9
36,::std::ops,26,::std::ops::RangeToInclusive,::std::cmp::Ord,2630,8,5
36,::std::ops,27,::std::ops::RangeTo,::std::cmp::PartialEq,1842,4,2
36,::std::ops,28,::std::ops::RangeTo,::std::cmp::Eq,97,0,0
36,::std::ops,29,::std::ops::RangeTo,::std::cmp::PartialOrd,4860,14,9
36,::std::ops,30,::std::ops::RangeTo,::std::cmp::Ord,70094,8,5
36,::std::ops,31,::std::ops::Range,::std::cmp::PartialEq,1829,4,2
36,::std::ops,32,::std::ops::Range,::std::cmp::Eq,51,0,0
36,::std::ops,33,::std::ops::Range,::std::cmp::PartialOrd,5612,14,9
36,::std::ops,34,::std::ops::Range,::std::cmp::Ord,3371,8,5
36,::std::ops,35,::std::ops::RangeIter,::std::iter::Iterator,30358,66,34
36,::std::ops,36,::std::ops::RangeIter,::std::iter::Iterator,28400,66,34
36,::std::ops,37,::std::ops::RangeIter,::std::iter::Iterator,29759,66,34
36,::std::ops,38,::std::ops::RangeIter,::std::iter::DoubleEndedIterator,3410,7,4
36,::std::ops,39,::std::ops::RangeIter,::std::iter::ExactSizeIterator,975,2,1
36,::std::ops,40,::std::ops::RangeIter,::std::iter::DoubleEndedIterator,2602,7,4
36,::std::ops,41,::std::ops::RangeIter,::std::iter::ExactSizeIterator,805,2,1
36,::std::ops,42,::std::ops::RangeIter,::std::iter::DoubleEndedIterator,2460,7,4
36,::std::ops,43,::std::ops::ControlFlow,::std::cmp::PartialEq,58243,4,2
36,::std::ops,44,::std::ops::ControlFlow,::std::cmp::Eq,58,0,0
36,::std::ops,45,::std::ops::ControlFlow,::std::clone::Clone,933,2,1
36,::std::ops,46,::std::ops::Function,::std::clone::Clone,938,2,1
37,::std::iter,0,::std::iter::Rev,::std::iter::Iterator,43631,66,34
37,::std::iter,1,::std::iter::Rev,::std::iter::DoubleEndedIterator,3182,7,4
37,::std::iter,2,::std::iter::Rev,::std::iter::ExactSizeIterator,845,2,1
37,::std::iter,3,::std::iter::Chain,::std::iter::Iterator,29774,66,34
37,::std::iter,4,::std::iter::Chain,::std::iter::DoubleEndedIterator,2837,7,4
37,::std::iter,5,::std::iter::Chain,::std::iter::ExactSizeIterator,765,2,1
37,::std::iter,6,::std::iter::Enumerate,::std::iter::Iterator,40799,66,34
37,::std::iter,7,::std::iter::Enumerate,::std::iter::DoubleEndedIterator,2763,7,4
37,::std::iter,8,::std::iter::Enumerate,::std::iter::ExactSizeIterator,817,2,1
37,::std::iter,9,::std::iter::Filter,::std::iter::Iterator,29517,66,34
37,::std::iter,10,::std::iter::Filter,::std::iter::DoubleEndedIterator,2786,7,4
37,::std::iter,11,::std::iter::Map,::std::iter::Iterator,34462,66,34
37,::std::iter,12,::std::iter::Map,::std::iter::DoubleEndedIterator,2672,7,4
37,::std::iter,13,::std::iter::Map,::std::iter::ExactSizeIterator,1637,2,1
37,::std::iter,14,::std::iter::FilterMap,::std::iter::Iterator,40483,67,35
37,::std::iter,15,::std::iter::FilterMap,::std::iter::DoubleEndedIterator,3296,7,4
37,::std::iter,16,::std::iter::FlatMap,::std::iter::Iterator,25643,66,34
37,::std::iter,17,::std::iter::FlatMap,::std::iter::DoubleEndedIterator,10505,7,4
37,::std::iter,18,::std::iter::Peekable,::std::iter::Iterator,32227,66,34
37,::std::iter,19,::std::iter::Peekable,::std::iter::DoubleEndedIterator,2772,7,4
37,::std::iter,20,::std::iter::Peekable,::std::iter::ExactSizeIterator,824,2,1
37,::std::iter,21,::std::iter::Skip,::std::iter::Iterator,26379,66,34
37,::std::iter,22,::std::iter::Skip,::std::iter::DoubleEndedIterator,3742,7,4
37,::std::iter,23,::std::iter::Skip,::std::iter::ExactSizeIterator,985,2,1
37,::std::iter,24,::std::iter::Take,::std::iter::Iterator,40519,66,34
37,::std::iter,25,::std::iter::Take,::std::iter::DoubleEndedIterator,2587,7,4
37,::std::iter,26,::std::iter::Take,::std::iter::ExactSizeIterator,724,2,1
37,::std::iter,27,::std::iter::Empty,::std::iter::Iterator,40744,66,34
37,::std::iter,28,::std::iter::Empty,::std::iter::DoubleEndedIterator,2506,7,4
37,::std::iter,29,::std::iter::Once,::std::iter::Iterator,42583,66,34
37,::std::iter,30,::std::iter::Once,::std::iter::DoubleEndedIterator,2372,7,4
37,::std::ops,0,::std::ops::RangeFrom,::std::cmp::PartialEq,2002,4,2
37,::std::ops,1,::std::ops::RangeFrom,::std::cmp::Eq,81,0,0
37,::std::ops,2,::std::ops::RangeFrom,::std::cmp::PartialOrd,5637,14,9
37,::std::ops,3,::std::ops::RangeFrom,::std::cmp::Ord,2868,8,5
37,::std::ops,4,::std::ops::RangeFromIter,::std::iter::Iterator,69350,66,34
37,::std::ops,5,::std::ops::RangeFromIter,::std::iter::Iterator,27935,66,34
37,::std::ops,6,::std::ops::RangeFromIter,::std::iter::Iterator,27248,66,34
37,::std::ops,7,::std::ops::RangeFull,::std::cmp::PartialEq,1874,4,2
37,::std::ops,8,::std::ops::RangeFull,::std::cmp::Eq,81,0,0
37,::std::ops,9,::std::ops::RangeFull,::std::cmp::PartialOrd,5010,14,9
37,::std::ops,10,::std::ops::RangeFull,::std::cmp::Ord,2784,8,5
37,::std::ops,11,::std::ops::RangeInclusive,::std::cmp::PartialEq,1781,4,2
37,::std::ops,12,::std::ops::RangeInclusive,::std::cmp::Eq,57,0,0
37,::std::ops,13,::std::ops::RangeInclusive,::std::cmp::PartialOrd,5317,14,9
37,::std::ops,14,::std::ops::RangeInclusive,::std::cmp::Ord,2975,8,5
37,::std::ops,15,::std::ops::RangeInclusiveIter,::std::iter::Iterator,26480,66,34
37,::std::ops,16,::std::ops::RangeInclusiveIter,::std::iter::Iterator,25842,66,34
37,::std::ops,17,::std::ops::RangeInclusiveIter,::std::iter::Iterator,25690,66,34
37,::std::ops,18,::std::ops::RangeInclusiveIter,::std::iter::DoubleEndedIterator,3539,7,4
37,::std::ops,19,::std::ops::RangeInclusiveIter,::std::iter::ExactSizeIterator,828,2,1
37,::std::ops,20,::std::ops::RangeInclusiveIter,::std::iter::DoubleEndedIterator,2593,7,4
37,::std::ops,21,::std::ops::RangeInclusiveIter,::std::iter::ExactSizeIterator,833,2,1
37,::std::ops,22,::std::ops::RangeInclusiveIter,::std::iter::DoubleEndedIterator,2472,7,4
37,::std::ops,23,::std::ops::RangeToInclusive,::std::cmp::PartialEq,1663,4,2
37,::std::ops,24,::std::ops::RangeToInclusive,::std::cmp::Eq,60,0,0
37,::std::ops,25,::std::ops::RangeToInclusive,::std::cmp::PartialOrd,4531,14,9
37,::std::ops,26,::std::ops::RangeToInclusive,::std::cmp::Ord,2655,8,5
37,::std::ops,27,::std::ops::RangeTo,::std::cmp::PartialEq,1901,4,2
37,::std::ops,28,::std::ops::RangeTo,::std::cmp::Eq,72,0,0
37,::std::ops,29,::std::ops::RangeTo,::std::cmp::PartialOrd,5169,14,9
37,::std::ops,30,::std::ops::RangeTo,::std::cmp::Ord,69105,8,5
37,::std::ops,31,::std::ops::Range,::std::cmp::PartialEq,1923,4,2
37,::std::ops,32,::std::ops::Range,::std::cmp::Eq,101,0,0
37,::std::ops,33,::std::ops::Range,::std::cmp::PartialOrd,5732,14,9
37,::std::ops,34,::std::ops::Range,::std::cmp::Ord,3508,8,5
37,::std::ops,35,::std::ops::RangeIter,::std::iter::Iterator,30845,66,34
37,::std::ops,36,::std::ops::RangeIter,::std::iter::Iterator,28761,66,34
37,::std::ops,37,::std::ops::RangeIter,::std::iter::Iterator,28179,66,34
37,::std::ops,38,::std::ops::RangeIter,::std::iter::DoubleEndedIterator,3285,7,4
37,::std::ops,39,::std::ops::RangeIter,::std::iter::ExactSizeIterator,945,2,1
37,::std::ops,40,::std::ops::RangeIter,::std::iter::DoubleEndedIterator,2531,7,4
37,::std::ops,41,::std::ops::RangeIter,::std::iter::ExactSizeIterator,752,2,1
37,::std::ops,42,::std::ops::RangeIter,::std::iter::DoubleEndedIterator,2496,7,4
37,::std::ops,43,::std::ops::ControlFlow,::std::cmp::PartialEq,59817,4,2
37,::std::ops,44,::std::ops::ControlFlow,::std::cmp::Eq,64,0,0
37,::std::ops,45,::std::ops::ControlFlow,::std::clone::Clone,962,2,1
37,::std::ops,46,::std::ops::Function,::std::clone::Clone,931,2,1
38,::std::iter,0,::std::iter::Rev,::std::iter::Iterator,63369,66,34
38,::std::iter,1,::std::iter::Rev,::std::iter::DoubleEndedIterator,3300,7,4
38,::std::iter,2,::std::iter::Rev,::std::iter::ExactSizeIterator,865,2,1
38,::std::iter,3,::std::iter::Chain,::std::iter::Iterator,32233,66,34
38,::std::iter,4,::std::iter::Chain,::std::iter::DoubleEndedIterator,2787,7,4
38,::std::iter,5,::std::iter::Chain,::std::iter::ExactSizeIterator,818,2,1
38,::std::iter,6,::std::iter::Enumerate,::std::iter::Iterator,40895,66,34
38,::std::iter,7,::std::iter::Enumerate,::std::iter::DoubleEndedIterator,2711,7,4
38,::std::iter,8,::std::iter::Enumerate,::std::iter::ExactSizeIterator,833,2,1
38,::std::iter,9,::std::iter::Filter,::std::iter::Iterator,34840,66,34
38,::std::iter,10,::std::iter::Filter,::std::iter::DoubleEndedIterator,2858,7,4
38,::std::iter,11,::std::iter::Map,::std::iter::Iterator,33102,66,34
38,::std::iter,12,::std::iter::Map,::std::iter::DoubleEndedIterator,2639,7,4
38,::std::iter,13,::std::iter::Map,::std::iter::ExactSizeIterator,1612,2,1
38,::std::iter,14,::std::iter::FilterMap,::std::iter::Iterator,42288,67,35
38,::std::iter,15,::std::iter::FilterMap,::std::iter::DoubleEndedIterator,3429,7,4
38,::std::iter,16,::std::iter::FlatMap,::std::iter::Iterator,26234,66,34
38,::std::iter,17,::std::iter::FlatMap,::std::iter::DoubleEndedIterator,10441,7,4
38,::std::iter,18,::std::iter::Peekable,::std::iter::Iterator,25964,66,34
38,::std::iter,19,::std::iter::Peekable,::std::iter::DoubleEndedIterator,2622,7,4
38,::std::iter,20,::std::iter::Peekable,::std::iter::ExactSizeIterator,815,2,1
38,::std::iter,21,::std::iter::Skip,::std::iter::Iterator,26316,66,34
38,::std::iter,22,::std::iter::Skip,::std::iter::DoubleEndedIterator,3782,7,4
38,::std::iter,23,::std::iter::Skip,::std::iter::ExactSizeIterator,956,2,1
38,::std::iter,24,::std::iter::Take,::std::iter::Iterator,34246,66,34
38,::std::iter,25,::std::iter::Take,::std::iter::DoubleEndedIterator,2662,7,4
38,::std::iter,26,::std::iter::Take,::std::iter::ExactSizeIterator,743,2,1
38,::std::iter,27,::std::iter::Empty,::std::iter::Iterator,42052,66,34
38,::std::iter,28,::std::iter::Empty,::std::iter::DoubleEndedIterator,2513,7,4
38,::std::iter,29,::std::iter::Once,::std::iter::Iterator,41037,66,34
38,::std::iter,30,::std::iter::Once,::std::iter::DoubleEndedIterator,2427,7,4
38,::std::ops,0,::std::ops::RangeFrom,::std::cmp::PartialEq,1937,4,2
38,::std::ops,1,::std::ops::RangeFrom,::std::cmp::Eq,72,0,0
38,::std::ops,2,::std::ops::RangeFrom,::std::cmp::PartialOrd,7349,14,9
38,::std::ops,3,::std::ops::RangeFrom,::std::cmp::Ord,2883,8,5
38,::std::ops,4,::std::ops::RangeFromIter,::std::iter::Iterator,69597,66,34
38,::std::ops,5,::std::ops::RangeFromIter,::std::iter::Iterator,27590,66,34
38,::std::ops,6,::std::ops::RangeFromIter,::std::iter::Iterator,27605,66,34
38,::std::ops,7,::std::ops::RangeFull,::std::cmp::PartialEq,1835,4,2
38,::std::ops,8,::std::ops::RangeFull,::std::cmp::Eq,70,0,0
38,::std::ops,9,::std::ops::RangeFull,::std::cmp::PartialOrd,4812,14,9
38,::std::ops,10,::std::ops::RangeFull,::std::cmp::Ord,2756,8,5
38,::std::ops,11,::std::ops::RangeInclusive,::std::cmp::PartialEq,1737,4,2
38,::std::ops,12,::std::ops::RangeInclusive,::std::cmp::Eq,52,0,0
38,::std::ops,13,::std::ops::RangeInclusive,::std::cmp::PartialOrd,5306,14,9
38,::std::ops,14,::std::ops::RangeInclusive,::std::cmp::Ord,2746,8,5
38,::std::ops,15,::std::ops::RangeInclusiveIter,::std::iter::Iterator,26163,66,34
38,::std::ops,16,::std::ops::RangeInclusiveIter,::std::iter::Iterator,25746,66,34
38,::std::ops,17,::std::ops::RangeInclusiveIter,::std::iter::Iterator,25606,66,34
38,::std::ops,18,::std::ops::RangeInclusiveIter,::std::iter::DoubleEndedIterator,3493,7,4
38,::std::ops,19,::std::ops::RangeInclusiveIter,::std::iter::ExactSizeIterator,823,2,1
38,::std::ops,20,::std::ops::RangeInclusiveIter,::std::iter::DoubleEndedIterator,2632,7,4
38,::std::ops,21,::std::ops::RangeInclusiveIter,::std::iter::ExactSizeIterator,896,2,1
38,::std::ops,22,::std::ops::RangeInclusiveIter,::std::iter::DoubleEndedIterator,2593,7,4
38,::std::ops,23,::std::ops::RangeToInclusive,::std::cmp::PartialEq,1770,4,2
38,::std::ops,24,::std::ops::RangeToInclusive,::std::cmp::Eq,56,0,0
38,::std::ops,25,::std::ops::RangeToInclusive,::std::cmp::PartialOrd,4597,14,9
38,::std::ops,26,::std::ops::RangeToInclusive,::std::cmp::Ord,2708,8,5
38,::std::ops,27,::std::ops::RangeTo,::std::cmp::PartialEq,1908,4,2
38,::std::ops,28,::std::ops::RangeTo,::std::cmp::Eq,65,0,0
38,::std::ops,29,::std::ops::RangeTo,::std::cmp::PartialOrd,5044,14,9
38,::std::ops,30,::std::ops::RangeTo,::std::cmp::Ord,70755,8,5
38,::std::ops,31,::std::ops::Range,::std::cmp::PartialEq,1988,4,2
38,::std::ops,32,::std::ops::Range,::std::cmp::Eq,55,0,0
38,::std::ops,33,::std::ops::Range,::std::cmp::PartialOrd,9721,14,9
38,::std::ops,34,::std::ops::Range,::std::cmp::Ord,3511,8,5
38,::std::ops,35,::std::ops::RangeIter,::std::iter::Iterator,31130,66,34
38,::std::ops,36,::std::ops::RangeIter,::std::iter::Iterator,28508,66,34
38,::std::ops,37,::std::ops::RangeIter,::std::iter::Iterator,28557,66,34
38,::std::ops,38,::std::ops::RangeIter,::std::iter::DoubleEndedIterator,3307,7,4
38,::std::ops,39,::std::ops::RangeIter,::std::iter::ExactSizeIterator,969,2,1
38,::std::ops,40,::std::ops::RangeIter,::std::iter::DoubleEndedIterator,2654,7,4
38,::std::ops,41,::std::ops::RangeIter,::std::iter::ExactSizeIterator,777,2,1
38,::std::ops,42,::std::ops::RangeIter,::std::iter::DoubleEndedIterator,2444,7,4
38,::std::ops,43,::std::ops::ControlFlow,::std::cmp::PartialEq,59970,4,2
38,::std::ops,44,::std::ops::ControlFlow,::std::cmp::Eq,60,0,0
38,::std::ops,45,::std::ops::ControlFlow,::std::clone::Clone,959,2,1
38,::std::ops,46,::std::ops::Function,::std::clone::Clone,872,2,1
39,::std::iter,0,::std::iter::Rev,::std::iter::Iterator,43741,66,34
39,::std::iter,1,::std::iter::Rev,::std::iter::DoubleEndedIterator,3176,7,4
39,::std::iter,2,::std::iter::Rev,::std::iter::ExactSizeIterator,857,2,1
39,::std::iter,3,::std::iter::Chain,::std::iter::Iterator,30137,66,34
39,::std::iter,4,::std::iter::Chain,::std::iter::DoubleEndedIterator,2892,7,4
39,::std::iter,5,::std::iter::Chain,::std::iter::ExactSizeIterator,791,2,1
39,::std::iter,6,::std::iter::Enumerate,::std::iter::Iterator,42196,66,34
39,::std::iter,7,::std::iter::Enumerate,::std::iter::DoubleEndedIterator,2876,7,4
39,::std::iter,8,::std::iter::Enumerate,::std::iter::ExactSizeIterator,899,2,1
39,::std::iter,9,::std::iter::Filter,::std::iter::Iterator,29985,66,34
39,::std::iter,10,::std::iter::Filter,::std::iter::DoubleEndedIterator,2866,7,4
39,::std::iter,11,::std::iter::Map,::std::iter::Iterator,33317,66,34
39,::std::iter,12,::std::iter::Map,::std::iter::DoubleEndedIterator,2641,7,4
39,::std::iter,13,::std::iter::Map,::std::iter::ExactSizeIterator,1574,2,1
39,::std::iter,14,::std::iter::FilterMap,::std::iter::Iterator,42669,67,35
39,::std::iter,15,::std::iter::FilterMap,::std::iter::DoubleEndedIterator,3330,7,4
39,::std::iter,16,::std::iter::FlatMap,::std::iter::Iterator,26174,66,34
39,::std::iter,17,::std::iter::FlatMap,::std::iter::DoubleEndedIterator,10453,7,4
39,::std::iter,18,::std::iter::Peekable,::std::iter::Iterator,25859,66,34
39,::std::iter,19,::std::iter::Peekable,::std::iter::DoubleEndedIterator,2873,7,4
39,::std::iter,20,::std::iter::Peekable,::std::iter::ExactSizeIterator,841,2,1
39,::std::iter,21,::std::iter::Skip,::std::iter::Iterator,26329,66,34
39,::std::iter,22,::std::iter::Skip,::std::iter::DoubleEndedIterator,3726,7,4
39,::std::iter,23,::std::iter::Skip,::std::iter::ExactSizeIterator,999,2,1
39,::std::iter,24,::std::iter::Take,::std::iter::Iterator,38655,66,34
39,::std::iter,25,::std::iter::Take,::std::iter::DoubleEndedIterator,2523,7,4
39,::std::iter,26,::std::iter::Take,::std::iter::ExactSizeIterator,730,2,1
39,::std::iter,27,::std::iter::Empty,::std::iter::Iterator,41962,66,34
39,::std::iter,28,::std::iter::Empty,::std::iter::DoubleEndedIterator,2467,7,4
39,::std::iter,29,::std::iter::Once,::std::iter::Iterator,40299,66,34
39,::std::iter,30,::std::iter::Once,::std::iter::DoubleEndedIterator,2488,7,4
39,::std::ops,0,::std::ops::RangeFrom,::std::cmp::PartialEq,1948,4,2
39,::std::ops,1,::std::ops::RangeFrom,::std::cmp::Eq,81,0,0
39,::std::ops,2,::std::ops::RangeFrom,::std::cmp::PartialOrd,5478,14,9
39,::std::ops,3,::std::ops::RangeFrom,::std::cmp::Ord,2926,8,5
39,::std::ops,4,::std::ops::RangeFromIter,::std::iter::Iterator,70319,66,34
39,::std::ops,5,::std::ops::RangeFromIter,::std::iter::Iterator,27953,66,34
39,::std::ops,6,::std::ops::RangeFromIter,::std::iter::Iterator,27097,66,34
39,::std::ops,7,::std::ops::RangeFull,::std::cmp::PartialEq,1829,4,2
39,::std::ops,8,::std::ops::RangeFull,::std::cmp::Eq,61,0,0
39,::std::ops,9,::std::ops::RangeFull,::std::cmp::PartialOrd,4780,14,9
39,::std::ops,10,::std::ops::RangeFull,::std::cmp::Ord,2702,8,5
39,::std::ops,11,::std::ops::RangeInclusive,::std::cmp::PartialEq,1814,4,2
39,::std::ops,12,::std::ops::RangeInclusive,::std::cmp::Eq,52,0,0
39,::std::ops,13,::std::ops::RangeInclusive,::std::cmp::PartialOrd,5245,14,9
39,::std::ops,14,::std::ops::RangeInclusive,::std::cmp::Ord,2832,8,5
39,::std::ops,15,::std::ops::RangeInclusiveIter,::std::iter::Iterator,31452,66,34
39,::std::ops,16,::std::ops::RangeInclusiveIter,::std::iter::Iterator,27049,66,34
39,::std::ops,17,::std::ops::RangeInclusiveIter,::std::iter::Iterator,25635,66,34
39,::std::ops,18,::std::ops::RangeInclusiveIter,::std::iter::DoubleEndedIterator,3565,7,4
39,::std::ops,19,::std::ops::RangeInclusiveIter,::std::iter::ExactSizeIterator,872,2,1
39,::std::ops,20,::std::ops::RangeInclusiveIter,::std::iter::DoubleEndedIterator,2711,7,4
39,::std::ops,21,::std::ops::RangeInclusiveIter,::std::iter::ExactSizeIterator,807,2,1
39,::std::ops,22,::std::ops::RangeInclusiveIter,::std::iter::DoubleEndedIterator,2581,7,4
39,::std::ops,23,::std::ops::RangeToInclusive,::std::cmp::PartialEq,1799,4,2
39,::std::ops,24,::std::ops::RangeToInclusive,::std::cmp::Eq,85,0,0
39,::std::ops,25,::std::ops::RangeToInclusive,::std::cmp::PartialOrd,4500,14,9
39,::std::ops,26,::std::ops::RangeToInclusive,::std::cmp::Ord,2724,8,5
39,::std::ops,27,::std::ops::RangeTo,::std::cmp::PartialEq,1838,4,2
39,::std::ops,28,::std::ops::RangeTo,::std::cmp::Eq,78,0,0
39,::std::ops,29,::std::ops::RangeTo,::std::cmp::PartialOrd,5014,14,9
39,::std::ops,30,::std::ops::RangeTo,::std::cmp::Ord,66219,8,5
39,::std::ops,31,::std::ops::Range,::std::cmp::PartialEq,1798,4,2
39,::std::ops,32,::std::ops::Range,::std::cmp::Eq,62,0,0
39,::std::ops,33,::std::ops::Range,::std::cmp::PartialOrd,5609,14,9
39,::std::ops,34,::std::ops::Range,::std::cmp::Ord,3544,8,5
39,::std::ops,35,::std::ops::RangeIter,::std::iter::Iterator,30219,66,34
39,::std::ops,36,::std::ops::RangeIter,::std::iter::Iterator,28716,66,34
39,::std::ops,37,::std::ops::RangeIter,::std::iter::Iterator,28519,66,34
39,::std::ops,38,::std::ops::RangeIter,::std::iter::DoubleEndedIterator,3328,7,4
39,::std::ops,39,::std::ops::RangeIter,::std::iter::ExactSizeIterator,936,2,1
39,::std::ops,40,::std::ops::RangeIter,::std::iter::DoubleEndedIterator,2515,7,4
39,::std::ops,41,::std::ops::RangeIter,::std::iter::ExactSizeIterator,796,2,1
39,::std::ops,42,::std::ops::RangeIter,::std::iter::DoubleEndedIterator,2538,7,4
39,::std::ops,43,::std::ops::ControlFlow,::std::cmp::PartialEq,59801,4,2
39,::std::ops,44,::std::ops::ControlFlow,::std::cmp::Eq,70,0,0
39,::std::ops,45,::std::ops::ControlFlow,::std::clone::Clone,987,2,1
39,::std::ops,46,::std::ops::Function,::std::clone::Clone,952,2,1
40,::std::iter,0,::std::iter::Rev,::std::iter::Iterator,43052,66,34
40,::std::iter,1,::std::iter::Rev,::std::iter::DoubleEndedIterator,3271,7,4
40,::std::iter,2,::std::iter::Rev,::std::iter::ExactSizeIterator,844,2,1
40,::std::iter,3,::std::iter::Chain,::std::iter::Iterator,29765,66,34
40,::std::iter,4,::std::iter::Chain,::std::iter::DoubleEndedIterator,2851,7,4
40,::std::iter,5,::std::iter::Chain,::std::iter::ExactSizeIterator,825,2,1
40,::std::iter,6,::std::iter::Enumerate,::std::iter::Iterator,42021,66,34
40,::std::iter,7,::std::iter::Enumerate,::std::iter::DoubleEndedIterator,2855,7,4
40,::std::iter,8,::std::iter::Enumerate,::std::iter::ExactSizeIterator,863,2,1
40,::std::iter,9,::std::iter::Filter,::std::iter::Iterator,29812,66,34
40,::std::iter,10,::std::iter::Filter,::std::iter::DoubleEndedIterator,2750,7,4
40,::std::iter,11,::std::iter::Map,::std::iter::Iterator,33128,66,34
40,::std::iter,12,::std::iter::Map,::std::iter::DoubleEndedIterator,2673,7,4
40,::std::iter,13,::std::iter::Map,::std::iter::ExactSizeIterator,1634,2,1
40,::std::iter,14,::std::iter::FilterMap,::std::iter::Iterator,40754,67,35
40,::std::iter,15,::std::iter::FilterMap,::std::iter::DoubleEndedIterator,3247,7,4
40,::std::iter,16,::std::iter::FlatMap,::std::iter::Iterator,26240,66,34
40,::std::iter,17,::std::iter::FlatMap,::std::iter::DoubleEndedIterator,16666,7,4
40,::std::iter,18,::std::iter::Peekable,::std::iter::Iterator,25731,66,34
40,::std::iter,19,::std::iter::Peekable,::std::iter::DoubleEndedIterator,2817,7,4
40,::std::iter,20,::std::iter::Peekable,::std::iter::ExactSizeIterator,797,2,1
40,::std::iter,21,::std::iter::Skip,::std::iter::Iterator,26124,66,34
40,::std::iter,22,::std::iter::Skip,::std::iter::DoubleEndedIterator,3699,7,4
40,::std::iter,23,::std::iter::Skip,::std::iter::ExactSizeIterator,974,2,1
40,::std::iter,24,::std::iter::Take,::std::iter::Iterator,34180,66,34
40,::std::iter,25,::std::iter::Take,::std::iter::DoubleEndedIterator,2572,7,4
40,::std::iter,26,::std::iter::Take,::std::iter::ExactSizeIterator,767,2,1
40,::std::iter,27,::std::iter::Empty,::std::iter::Iterator,40321,66,34
40,::std::iter,28,::std::iter::Empty,::std::iter::DoubleEndedIterator,2402,7,4
40,::std::iter,29,::std::iter::Once,::std::iter::Iterator,42068,66,34
40,::std::iter,30,::std::iter::Once,::std::iter::DoubleEndedIterator,2435,7,4
40,::std::ops,0,::std::ops::RangeFrom,::std::cmp::PartialEq,2001,4,2
40,::std::ops,1,::std::ops::RangeFrom,::std::cmp::Eq,101,0,0
40,::std::ops,2,::std::ops::RangeFrom,::std::cmp::PartialOrd,5579,14,9
40,::std::ops,3,::std::ops::RangeFrom,::std::cmp::Ord,2917,8,5
40,::std::ops,4,::std::ops::RangeFromIter,::std::iter::Iterator,73028,66,34
40,::std::ops,5,::std::ops::RangeFromIter,::std::iter::Iterator,28106,66,34
40,::std::ops,6,::std::ops::RangeFromIter,::std::iter::Iterator,27545,66,34
40,::std::ops,7,::std::ops::RangeFull,::std::cmp::PartialEq,1874,4,2
40,::std::ops,8,::std::ops::RangeFull,::std::cmp::Eq,59,0,0
40,::std::ops,9,::std::ops::RangeFull,::std::cmp::PartialOrd,4934,14,9
40,::std::ops,10,::std::ops::RangeFull,::std::cmp::Ord,2712,8,5
40,::std::ops,11,::std::ops::RangeInclusive,::std::cmp::PartialEq,1800,4,2
40,::std::ops,12,::std::ops::RangeInclusive,::std::cmp::Eq,56,0,0
40,::std::ops,13,::std::ops::RangeInclusive,::std::cmp::PartialOrd,5438,14,9
40,::std::ops,14,::std::ops::RangeInclusive,::std::cmp::Ord,2942,8,5
40,::std::ops,15,::std::ops::RangeInclusiveIter,::std::iter::Iterator,28793,66,34
40,::std::ops,16,::std::ops::RangeInclusiveIter,::std::iter::Iterator,26691,66,34
40,::std::ops,17,::std::ops::RangeInclusiveIter,::std::iter::Iterator,25496,66,34
40,::std::ops,18,::std::ops::RangeInclusiveIter,::std::iter::DoubleEndedIterator,3582,7,4
40,::std::ops,19,::std::ops::RangeInclusiveIter,::std::iter::ExactSizeIterator,872,2,1
40,::std::ops,20,::std::ops::RangeInclusiveIter,::std::iter::DoubleEndedIterator,2549,7,4
40,::std::ops,21,::std::ops::RangeInclusiveIter,::std::iter::ExactSizeIterator,818,2,1
40,::std::ops,22,::std::ops::RangeInclusiveIter,::std::iter::DoubleEndedIterator,2535,7,4
40,::std::ops,23,::std::ops::RangeToInclusive,::std::cmp::PartialEq,1784,4,2
40,::std::ops,24,::std::ops::RangeToInclusive,::std::cmp::Eq,61,0,0
40,::std::ops,25,::std::ops::RangeToInclusive,::std::cmp::PartialOrd,4504,14,9
40,::std::ops,26,::std::ops::RangeToInclusive,::std::cmp::Ord,2676,8,5
40,::std::ops,27,::std::ops::RangeTo,::std::cmp::PartialEq,1819,4,2
40,::std::ops,28,::std::ops::RangeTo,::std::cmp::Eq,73,0,0
40,::std::ops,29,::std::ops::RangeTo,::std::cmp::PartialOrd,4916,14,9
40,::std::ops,30,::std::ops::RangeTo,::std::cmp::Ord,69554,8,5
40,::std::ops,31,::std::ops::Range,::std::cmp::PartialEq,1896,4,2
40,::std::ops,32,::std::ops::Range,::std::cmp::Eq,69,0,0
40,::std::ops,33,::std::ops::Range,::std::cmp::PartialOrd,5580,14,9
40,::std::ops,34,::std::ops::Range,::std::cmp::Ord,3421,8,5
40,::std::ops,35,::std::ops::RangeIter,::std::iter::Iterator,32693,66,34
40,::std::ops,36,::std::ops::RangeIter,::std::iter::Iterator,28844,66,34
40,::std::ops,37,::std::ops::RangeIter,::std::iter::Iterator,28485,66,34
40,::std::ops,38,::std::ops::RangeIter,::std::iter::DoubleEndedIterator,3276,7,4
40,::std::ops,39,::std::ops::RangeIter,::std::iter::ExactSizeIterator,998,2,1
40,::std::ops,40,::std::ops::RangeIter,::std::iter::DoubleEndedIterator,2569,7,4
40,::std::ops,41,::std::ops::RangeIter,::std::iter::ExactSizeIterator,760,2,1
40,::std::ops,42,::std::ops::RangeIter,::std::iter::DoubleEndedIterator,2506,7,4
40,::std::ops,43,::std::ops::ControlFlow,::std::cmp::PartialEq,58590,4,2
40,::std::ops,44,::std::ops::ControlFlow,::std::cmp::Eq,59,0,0
40,::std::ops,45,::std::ops::ControlFlow,::std::clone::Clone,964,2,1
40,::std::ops,46,::std::ops::Function,::std::clone::Clone,941,2,1
41,::std::iter,0,::std::iter::Rev,::std::iter::Iterator,44400,66,34
41,::std::iter,1,::std::iter::Rev,::std::iter::DoubleEndedIterator,3103,7,4
41,::std::iter,2,::std::iter::Rev,::std::iter::ExactSizeIterator,844,2,1
41,::std::iter,3,::std::iter::Chain,::std::iter::Iterator,29775,66,34
41,::std::iter,4,::std::iter::Chain,::std::iter::DoubleEndedIterator,2789,7,4
41,::std::iter,5,::std::iter::Chain,::std::iter::ExactSizeIterator,789,2,1
41,::std::iter,6,::std::iter::Enumerate,::std::iter::Iterator,40465,66,34
41,::std::iter,7,::std::iter::Enumerate,::std::iter::DoubleEndedIterator,2815,7,4
41,::std::iter,8,::std::iter::Enumerate,::std::iter::ExactSizeIterator,920,2,1
41,::std::iter,9,::std::iter::Filter,::std::iter::Iterator,29826,66,34
41,::std::iter,10,::std::iter::Filter,::std::iter::DoubleEndedIterator,2785,7,4
41,::std::iter,11,::std::iter::Map,::std::iter::Iterator,34923,66,34
41,::std::iter,12,::std::iter::Map,::std::iter::DoubleEndedIterator,2692,7,4
41,::std::iter,13,::std::iter::Map,::std::iter::ExactSizeIterator,1586,2,1
41,::std::iter,14,::std::iter::FilterMap,::std::iter::Iterator,40800,67,35
41,::std::iter,15,::std::iter::FilterMap,::std::iter::DoubleEndedIterator,3486,7,4
41,::std::iter,16,::std::iter::FlatMap,::std::iter::Iterator,26131,66,34
41,::std::iter,17,::std::iter::FlatMap,::std::iter::DoubleEndedIterator,10754,7,4
41,::std::iter,18,::std::iter::Peekable,::std::iter::Iterator,26046,66,34
41,::std::iter,19,::std::iter::Peekable,::std::iter::DoubleEndedIterator,2792,7,4
41,::std::iter,20,::std::iter::Peekable,::std::iter::ExactSizeIterator,790,2,1
41,::std::iter,21,::std::iter::Skip,::std::iter::Iterator,26570,66,34
41,::std::iter,22,::std::iter::Skip,::std::iter::DoubleEndedIterator,3826,7,4
41,::std::iter,23,::std::iter::Skip,::std::iter::ExactSizeIterator,1017,2,1
41,::std::iter,24,::std::iter::Take,::std::iter::Iterator,39996,66,34
41,::std::iter,25,::std::iter::Take,::std::iter::DoubleEndedIterator,2552,7,4
41,::std::iter,26,::std::iter::Take,::std::iter::ExactSizeIterator,744,2,1
41,::std::iter,27,::std::iter::Empty,::std::iter::Iterator,40334,66,34
41,::std::iter,28,::std::iter::Empty,::std::iter::DoubleEndedIterator,2589,7,4
41,::std::iter,29,::std::iter::Once,::std::iter::Iterator,42291,66,34
41,::std::iter,30,::std::iter::Once,::std::iter::DoubleEndedIterator,2512,7,4
41,::std::ops,0,::std::ops::RangeFrom,::std::cmp::PartialEq,1941,4,2
41,::std::ops,1,::std::ops::RangeFrom,::std::cmp::Eq,78,0,0
41,::std::ops,2,::std::ops::RangeFrom,::std::cmp::PartialOrd,5574,14,9
41,::std::ops,3,::std::ops::RangeFrom,::std::cmp::Ord,2868,8,5
41,::std::ops,4,::std::ops::RangeFromIter,::std::iter::Iterator,69116,66,34
41,::std::ops,5,::std::ops::RangeFromIter,::std::iter::Iterator,27403,66,34
41,::std::ops,6,::std::ops::RangeFromIter,::std::iter::Iterator,27091,66,34
41,::std::ops,7,::std::ops::RangeFull,::std::cmp::PartialEq,1856,4,2
41,::std::ops,8,::std::ops::RangeFull,::std::cmp::Eq,76,0,0
41,::std::ops,9,::std::ops::RangeFull,::std::cmp::PartialOrd,4938,14,9
41,::std::ops,10,::std::ops::RangeFull,::std::cmp::Ord,2580,8,5
41,::std::ops,11,::std::ops::RangeInclusive,::std::cmp::PartialEq,1805,4,2
41,::std::ops,12,::std::ops::RangeInclusive,::std::cmp::Eq,67,0,0
41,::std::ops,13,::std::ops::RangeInclusive,::std::cmp::PartialOrd,5173,14,9
41,::std::ops,14,::std::ops::RangeInclusive,::std::cmp::Ord,2922,8,5
41,::std::ops,15,::std::ops::RangeInclusiveIter,::std::iter::Iterator,26052,66,34
41,::std::ops,16,::std::ops::RangeInclusiveIter,::std::iter::Iterator,25887,66,34
41,::std::ops,17,::std::ops::RangeInclusiveIter,::std::iter::Iterator,25343,66,34
41,::std::ops,18,::std::ops::RangeInclusiveIter,::std::iter::DoubleEndedIterator,3668,7,4
41,::std::ops,19,::std::ops::RangeInclusiveIter,::std::iter::ExactSizeIterator,848,2,1
41,::std::ops,20,::std::ops::RangeInclusiveIter,::std::iter::DoubleEndedIterator,2540,7,4
41,::std::ops,21,::std::ops::RangeInclusiveIter,::std::iter::ExactSizeIterator,782,2,1
41,::std::ops,22,::std::ops::RangeInclusiveIter,::std::iter::DoubleEndedIterator,2511,7,4
41,::std::ops,23,::std::ops::RangeToInclusive,::std::cmp::PartialEq,1684,4,2
41,::std::ops,24,::std::ops::RangeToInclusive,::std::cmp::Eq,51,0,0
41,::std::ops,25,::std::ops::RangeToInclusive,::std::cmp::PartialOrd,4427,14,9
41,::std::ops,26,::std::ops::RangeToInclusive,::std::cmp::Ord,2754,8,5
41,::std::ops,27,::std::ops::RangeTo,::std::cmp::PartialEq,1947,4,2
41,::std::ops,28,::std::ops::RangeTo,::std::cmp::Eq,77,0,0
41,::std::ops,29,::std::ops::RangeTo,::std::cmp::PartialOrd,4895,14,9
41,::std::ops,30,::std::ops::RangeTo,::std::cmp::Ord,69687,8,5
41,::std::ops,31,::std::ops::Range,::std::cmp::PartialEq,1759,4,2
41,::std::ops,32,::std::ops::Range,::std::cmp::Eq,75,0,0
41,::std::ops,33,::std::ops::Range,::std::cmp::PartialOrd,5419,14,9
41,::std::ops,34,::std::ops::Range,::std::cmp::Ord,3516,8,5
41,::std::ops,35,::std::ops::RangeIter,::std::iter::Iterator,30660,66,34
41,::std::ops,36,::std::ops::RangeIter,::std::iter::Iterator,28605,66,34
41,::std::ops,37,::std::ops::RangeIter,::std::iter::Iterator,28782,66,34
41,::std::ops,38,::std::ops::RangeIter,::std::iter::DoubleEndedIterator,3344,7,4
41,::std::ops,39,::std::ops::RangeIter,::std::iter::ExactSizeIterator,953,2,1
41,::std::ops,40,::std::ops::RangeIter,::std::iter::DoubleEndedIterator,2509,7,4
41,::std::ops,41,::std::ops::RangeIter,::std::iter::ExactSizeIterator,819,2,1
41,::std::ops,42,::std::ops::RangeIter,::std::iter::DoubleEndedIterator,2553,7,4
41,::std::ops,43,::std::ops::ControlFlow,::std::cmp::PartialEq,59428,4,2
41,::std::ops,44,::std::ops::ControlFlow,::std::cmp::Eq,71,0,0
41,::std::ops,45,::std::ops::ControlFlow,::std::clone::Clone,1004,2,1
41,::std::ops,46,::std::ops::Function,::std::clone::Clone,942,2,1
42,::std::iter,0,::std::iter::Rev,::std::iter::Iterator,43026,66,34
42,::std::iter,1,::std::iter::Rev,::std::iter::DoubleEndedIterator,3024,7,4
42,::std::iter,2,::std::iter::Rev,::std::iter::ExactSizeIterator,835,2,1
42,::std::iter,3,::std::iter::Chain,::std::iter::Iterator,29318,66,34
42,::std::iter,4,::std::iter::Chain,::std::iter::DoubleEndedIterator,2773,7,4
42,::std::iter,5,::std::iter::Chain,::std::iter::ExactSizeIterator,793,2,1
42,::std::iter,6,::std::iter::Enumerate,::std::iter::Iterator,40194,66,34
42,::std::iter,7,::std::iter::Enumerate,::std::iter::DoubleEndedIterator,2672,7,4
42,::std::iter,8,::std::iter::Enumerate,::std::iter::ExactSizeIterator,847,2,1
42,::std::iter,9,::std::iter::Filter,::std::iter::Iterator,29645,66,34
42,::std::iter,10,::std::iter::Filter,::std::iter::DoubleEndedIterator,2800,7,4
42,::std::iter,11,::std::iter::Map,::std::iter::Iterator,33345,66,34
42,::std::iter,12,::std::iter::Map,::std::iter::DoubleEndedIterator,2770,7,4
42,::std::iter,13,::std::iter::Map,::std::iter::ExactSizeIterator,3154,2,1
42,::std::iter,14,::std::iter::FilterMap,::std::iter::Iterator,40373,67,35
42,::std::iter,15,::std::iter::FilterMap,::std::iter::DoubleEndedIterator,3280,7,4
42,::std::iter,16,::std::iter::FlatMap,::std::iter::Iterator,30520,66,34
42,::std::iter,17,::std::iter::FlatMap,::std::iter::DoubleEndedIterator,10431,7,4
42,::std::iter,18,::std::iter::Peekable,::std::iter::Iterator,25639,66,34
42,::std::iter,19,::std::iter::Peekable,::std::iter::DoubleEndedIterator,2756,7,4
42,::std::iter,20,::std::iter::Peekable,::std::iter::ExactSizeIterator,790,2,1
42,::std::iter,21,::std::iter::Skip,::std::iter::Iterator,26159,66,34
42,::std::iter,22,::std::iter::Skip,::std::iter::DoubleEndedIterator,3724,7,4
42,::std::iter,23,::std::iter::Skip,::std::iter::ExactSizeIterator,902,2,1
42,::std::iter,24,::std::iter::Take,::std::iter::Iterator,35764,66,34
42,::std::iter,25,::std::iter::Take,::std::iter::DoubleEndedIterator,2613,7,4
42,::std::iter,26,::std::iter::Take,::std::iter::ExactSizeIterator,759,2,1
42,::std::iter,27,::std::iter::Empty,::std::iter::Iterator,40210,66,34
42,::std::iter,28,::std::iter::Empty,::std::iter::DoubleEndedIterator,2537,7,4
42,::std::iter,29,::std::iter::Once,::std::iter::Iterator,41804,66,34
42,::std::iter,30,::std::iter::Once,::std::iter::DoubleEndedIterator,2516,7,4
42,::std::ops,0,::std::ops::RangeFrom,::std::cmp::PartialEq,2020,4,2
42,::std::ops,1,::std::ops::RangeFrom,::std::cmp::Eq,97,0,0
42,::std::ops,2,::std::ops::RangeFrom,::std::cmp::PartialOrd,5509,14,9
42,::std::ops,3,::std::ops::RangeFrom,::std::cmp::Ord,3010,8,5
42,::std::ops,4,::std::ops::RangeFromIter,::std::iter::Iterator,69385,66,34
42,::std::ops,5,::std::ops::RangeFromIter,::std::iter::Iterator,27758,66,34
42,::std::ops,6,::std::ops::RangeFromIter,::std::iter::Iterator,27292,66,34
42,::std::ops,7,::std::ops::RangeFull,::std::cmp::PartialEq,1915,4,2
42,::std::ops,8,::std::ops::RangeFull,::std::cmp::Eq,88,0,0
42,::std::ops,9,::std::ops::RangeFull,::std::cmp::PartialOrd,4904,14,9
42,::std::ops,10,::std::ops::RangeFull,::std::cmp::Ord,2718,8,5
42,::std::ops,11,::std::ops::RangeInclusive,::std::cmp::PartialEq,1866,4,2
42,::std::ops,12,::std::ops::RangeInclusive,::std::cmp::Eq,49,0,0
42,::std::ops,13,::std::ops::RangeInclusive,::std::cmp::PartialOrd,5342,14,9
42,::std::ops,14,::std::ops::RangeInclusive,::std::cmp::Ord,2859,8,5
42,::std::ops,15,::std::ops::RangeInclusiveIter,::std::iter::Iterator,25982,66,34
42,::std::ops,16,::std::ops::RangeInclusiveIter,::std::iter::Iterator,25755,66,34
42,::std::ops,17,::std::ops::RangeInclusiveIter,::std::iter::Iterator,25055,66,34
42,::std::ops,18,::std::ops::RangeInclusiveIter,::std::iter::DoubleEndedIterator,3453,7,4
42,::std::ops,19,::std::ops::RangeInclusiveIter,::std::iter::ExactSizeIterator,838,2,1
42,::std::ops,20,::std::ops::RangeInclusiveIter,::std::iter::DoubleEndedIterator,2659,7,4
42,::std::ops,21,::std::ops::RangeInclusiveIter,::std::iter::ExactSizeIterator,813,2,1
42,::std::ops,22,::std::ops::RangeInclusiveIter,::std::iter::DoubleEndedIterator,2641,7,4
42,::std::ops,23,::std::ops::RangeToInclusive,::std::cmp::PartialEq,1775,4,2
42,::std::ops,24,::std::ops::RangeToInclusive,::std::cmp::Eq,49,0,0
42,::std::ops,25,::std::ops::RangeToInclusive,::std::cmp::PartialOrd,4439,14,9
42,::std::ops,26,::std::ops::RangeToInclusive,::std::cmp::Ord,2696,8,5
42,::std::ops,27,::std::ops::RangeTo,::std::cmp::PartialEq,1880,4,2
42,::std::ops,28,::std::ops::RangeTo,::std::cmp::Eq,70,0,0
42,::std::ops,29,::std::ops::RangeTo,::std::cmp::PartialOrd,4985,14,9
42,::std::ops,30,::std::ops::RangeTo,::std::cmp::Ord,69757,8,5
42,::std::ops,31,::std::ops::Range,::std::cmp::PartialEq,1821,4,2
42,::std::ops,32,::std::ops::Range,::std::cmp::Eq,50,0,0
42,::std::ops,33,::std::ops::Range,::std::cmp::PartialOrd,5476,14,9
42,::std::ops,34,::std::ops::Range,::std::cmp::Ord,3452,8,5
42,::std::ops,35,::std::ops::RangeIter,::std::iter::Iterator,30600,66,34
42,::std::ops,36,::std::ops::RangeIter,::std::iter::Iterator,28411,66,34
42,::std::ops,37,::std::ops::RangeIter,::std::iter::Iterator,28398,66,34
42,::std::ops,38,::std::ops::RangeIter,::std::iter::DoubleEndedIterator,3362,7,4
42,::std::ops,39,::std::ops::RangeIter,::std::iter::ExactSizeIterator,914,2,1
42,::std::ops,40,::std::ops::RangeIter,::std::iter::DoubleEndedIterator,2671,7,4
42,::std::ops,41,::std::ops::RangeIter,::std::iter::ExactSizeIterator,759,2,1
42,::std::ops,42,::std::ops::RangeIter,::std::iter::DoubleEndedIterator,2585,7,4
42,::std::ops,43,::std::ops::ControlFlow,::std::cmp::PartialEq,59474,4,2
42,::std::ops,44,::std::ops::ControlFlow,::std::cmp::Eq,64,0,0
42,::std::ops,45,::std::ops::ControlFlow,::std::clone::Clone,912,2,1
42,::std::ops,46,::std::ops::Function,::std::clone::Clone,914,2,1
43,::std::iter,0,::std::iter::Rev,::std::iter::Iterator,46877,66,34
43,::std::iter,1,::std::iter::Rev,::std::iter::DoubleEndedIterator,3198,7,4
43,::std::iter,2,::std::iter::Rev,::std::iter::ExactSizeIterator,866,2,1
43,::std::iter,3,::std::iter::Chain,::std::iter::Iterator,29853,66,34
43,::std::iter,4,::std::iter::Chain,::std::iter::DoubleEndedIterator,2774,7,4
43,::std::iter,5,::std::iter::Chain,::std::iter::ExactSizeIterator,819,2,1
43,::std::iter,6,::std::iter::Enumerate,::std::iter::Iterator,41767,66,34
43,::std::iter,7,::std::iter::Enumerate,::std::iter::DoubleEndedIterator,2686,7,4
43,::std::iter,8,::std::iter::Enumerate,::std::iter::ExactSizeIterator,802,2,1
43,::std::iter,9,::std::iter::Filter,::std::iter::Iterator,29577,66,34
43,::std::iter,10,::std::iter::Filter,::std::iter::DoubleEndedIterator,2720,7,4
43,::std::iter,11,::std::iter::Map,::std::iter::Iterator,32784,66,34
43,::std::iter,12,::std::iter::Map,::std::iter::DoubleEndedIterator,2709,7,4
43,::std::iter,13,::std::iter::Map,::std::iter::ExactSizeIterator,1657,2,1
43,::std::iter,14,::std::iter::FilterMap,::std::iter::Iterator,41521,67,35
43,::std::iter,15,::std::iter::FilterMap,::std::iter::DoubleEndedIterator,3292,7,4
43,::std::iter,16,::std::iter::FlatMap,::std::iter::Iterator,25971,66,34
43,::std::iter,17,::std::iter::FlatMap,::std::iter::DoubleEndedIterator,10362,7,4
43,::std::iter,18,::std::iter::Peekable,::std::iter::Iterator,25825,66,34
43,::std::iter,19,::std::iter::Peekable,::std::iter::DoubleEndedIterator,2694,7,4
43,::std::iter,20,::std::iter::Peekable,::std::iter::ExactSizeIterator,810,2,1
43,::std::iter,21,::std::iter::Skip,::std::iter::Iterator,30802,66,34
43,::std::iter,22,::std::iter::Skip,::std::iter::DoubleEndedIterator,3654,7,4
43,::std::iter,23,::std::iter::Skip,::std::iter::ExactSizeIterator,955,2,1
43,::std::iter,24,::std::iter::Take,::std::iter::Iterator,34154,66,34
43,::std::iter,25,::std::iter::Take,::std::iter::DoubleEndedIterator,2565,7,4
43,::std::iter,26,::std::iter::Take,::std::iter::ExactSizeIterator,762,2,1
43,::std::iter,27,::std::iter::Empty,::std::iter::Iterator,42400,66,34
43,::std::iter,28,::std::iter::Empty,::std::iter::DoubleEndedIterator,2516,7,4
43,::std::iter,29,::std::iter::Once,::std::iter::Iterator,46269,66,34
43,::std::iter,30,::std::iter::Once,::std::iter::DoubleEndedIterator,2422,7,4
43,::std::ops,0,::std::ops::RangeFrom,::std::cmp::PartialEq,2036,4,2
43,::std::ops,1,::std::ops::RangeFrom,::std::cmp::Eq,109,0,0
43,::std::ops,2,::std::ops::RangeFrom,::std::cmp::PartialOrd,5556,14,9
43,::std::ops,3,::std::ops::RangeFrom,::std::cmp::Ord,2911,8,5
43,::std::ops,4,::std::ops::RangeFromIter,::std::iter::Iterator,70691,66,34
43,::std::ops,5,::std::ops::RangeFromIter,::std::iter::Iterator,27581,66,34
43,::std::ops,6,::std::ops::RangeFromIter,::std::iter::Iterator,27631,66,34
43,::std::ops,7,::std::ops::RangeFull,::std::cmp::PartialEq,1942,4,2
43,::std::ops,8,::std::ops::RangeFull,::std::cmp::Eq,68,0,0
43,::std::ops,9,::std::ops::RangeFull,::std::cmp::PartialOrd,5107,14,9
43,::std::ops,10,::std::ops::RangeFull,::std::cmp::Ord,2806,8,5
43,::std::ops,11,::std::ops::RangeInclusive,::std::cmp::PartialEq,1787,4,2
43,::std::ops,12,::std::ops::RangeInclusive,::std::cmp::Eq,83,0,0
43,::std::ops,13,::std::ops::RangeInclusive,::std::cmp::PartialOrd,5256,14,9
43,::std::ops,14,::std::ops::RangeInclusive,::std::cmp::Ord,2807,8,5
43,::std::ops,15,::std::ops::RangeInclusiveIter,::std::iter::Iterator,26766,66,34
43,::std::ops,16,::std::ops::RangeInclusiveIter,::std::iter::Iterator,26172,66,34
43,::std::ops,17,::std::ops::RangeInclusiveIter,::std::iter::Iterator,25527,66,34
43,::std::ops,18,::std::ops::RangeInclusiveIter,::std::iter::DoubleEndedIterator,3566,7,4
43,::std::ops,19,::std::ops::RangeInclusiveIter,::std::iter::ExactSizeIterator,875,2,1
43,::std::ops,20,::std::ops::RangeInclusiveIter,::std::iter::DoubleEndedIterator,2610,7,4
43,::std::ops,21,::std::ops::RangeInclusiveIter,::std::iter::ExactSizeIterator,833,2,1
43,::std::ops,22,::std::ops::RangeInclusiveIter,::std::iter::DoubleEndedIterator,2492,7,4
43,::std::ops,23,::std::ops::RangeToInclusive,::std::cmp::PartialEq,1794,4,2
43,::std::ops,24,::std::ops::RangeToInclusive,::std::cmp::Eq,62,0,0
43,::std::ops,25,::std::ops::RangeToInclusive,::std::cmp::PartialOrd,4555,14,9
43,::std::ops,26,::std::ops::RangeToInclusive,::std::cmp::Ord,2734,8,5
43,::std::ops,27,::std::ops::RangeTo,::std::cmp::PartialEq,1838,4,2
43,::std::ops,28,::std::ops::RangeTo,::std::cmp::Eq,69,0,0
43,::std::ops,29,::std::ops::RangeTo,::std::cmp::PartialOrd,4874,14,9
43,::std::ops,30,::std::ops::RangeTo,::std::cmp::Ord,70458,8,5
43,::std::ops,31,::std::ops::Range,::std::cmp::PartialEq,1850,4,2
43,::std::ops,32,::std::ops::Range,::std::cmp::Eq,60,0,0
43,::std::ops,33,::std::ops::Range,::std::cmp::PartialOrd,5625,14,9
43,::std::ops,34,::std::ops::Range,::std::cmp::Ord,3514,8,5
43,::std::ops,35,::std::ops::RangeIter,::std::iter::Iterator,30615,66,34
43,::std::ops,36,::std::ops::RangeIter,::std::iter::Iterator,28859,66,34
43,::std::ops,37,::std::ops::RangeIter,::std::iter::Iterator,28542,66,34
43,::std::ops,38,::std::ops::RangeIter,::std::iter::DoubleEndedIterator,3331,7,4
43,::std::ops,39,::std::ops::RangeIter,::std::iter::ExactSizeIterator,949,2,1
43,::std::ops,40,::std::ops::RangeIter,::std::iter::DoubleEndedIterator,2512,7,4
43,::std::ops,41,::std::ops::RangeIter,::std::iter::ExactSizeIterator,794,2,1
43,::std::ops,42,::std::ops::RangeIter,::std::iter::DoubleEndedIterator,2531,7,4
43,::std::ops,43,::std::ops::ControlFlow,::std::cmp::PartialEq,59336,4,2
43,::std::ops,44,::std::ops::ControlFlow,::std::cmp::Eq,70,0,0
43,::std::ops,45,::std::ops::ControlFlow,::std::clone::Clone,974,2,1
43,::std::ops,46,::std::ops::Function,::std::clone::Clone,935,2,1
44,::std::iter,0,::std::iter::Rev,::std::iter::Iterator,42224,66,34
44,::std::iter,1,::std::iter::Rev,::std::iter::DoubleEndedIterator,3262,7,4
44,::std::iter,2,::std::iter::Rev,::std::iter::ExactSizeIterator,814,2,1
44,::std::iter,3,::std::iter::Chain,::std::iter::Iterator,30084,66,34
44,::std::iter,4,::std::iter::Chain,::std::iter::DoubleEndedIterator,2762,7,4
44,::std::iter,5,::std::iter::Chain,::std::iter::ExactSizeIterator,800,2,1
44,::std::iter,6,::std::iter::Enumerate,::std::iter::Iterator,46382,66,34
44,::std::iter,7,::std::iter::Enumerate,::std::iter::DoubleEndedIterator,2783,7,4
44,::std::iter,8,::std::iter::Enumerate,::std::iter::ExactSizeIterator,866,2,1
44,::std::iter,9,::std::iter::Filter,::std::iter::Iterator,30054,66,34
44,::std::iter,10,::std::iter::Filter,::std::iter::DoubleEndedIterator,2881,7,4
44,::std::iter,11,::std::iter::Map,::std::iter::Iterator,33666,66,34
44,::std::iter,12,::std::iter::Map,::std::iter::DoubleEndedIterator,2829,7,4
44,::std::iter,13,::std::iter::Map,::std::iter::ExactSizeIterator,1617,2,1
44,::std::iter,14,::std::iter::FilterMap,::std::iter::Iterator,42135,67,35
44,::std::iter,15,::std::iter::FilterMap,::std::iter::DoubleEndedIterator,3470,7,4
44,::std::iter,16,::std::iter::FlatMap,::std::iter::Iterator,25934,66,34
44,::std::iter,17,::std::iter::FlatMap,::std::iter::DoubleEndedIterator,10337,7,4
44,::std::iter,18,::std::iter::Peekable,::std::iter::Iterator,25964,66,34
44,::std::iter,19,::std::iter::Peekable,::std::iter::DoubleEndedIterator,2709,7,4
44,::std::iter,20,::std::iter::Peekable,::std::iter::ExactSizeIterator,861,2,1
44,::std::iter,21,::std::iter::Skip,::std::iter::Iterator,26241,66,34
44,::std::iter,22,::std::iter::Skip,::std::iter::DoubleEndedIterator,3640,7,4
44,::std::iter,23,::std::iter::Skip,::std::iter::ExactSizeIterator,1002,2,1
44,::std::iter,24,::std::iter::Take,::std::iter::Iterator,39258,66,34
44,::std::iter,25,::std::iter::Take,::std::iter::DoubleEndedIterator,2516,7,4
44,::std::iter,26,::std::iter::Take,::std::iter::ExactSizeIterator,747,2,1
44,::std::iter,27,::std::iter::Empty,::std::iter::Iterator,42119,66,34
44,::std::iter,28,::std::iter::Empty,::std::iter::DoubleEndedIterator,2545,7,4
44,::std::iter,29,::std::iter::Once,::std::iter::Iterator,40141,66,34
44,::std::iter,30,::std::iter::Once,::std::iter::DoubleEndedIterator,2420,7,4
44,::std::ops,0,::std::ops::RangeFrom,::std::cmp::PartialEq,1984,4,2
44,::std::ops,1,::std::ops::RangeFrom,::std::cmp::Eq,97,0,0
44,::std::ops,2,::std::ops::RangeFrom,::std::cmp::PartialOrd,5581,14,9
44,::std::ops,3,::std::ops::RangeFrom,::std::cmp::Ord,2875,8,5
44,::std::ops,4,::std::ops::RangeFromIter,::std::iter::Iterator,70596,66,34
44,::std::ops,5,::std::ops::RangeFromIter,::std::iter::Iterator,27857,66,34
44,::std::ops,6,::std::ops::RangeFromIter,::std::iter::Iterator,27283,66,34
44,::std::ops,7,::std::ops::RangeFull,::std::cmp::PartialEq,1828,4,2
44,::std::ops,8,::std::ops::RangeFull,::std::cmp::Eq,50,0,0
44,::std::ops,9,::std::ops::RangeFull,::std::cmp::PartialOrd,4941,14,9
44,::std::ops,10,::std::ops::RangeFull,::std::cmp::Ord,2704,8,5
44,::std::ops,11,::std::ops::RangeInclusive,::std::cmp::PartialEq,1773,4,2
44,::std::ops,12,::std::ops::RangeInclusive,::std::cmp::Eq,59,0,0
44,::std::ops,13,::std::ops::RangeInclusive,::std::cmp::PartialOrd,5355,14,9
44,::std::ops,14,::std::ops::RangeInclusive,::std::cmp::Ord,2741,8,5
44,::std::ops,15,::std::ops::RangeInclusiveIter,::std::iter::Iterator,25987,66,34
44,::std::ops,16,::std::ops::RangeInclusiveIter,::std::iter::Iterator,26384,66,34
44,::std::ops,17,::std::ops::RangeInclusiveIter,::std::iter::Iterator,25260,66,34
44,::std::ops,18,::std::ops::RangeInclusiveIter,::std::iter::DoubleEndedIterator,3500,7,4
44,::std::ops,19,::std::ops::RangeInclusiveIter,::std::iter::ExactSizeIterator,841,2,1
44,::std::ops,20,::std::ops::RangeInclusiveIter,::std::iter::DoubleEndedIterator,2605,7,4
44,::std::ops,21,::std::ops::RangeInclusiveIter,::std::iter::ExactSizeIterator,798,2,1
44,::std::ops,22,::std::ops::RangeInclusiveIter,::std::iter::DoubleEndedIterator,2620,7,4
44,::std::ops,23,::std::ops::RangeToInclusive,::std::cmp::PartialEq,1852,4,2
44,::std::ops,24,::std::ops::RangeToInclusive,::std::cmp::Eq,70,0,0
44,::std::ops,25,::std::ops::RangeToInclusive,::std::cmp::PartialOrd,4401,14,9
44,::std::ops,26,::std::ops::RangeToInclusive,::std::cmp::Ord,2681,8,5
44,::std::ops,27,::std::ops::RangeTo,::std::cmp::PartialEq,1860,4,2
44,::std::ops,28,::std::ops::RangeTo,::std::cmp::Eq,74,0,0
44,::std::ops,29,::std::ops::RangeTo,::std::cmp::PartialOrd,4938,14,9
44,::std::ops,30,::std::ops::RangeTo,::std::cmp::Ord,69892,8,5
44,::std::ops,31,::std::ops::Range,::std::cmp::PartialEq,1768,4,2
44,::std::ops,32,::std::ops::Range,::std::cmp::Eq,74,0,0
44,::std::ops,33,::std::ops::Range,::std::cmp::PartialOrd,5726,14,9
44,::std::ops,34,::std::ops::Range,::std::cmp::Ord,3333,8,5
44,::std::ops,35,::std::ops::RangeIter,::std::iter::Iterator,30938,66,34
44,::std::ops,36,::std::ops::RangeIter,::std::iter::Iterator,28475,66,34
44,::std::ops,37,::std::ops::RangeIter,::std::iter::Iterator,28908,66,34
44,::std::ops,38,::std::ops::RangeIter,::std::iter::DoubleEndedIterator,3353,7,4
44,::std::ops,39,::std::ops::RangeIter,::std::iter::ExactSizeIterator,970,2,1
44,::std::ops,40,::std::ops::RangeIter,::std::iter::DoubleEndedIterator,2465,7,4
44,::std::ops,41,::std::ops::RangeIter,::std::iter::ExactSizeIterator,765,2,1
44,::std::ops,42,::std::ops::RangeIter,::std::iter::DoubleEndedIterator,2477,7,4
44,::std::ops,43,::std::ops::ControlFlow,::std::cmp::PartialEq,59535,4,2
44,::std::ops,44,::std::ops::ControlFlow,::std::cmp::Eq,62,0,0
44,::std::ops,45,::std::ops::ControlFlow,::std::clone::Clone,981,2,1
44,::std::ops,46,::std::ops::Function,::std::clone::Clone,919,2,1
45,::std::iter,0,::std::iter::Rev,::std::iter::Iterator,43617,66,34
45,::std::iter,1,::std::iter::Rev,::std::iter::DoubleEndedIterator,3158,7,4
45,::std::iter,2,::std::iter::Rev,::std::iter::ExactSizeIterator,839,2,1
45,::std::iter,3,::std::iter::Chain,::std::iter::Iterator,34447,66,34
45,::std::iter,4,::std::iter::Chain,::std::iter::DoubleEndedIterator,2983,7,4
45,::std::iter,5,::std::iter::Chain,::std::iter::ExactSizeIterator,805,2,1
45,::std::iter,6,::std::iter::Enumerate,::std::iter::Iterator,42116,66,34
45,::std::iter,7,::std::iter::Enumerate,::std::iter::DoubleEndedIterator,2778,7,4
45,::std::iter,8,::std::iter::Enumerate,::std::iter::ExactSizeIterator,894,2,1
45,::std::iter,9,::std::iter::Filter,::std::iter::Iterator,30223,66,34
45,::std::iter,10,::std::iter::Filter,::std::iter::DoubleEndedIterator,2821,7,4
45,::std::iter,11,::std::iter::Map,::std::iter::Iterator,33035,66,34
45,::std::iter,12,::std::iter::Map,::std::iter::DoubleEndedIterator,2761,7,4
45,::std::iter,13,::std::iter::Map,::std::iter::ExactSizeIterator,1610,2,1
45,::std::iter,14,::std::iter::FilterMap,::std::iter::Iterator,40388,67,35
45,::std::iter,15,::std::iter::FilterMap,::std::iter::DoubleEndedIterator,3306,7,4
45,::std::iter,16,::std::iter::FlatMap,::std::iter::Iterator,32463,66,34
45,::std::iter,17,::std::iter::FlatMap,::std::iter::DoubleEndedIterator,12381,7,4
45,::std::iter,18,::std::iter::Peekable,::std::iter::Iterator,26105,66,34
45,::std::iter,19,::std::iter::Peekable,::std::iter::DoubleEndedIterator,2725,7,4
45,::std::iter,20,::std::iter::Peekable,::std::iter::ExactSizeIterator,829,2,1
45,::std::iter,21,::std::iter::Skip,::std::iter::Iterator,26688,66,34
45,::std::iter,22,::std::iter::Skip,::std::iter::DoubleEndedIterator,3768,7,4
45,::std::iter,23,::std::iter::Skip,::std::iter::ExactSizeIterator,1013,2,1
45,::std::iter,24,::std::iter::Take,::std::iter::Iterator,34032,66,34
45,::std::iter,25,::std::iter::Take,::std::iter::DoubleEndedIterator,2531,7,4
45,::std::iter,26,::std::iter::Take,::std::iter::ExactSizeIterator,731,2,1
45,::std::iter,27,::std::iter::Empty,::std::iter::Iterator,42252,66,34
45,::std::iter,28,::std::iter::Empty,::std::iter::DoubleEndedIterator,2495,7,4
45,::std::iter,29,::std::iter::Once,::std::iter::Iterator,41233,66,34
45,::std::iter,30,::std::iter::Once,::std::iter::DoubleEndedIterator,2366,7,4
45,::std::ops,0,::std::ops::RangeFrom,::std::cmp::PartialEq,1971,4,2
45,::std::ops,1,::std::ops::RangeFrom,::std::cmp::Eq,104,0,0
45,::std::ops,2,::std::ops::RangeFrom,::std::cmp::PartialOrd,5522,14,9
45,::std::ops,3,::std::ops::RangeFrom,::std::cmp::Ord,2977,8,5
45,::std::ops,4,::std::ops::RangeFromIter,::std::iter::Iterator,69358,66,34
45,::std::ops,5,::std::ops::RangeFromIter,::std::iter::Iterator,28034,66,34
45,::std::ops,6,::std::ops::RangeFromIter,::std::iter::Iterator,27393,66,34
45,::std::ops,7,::std::ops::RangeFull,::std::cmp::PartialEq,1895,4,2
45,::std::ops,8,::std::ops::RangeFull,::std::cmp::Eq,78,0,0
45,::std::ops,9,::std::ops::RangeFull,::std::cmp::PartialOrd,5064,14,9
45,::std::ops,10,::std::ops::RangeFull,::std::cmp::Ord,2663,8,5
45,::std::ops,11,::std::ops::RangeInclusive,::std::cmp::PartialEq,1809,4,2
45,::std::ops,12,::std::ops::RangeInclusive,::std::cmp::Eq,75,0,0
45,::std::ops,13,::std::ops::RangeInclusive,::std::cmp::PartialOrd,6984,14,9
45,::std::ops,14,::std::ops::RangeInclusive,::std::cmp::Ord,2854,8,5
45,::std::ops,15,::std::ops::RangeInclusiveIter,::std::iter::Iterator,26282,66,34
45,::std::ops,16,::std::ops::RangeInclusiveIter,::std::iter::Iterator,25725,66,34
45,::std::ops,17,::std::ops::RangeInclusiveIter,::std::iter::Iterator,26168,66,34
45,::std::ops,18,::std::ops::RangeInclusiveIter,::std::iter::DoubleEndedIterator,3529,7,4
45,::std::ops,19,::std::ops::RangeInclusiveIter,::std::iter::ExactSizeIterator,833,2,1
45,::std::ops,20,::std::ops::RangeInclusiveIter,::std::iter::DoubleEndedIterator,2530,7,4
45,::std::ops,21,::std::ops::RangeInclusiveIter,::std::iter::ExactSizeIterator,810,2,1
45,::std::ops,22,::std::ops::RangeInclusiveIter,::std::iter::DoubleEndedIterator,2497,7,4
45,::std::ops,23,::std::ops::RangeToInclusive,::std::cmp::PartialEq,1778,4,2
45,::std::ops,24,::std::ops::RangeToInclusive,::std::cmp::Eq,75,0,0
45,::std::ops,25,::std::ops::RangeToInclusive,::std::cmp::PartialOrd,4547,14,9
45,::std::ops,26,::std::ops::RangeToInclusive,::std::cmp::Ord,2661,8,5
45,::std::ops,27,::std::ops::RangeTo,::std::cmp::PartialEq,1935,4,2
45,::std::ops,28,::std::ops::RangeTo,::std::cmp::Eq,87,0,0
45,::std::ops,29,::std::ops::RangeTo,::std::cmp::PartialOrd,5033,14,9
45,::std::ops,30,::std::ops::RangeTo,::std::cmp::Ord,65332,8,5
45,::std::ops,31,::std::ops::Range,::std::cmp::PartialEq,1849,4,2
45,::std::ops,32,::std::ops::Range,::std::cmp::Eq,73,0,0
45,::std::ops,33,::std::ops::Range,::std::cmp::PartialOrd,5528,14,9
45,::std::ops,34,::std::ops::Range,::std::cmp::Ord,3383,8,5
45,::std::ops,35,::std::ops::RangeIter,::std::iter::Iterator,32423,66,34
45,::std::ops,36,::std::ops::RangeIter,::std::iter::Iterator,28613,66,34
45,::std::ops,37,::std::ops::RangeIter,::std::iter::Iterator,28203,66,34
45,::std::ops,38,::std::ops::RangeIter,::std::iter::DoubleEndedIterator,3302,7,4
45,::std::ops,39,::std::ops::RangeIter,::std::iter::ExactSizeIterator,968,2,1
45,::std::ops,40,::std::ops::RangeIter,::std::iter::DoubleEndedIterator,2574,7,4
45,::std::ops,41,::std::ops::RangeIter,::std::iter::ExactSizeIterator,761,2,1
45,::std::ops,42,::std::ops::RangeIter,::std::iter::DoubleEndedIterator,2485,7,4
45,::std::ops,43,::std::ops::ControlFlow,::std::cmp::PartialEq,57895,4,2
45,::std::ops,44,::std::ops::ControlFlow,::std::cmp::Eq,62,0,0
45,::std::ops,45,::std::ops::ControlFlow,::std::clone::Clone,981,2,1
45,::std::ops,46,::std::ops::Function,::std::clone::Clone,947,2,1
46,::std::iter,0,::std::iter::Rev,::std::iter::Iterator,43561,66,34
46,::std::iter,1,::std::iter::Rev,::std::iter::DoubleEndedIterator,3183,7,4
46,::std::iter,2,::std::iter::Rev,::std::iter::ExactSizeIterator,841,2,1
46,::std::iter,3,::std::iter::Chain,::std::iter::Iterator,30100,66,34
46,::std::iter,4,::std::iter::Chain,::std::iter::DoubleEndedIterator,2877,7,4
46,::std::iter,5,::std::iter::Chain,::std::iter::ExactSizeIterator,817,2,1
46,::std::iter,6,::std::iter::Enumerate,::std::iter::Iterator,44977,66,34
46,::std::iter,7,::std::iter::Enumerate,::std::iter::DoubleEndedIterator,2786,7,4
46,::std::iter,8,::std::iter::Enumerate,::std::iter::ExactSizeIterator,852,2,1
46,::std::iter,9,::std::iter::Filter,::std::iter::Iterator,29923,66,34
46,::std::iter,10,::std::iter::Filter,::std::iter::DoubleEndedIterator,2786,7,4
46,::std::iter,11,::std::iter::Map,::std::iter::Iterator,40923,66,34
46,::std::iter,12,::std::iter::Map,::std::iter::DoubleEndedIterator,2674,7,4
46,::std::iter,13,::std::iter::Map,::std::iter::ExactSizeIterator,1638,2,1
46,::std::iter,14,::std::iter::FilterMap,::std::iter::Iterator,40523,67,35
46,::std::iter,15,::std::iter::FilterMap,::std::iter::DoubleEndedIterator,3281,7,4
46,::std::iter,16,::std::iter::FlatMap,::std::iter::Iterator,26152,66,34
46,::std::iter,17,::std::iter::FlatMap,::std::iter::DoubleEndedIterator,10641,7,4
46,::std::iter,18,::std::iter::Peekable,::std::iter::Iterator,25952,66,34
46,::std::iter,19,::std::iter::Peekable,::std::iter::DoubleEndedIterator,2760,7,4
46,::std::iter,20,::std::iter::Peekable,::std::iter::ExactSizeIterator,844,2,1
46,::std::iter,21,::std::iter::Skip,::std::iter::Iterator,26136,66,34
46,::std::iter,22,::std::iter::Skip,::std::iter::DoubleEndedIterator,5250,7,4
46,::std::iter,23,::std::iter::Skip,::std::iter::ExactSizeIterator,952,2,1
46,::std::iter,24,::std::iter::Take,::std::iter::Iterator,34198,66,34
46,::std::iter,25,::std::iter::Take,::std::iter::DoubleEndedIterator,2490,7,4
46,::std::iter,26,::std::iter::Take,::std::iter::ExactSizeIterator,735,2,1
46,::std::iter,27,::std::iter::Empty,::std::iter::Iterator,40008,66,34
46,::std::iter,28,::std::iter::Empty,::std::iter::DoubleEndedIterator,2424,7,4
46,::std::iter,29,::std::iter::Once,::std::iter::Iterator,41628,66,34
46,::std::iter,30,::std::iter::Once,::std::iter::DoubleEndedIterator,2414,7,4
46,::std::ops,0,::std::ops::RangeFrom,::std::cmp::PartialEq,1971,4,2
46,::std::ops,1,::std::ops::RangeFrom,::std::cmp::Eq,105,0,0
46,::std::ops,2,::std::ops::RangeFrom,::std::cmp::PartialOrd,5661,14,9
46,::std::ops,3,::std::ops::RangeFrom,::std::cmp::Ord,2914,8,5
46,::std::ops,4,::std::ops::RangeFromIter,::std::iter::Iterator,68677,66,34
46,::std::ops,5,::std::ops::RangeFromIter,::std::iter::Iterator,27684,66,34
46,::std::ops,6,::std::ops::RangeFromIter,::std::iter::Iterator,27400,66,34
46,::std::ops,7,::std::ops::RangeFull,::std::cmp::PartialEq,1895,4,2
46,::std::ops,8,::std::ops::RangeFull,::std::cmp::Eq,59,0,0
46,::std::ops,9,::std::ops::RangeFull,::std::cmp::PartialOrd,4855,14,9
46,::std::ops,10,::std::ops::RangeFull,::std::cmp::Ord,2551,8,5
46,::std::ops,11,::std::ops::RangeInclusive,::std::cmp::PartialEq,1763,4,2
46,::std::ops,12,::std::ops::RangeInclusive,::std::cmp::Eq,52,0,0
46,::std::ops,13,::std::ops::RangeInclusive,::std::cmp::PartialOrd,5281,14,9
46,::std::ops,14,::std::ops::RangeInclusive,::std::cmp::Ord,2775,8,5
46,::std::ops,15,::std::ops::RangeInclusiveIter,::std::iter::Iterator,26644,66,34
46,::std::ops,16,::std::ops::RangeInclusiveIter,::std::iter::Iterator,26398,66,34
46,::std::ops,17,::std::ops::RangeInclusiveIter,::std::iter::Iterator,25485,66,34
46,::std::ops,18,::std::ops::RangeInclusiveIter,::std::iter::DoubleEndedIterator,3543,7,4
46,::std::ops,19,::std::ops::RangeInclusiveIter,::std::iter::ExactSizeIterator,855,2,1
46,::std::ops,20,::std::ops::RangeInclusiveIter,::std::iter::DoubleEndedIterator,2709,7,4
46,::std::ops,21,::std::ops::RangeInclusiveIter,::std::iter::ExactSizeIterator,821,2,1
46,::std::ops,22,::std::ops::RangeInclusiveIter,::std::iter::DoubleEndedIterator,2604,7,4
46,::std::ops,23,::std::ops::RangeToInclusive,::std::cmp::PartialEq,1873,4,2
46,::std::ops,24,::std::ops::RangeToInclusive,::std::cmp::Eq,58,0,0
46,::std::ops,25,::std::ops::RangeToInclusive,::std::cmp::PartialOrd,4452,14,9
46,::std::ops,26,::std::ops::RangeToInclusive,::std::cmp::Ord,2759,8,5
46,::std::ops,27,::std::ops::RangeTo,::std::cmp::PartialEq,1932,4,2
46,::std::ops,28,::std::ops::RangeTo,::std::cmp::Eq,73,0,0
46,::std::ops,29,::std::ops::RangeTo,::std::cmp::PartialOrd,4968,14,9
46,::std::ops,30,::std::ops::RangeTo,::std::cmp::Ord,69372,8,5
46,::std::ops,31,::std::ops::Range,::std::cmp::PartialEq,1850,4,2
46,::std::ops,32,::std::ops::Range,::std::cmp::Eq,57,0,0
46,::std::ops,33,::std::ops::Range,::std::cmp::PartialOrd,5704,14,9
46,::std::ops,34,::std::ops::Range,::std::cmp::Ord,3588,8,5
46,::std::ops,35,::std::ops::RangeIter,::std::iter::Iterator,30501,66,34
46,::std::ops,36,::std::ops::RangeIter,::std::iter::Iterator,28691,66,34
46,::std::ops,37,::std::ops::RangeIter,::std::iter::Iterator,30018,66,34
46,::std::ops,38,::std::ops::RangeIter,::std::iter::DoubleEndedIterator,3390,7,4
46,::std::ops,39,::std::ops::RangeIter,::std::iter::ExactSizeIterator,918,2,1
46,::std::ops,40,::std::ops::RangeIter,::std::iter::DoubleEndedIterator,2558,7,4
46,::std::ops,41,::std::ops::RangeIter,::std::iter::ExactSizeIterator,790,2,1
46,::std::ops,42,::std::ops::RangeIter,::std::iter::DoubleEndedIterator,2613,7,4
46,::std::ops,43,::std::ops::ControlFlow,::std::cmp::PartialEq,61829,4,2
46,::std::ops,44,::std::ops::ControlFlow,::std::cmp::Eq,71,0,0
46,::std::ops,45,::std::ops::ControlFlow,::std::clone::Clone,1003,2,1
46,::std::ops,46,::std::ops::Function,::std::clone::Clone,977,2,1
47,::std::iter,0,::std::iter::Rev,::std::iter::Iterator,45915,66,34
47,::std::iter,1,::std::iter::Rev,::std::iter::DoubleEndedIterator,3256,7,4
47,::std::iter,2,::std::iter::Rev,::std::iter::ExactSizeIterator,879,2,1
47,::std::iter,3,::std::iter::Chain,::std::iter::Iterator,30268,66,34
47,::std::iter,4,::std::iter::Chain,::std::iter::DoubleEndedIterator,2831,7,4
47,::std::iter,5,::std::iter::Chain,::std::iter::ExactSizeIterator,776,2,1
47,::std::iter,6,::std::iter::Enumerate,::std::iter::Iterator,40490,66,34
47,::std::iter,7,::std::iter::Enumerate,::std::iter::DoubleEndedIterator,2768,7,4
47,::std::iter,8,::std::iter::Enumerate,::std::iter::ExactSizeIterator,863,2,1
47,::std::iter,9,::std::iter::Filter,::std::iter::Iterator,30104,66,34
47,::std::iter,10,::std::iter::Filter,::std::iter::DoubleEndedIterator,2783,7,4
47,::std::iter,11,::std::iter::Map,::std::iter::Iterator,34622,66,34
47,::std::iter,12,::std::iter::Map,::std::iter::DoubleEndedIterator,2619,7,4
47,::std::iter,13,::std::iter::Map,::std::iter::ExactSizeIterator,1660,2,1
47,::std::iter,14,::std::iter::FilterMap,::std::iter::Iterator,40936,67,35
47,::std::iter,15,::std::iter::FilterMap,::std::iter::DoubleEndedIterator,7866,7,4
47,::std::iter,16,::std::iter::FlatMap,::std::iter::Iterator,25949,66,34
47,::std::iter,17,::std::iter::FlatMap,::std::iter::DoubleEndedIterator,10433,7,4
47,::std::iter,18,::std::iter::Peekable,::std::iter::Iterator,26079,66,34
47,::std::iter,19,::std::iter::Peekable,::std::iter::DoubleEndedIterator,2771,7,4
47,::std::iter,20,::std::iter::Peekable,::std::iter::ExactSizeIterator,884,2,1
47,::std::iter,21,::std::iter::Skip,::std::iter::Iterator,26037,66,34
47,::std::iter,22,::std::iter::Skip,::std::iter::DoubleEndedIterator,3796,7,4
47,::std::iter,23,::std::iter::Skip,::std::iter::ExactSizeIterator,1027,2,1
47,::std::iter,24,::std::iter::Take,::std::iter::Iterator,36206,66,34
47,::std::iter,25,::std::iter::Take,::std::iter::DoubleEndedIterator,2633,7,4
47,::std::iter,26,::std::iter::Take,::std::iter::ExactSizeIterator,722,2,1
47,::std::iter,27,::std::iter::Empty,::std::iter::Iterator,40559,66,34
47,::std::iter,28,::std::iter::Empty,::std::iter::DoubleEndedIterator,2453,7,4
47,::std::iter,29,::std::iter::Once,::std::iter::Iterator,42234,66,34
47,::std::iter,30,::std::iter::Once,::std::iter::DoubleEndedIterator,2475,7,4
47,::std::ops,0,::std::ops::RangeFrom,::std::cmp::PartialEq,2052,4,2
47,::std::ops,1,::std::ops::RangeFrom,::std::cmp::Eq,97,0,0
47,::std::ops,2,::std::ops::RangeFrom,::std::cmp::PartialOrd,5596,14,9
47,::std::ops,3,::std::ops::RangeFrom,::std::cmp::Ord,2933,8,5
47,::std::ops,4,::std::ops::RangeFromIter,::std::iter::Iterator,69119,66,34
47,::std::ops,5,::std::ops::RangeFromIter,::std::iter::Iterator,27793,66,34
47,::std::ops,6,::std::ops::RangeFromIter,::std::iter::Iterator,27296,66,34
47,::std::ops,7,::std::ops::RangeFull,::std::cmp::PartialEq,1848,4,2
47,::std::ops,8,::std::ops::RangeFull,::std::cmp::Eq,59,0,0
47,::std::ops,9,::std::ops::RangeFull,::std::cmp::PartialOrd,5074,14,9
47,::std::ops,10,::std::ops::RangeFull,::std::cmp::Ord,2651,8,5
47,::std::ops,11,::std::ops::RangeInclusive,::std::cmp::PartialEq,1786,4,2
47,::std::ops,12,::std::ops::RangeInclusive,::std::cmp::Eq,60,0,0
47,::std::ops,13,::std::ops::RangeInclusive,::std::cmp::PartialOrd,5327,14,9
47,::std::ops,14,::std::ops::RangeInclusive,::std::cmp::Ord,2862,8,5
47,::std::ops,15,::std::ops::RangeInclusiveIter,::std::iter::Iterator,26181,66,34
47,::std::ops,16,::std::ops::RangeInclusiveIter,::std::iter::Iterator,25999,66,34
47,::std::ops,17,::std::ops::RangeInclusiveIter,::std::iter::Iterator,25649,66,34
47,::std::ops,18,::std::ops::RangeInclusiveIter,::std::iter::DoubleEndedIterator,3470,7,4
47,::std::ops,19,::std::ops::RangeInclusiveIter,::std::iter::ExactSizeIterator,824,2,1
47,::std::ops,20,::std::ops::RangeInclusiveIter,::std::iter::DoubleEndedIterator,2629,7,4
47,::std::ops,21,::std::ops::RangeInclusiveIter,::std::iter::ExactSizeIterator,785,2,1
47,::std::ops,22,::std::ops::RangeInclusiveIter,::std::iter::DoubleEndedIterator,2475,7,4
47,::std::ops,23,::std::ops::RangeToInclusive,::std::cmp::PartialEq,1728,4,2
47,::std::ops,24,::std::ops::RangeToInclusive,::std::cmp::Eq,60,0,0
47,::std::ops,25,::std::ops::RangeToInclusive,::std::cmp::PartialOrd,4373,14,9
47,::std::ops,26,::std::ops::RangeToInclusive,::std::cmp::Ord,2693,8,5
47,::std::ops,27,::std::ops::RangeTo,::std::cmp::PartialEq,1907,4,2
47,::std::ops,28,::std::ops::RangeTo,::std::cmp::Eq,70,0,0
47,::std::ops,29,::std::ops::RangeTo,::std::cmp::PartialOrd,5064,14,9
47,::std::ops,30,::std::ops::RangeTo,::std::cmp::Ord,75505,8,5
47,::std::ops,31,::std::ops::Range,::std::cmp::PartialEq,1956,4,2
47,::std::ops,32,::std::ops::Range,::std::cmp::Eq,71,0,0
47,::std::ops,33,::std::ops::Range,::std::cmp::PartialOrd,5547,14,9
47,::std::ops,34,::std::ops::Range,::std::cmp::Ord,3448,8,5
47,::std::ops,35,::std::ops::RangeIter,::std::iter::Iterator,30885,66,34
47,::std::ops,36,::std::ops::RangeIter,::std::iter::Iterator,28319,66,34
47,::std::ops,37,::std::ops::RangeIter,::std::iter::Iterator,28781,66,34
47,::std::ops,38,::std::ops::RangeIter,::std::iter::DoubleEndedIterator,3392,7,4
47,::std::ops,39,::std::ops::RangeIter,::std::iter::ExactSizeIterator,959,2,1
47,::std::ops,40,::std::ops::RangeIter,::std::iter::DoubleEndedIterator,2521,7,4
47,::std::ops,41,::std::ops::RangeIter,::std::iter::ExactSizeIterator,781,2,1
47,::std::ops,42,::std::ops::RangeIter,::std::iter::DoubleEndedIterator,2547,7,4
47,::std::ops,43,::std::ops::ControlFlow,::std::cmp::PartialEq,59661,4,2
47,::std::ops,44,::std::ops::ControlFlow,::std::cmp::Eq,65,0,0
47,::std::ops,45,::std::ops::ControlFlow,::std::clone::Clone,940,2,1
47,::std::ops,46,::std::ops::Function,::std::clone::Clone,929,2,1
48,::std::iter,0,::std::iter::Rev,::std::iter::Iterator,42222,66,34
48,::std::iter,1,::std::iter::Rev,::std::iter::DoubleEndedIterator,3280,7,4
48,::std::iter,2,::std::iter::Rev,::std::iter::ExactSizeIterator,820,2,1
48,::std::iter,3,::std::iter::Chain,::std::iter::Iterator,31473,66,34
48,::std::iter,4,::std::iter::Chain,::std::iter::DoubleEndedIterator,2974,7,4
48,::std::iter,5,::std::iter::Chain,::std::iter::ExactSizeIterator,835,2,1
48,::std::iter,6,::std::iter::Enumerate,::std::iter::Iterator,45318,66,34
48,::std::iter,7,::std::iter::Enumerate,::std::iter::DoubleEndedIterator,2700,7,4
48,::std::iter,8,::std::iter::Enumerate,::std::iter::ExactSizeIterator,869,2,1
48,::std::iter,9,::std::iter::Filter,::std::iter::Iterator,29922,66,34
48,::std::iter,10,::std::iter::Filter,::std::iter::DoubleEndedIterator,2799,7,4
48,::std::iter,11,::std::iter::Map,::std::iter::Iterator,33069,66,34
48,::std::iter,12,::std::iter::Map,::std::iter::DoubleEndedIterator,2672,7,4
48,::std::iter,13,::std::iter::Map,::std::iter::ExactSizeIterator,1633,2,1
48,::std::iter,14,::std::iter::FilterMap,::std::iter::Iterator,42474,67,35
48,::std::iter,15,::std::iter::FilterMap,::std::iter::DoubleEndedIterator,3374,7,4
48,::std::iter,16,::std::iter::FlatMap,::std::iter::Iterator,26044,66,34
48,::std::iter,17,::std::iter::FlatMap,::std::iter::DoubleEndedIterator,10512,7,4
48,::std::iter,18,::std::iter::Peekable,::std::iter::Iterator,25982,66,34
48,::std::iter,19,::std::iter::Peekable,::std::iter::DoubleEndedIterator,2740,7,4
48,::std::iter,20,::std::iter::Peekable,::std::iter::ExactSizeIterator,814,2,1
48,::std::iter,21,::std::iter::Skip,::std::iter::Iterator,26456,66,34
48,::std::iter,22,::std::iter::Skip,::std::iter::DoubleEndedIterator,3710,7,4
48,::std::iter,23,::std::iter::Skip,::std::iter::ExactSizeIterator,970,2,1
48,::std::iter,24,::std::iter::Take,::std::iter::Iterator,34098,66,34
48,::std::iter,25,::std::iter::Take,::std::iter::DoubleEndedIterator,2636,7,4
48,::std::iter,26,::std::iter::Take,::std::iter::ExactSizeIterator,738,2,1
48,::std::iter,27,::std::iter::Empty,::std::iter::Iterator,42431,66,34
48,::std::iter,28,::std::iter::Empty,::std::iter::DoubleEndedIterator,2536,7,4
48,::std::iter,29,::std::iter::Once,::std::iter::Iterator,41000,66,34
48,::std::iter,30,::std::iter::Once,::std::iter::DoubleEndedIterator,2448,7,4
48,::std::ops,0,::std::ops::RangeFrom,::std::cmp::PartialEq,2016,4,2
48,::std::ops,1,::std::ops::RangeFrom,::std::cmp::Eq,99,0,0
48,::std::ops,2,::std::ops::RangeFrom,::std::cmp::PartialOrd,5402,14,9
48,::std::ops,3,::std::ops::RangeFrom,::std::cmp::Ord,2880,8,5
48,::std::ops,4,::std::ops::RangeFromIter,::std::iter::Iterator,68859,66,34
48,::std::ops,5,::std::ops::RangeFromIter,::std::iter::Iterator,27791,66,34
48,::std::ops,6,::std::ops::RangeFromIter,::std::iter::Iterator,37308,66,34
48,::std::ops,7,::std::ops::RangeFull,::std::cmp::PartialEq,1892,4,2
48,::std::ops,8,::std::ops::RangeFull,::std::cmp::Eq,76,0,0
48,::std::ops,9,::std::ops::RangeFull,::std::cmp::PartialOrd,4988,14,9
48,::std::ops,10,::std::ops::RangeFull,::std::cmp::Ord,2694,8,5
48,::std::ops,11,::std::ops::RangeInclusive,::std::cmp::PartialEq,1883,4,2
48,::std::ops,12,::std::ops::RangeInclusive,::std::cmp::Eq,59,0,0
48,::std::ops,13,::std::ops::RangeInclusive,::std::cmp::PartialOrd,5424,14,9
48,::std::ops,14,::std::ops::RangeInclusive,::std::cmp::Ord,2837,8,5
48,::std::ops,15,::std::ops::RangeInclusiveIter,::std::iter::Iterator,26275,66,34
48,::std::ops,16,::std::ops::RangeInclusiveIter,::std::iter::Iterator,25807,66,34
48,::std::ops,17,::std::ops::RangeInclusiveIter,::std::iter::Iterator,25593,66,34
48,::std::ops,18,::std::ops::RangeInclusiveIter,::std::iter::DoubleEndedIterator,3525,7,4
48,::std::ops,19,::std::ops::RangeInclusiveIter,::std::iter::ExactSizeIterator,800,2,1
48,::std::ops,20,::std::ops::RangeInclusiveIter,::std::iter::DoubleEndedIterator,2508,7,4
48,::std::ops,21,::std::ops::RangeInclusiveIter,::std::iter::ExactSizeIterator,784,2,1
48,::std::ops,22,::std::ops::RangeInclusiveIter,::std::iter::DoubleEndedIterator,2456,7,4
48,::std::ops,23,::std::ops::RangeToInclusive,::std::cmp::PartialEq,1696,4,2
48,::std::ops,24,::std::ops::RangeToInclusive,::std::cmp::Eq,57,0,0
48,::std::ops,25,::std::ops::RangeToInclusive,::std::cmp::PartialOrd,4527,14,9
48,::std::ops,26,::std::ops::RangeToInclusive,::std::cmp::Ord,2651,8,5
48,::std::ops,27,::std::ops::RangeTo,::std::cmp::PartialEq,1827,4,2
48,::std::ops,28,::std::ops::RangeTo,::std::cmp::Eq,74,0,0
48,::std::ops,29,::std::ops::RangeTo,::std::cmp::PartialOrd,4932,14,9
48,::std::ops,30,::std::ops::RangeTo,::std::cmp::Ord,70486,8,5
48,::std::ops,31,::std::ops::Range,::std::cmp::PartialEq,1821,4,2
48,::std::ops,32,::std::ops::Range,::std::cmp::Eq,51,0,0
48,::std::ops,33,::std::ops::Range,::std::cmp::PartialOrd,5427,14,9
48,::std::ops,34,::std::ops::Range,::std::cmp::Ord,3366,8,5
48,::std::ops,35,::std::ops::RangeIter,::std::iter::Iterator,30875,66,34
48,::std::ops,36,::std::ops::RangeIter,::std::iter::Iterator,28380,66,34
48,::std::ops,37,::std::ops::RangeIter,::std::iter::Iterator,28654,66,34
48,::std::ops,38,::std::ops::RangeIter,::std::iter::DoubleEndedIterator,3380,7,4
48,::std::ops,39,::std::ops::RangeIter,::std::iter::ExactSizeIterator,896,2,1
48,::std::ops,40,::std::ops::RangeIter,::std::iter::DoubleEndedIterator,2532,7,4
48,::std::ops,41,::std::ops::RangeIter,::std::iter::ExactSizeIterator,783,2,1
48,::std::ops,42,::std::ops::RangeIter,::std::iter::DoubleEndedIterator,2468,7,4
48,::std::ops,43,::std::ops::ControlFlow,::std::cmp::PartialEq,59911,4,2
48,::std::ops,44,::std::ops::ControlFlow,::std::cmp::Eq,64,0,0
48,::std::ops,45,::std::ops::ControlFlow,::std::clone::Clone,1008,2,1
48,::std::ops,46,::std::ops::Function,::std::clone::Clone,939,2,1
49,::std::iter,0,::std::iter::Rev,::std::iter::Iterator,43716,66,34
49,::std::iter,1,::std::iter::Rev,::std::iter::DoubleEndedIterator,3207,7,4
49,::std::iter,2,::std::iter::Rev,::std::iter::ExactSizeIterator,840,2,1
49,::std::iter,3,::std::iter::Chain,::std::iter::Iterator,30236,66,34
49,::std::iter,4,::std::iter::Chain,::std::iter::DoubleEndedIterator,2900,7,4
49,::std::iter,5,::std::iter::Chain,::std::iter::ExactSizeIterator,824,2,1
49,::std::iter,6,::std::iter::Enumerate,::std::iter::Iterator,42439,66,34
49,::std::iter,7,::std::iter::Enumerate,::std::iter::DoubleEndedIterator,2710,7,4
49,::std::iter,8,::std::iter::Enumerate,::std::iter::ExactSizeIterator,880,2,1
49,::std::iter,9,::std::iter::Filter,::std::iter::Iterator,29708,66,34
49,::std::iter,10,::std::iter::Filter,::std::iter::DoubleEndedIterator,2791,7,4
49,::std::iter,11,::std::iter::Map,::std::iter::Iterator,37533,66,34
49,::std::iter,12,::std::iter::Map,::std::iter::DoubleEndedIterator,2666,7,4
49,::std::iter,13,::std::iter::Map,::std::iter::ExactSizeIterator,1651,2,1
49,::std::iter,14,::std::iter::FilterMap,::std::iter::Iterator,42458,67,35
49,::std::iter,15,::std::iter::FilterMap,::std::iter::DoubleEndedIterator,3340,7,4
49,::std::iter,16,::std::iter::FlatMap,::std::iter::Iterator,26053,66,34
49,::std::iter,17,::std::iter::FlatMap,::std::iter::DoubleEndedIterator,10802,7,4
49,::std::iter,18,::std::iter::Peekable,::std::iter::Iterator,25597,66,34
49,::std::iter,19,::std::iter::Peekable,::std::iter::DoubleEndedIterator,2757,7,4
49,::std::iter,20,::std::iter::Peekable,::std::iter::ExactSizeIterator,791,2,1
49,::std::iter,21,::std::iter::Skip,::std::iter::Iterator,26091,66,34
49,::std::iter,22,::std::iter::Skip,::std::iter::DoubleEndedIterator,3717,7,4
49,::std::iter,23,::std::iter::Skip,::std::iter::ExactSizeIterator,1013,2,1
49,::std::iter,24,::std::iter::Take,::std::iter::Iterator,34112,66,34
49,::std::iter,25,::std::iter::Take,::std::iter::DoubleEndedIterator,2482,7,4
49,::std::iter,26,::std::iter::Take,::std::iter::ExactSizeIterator,754,2,1
49,::std::iter,27,::std::iter::Empty,::std::iter::Iterator,41928,66,34
49,::std::iter,28,::std::iter::Empty,::std::iter::DoubleEndedIterator,2519,7,4
49,::std::iter,29,::std::iter::Once,::std::iter::Iterator,40418,66,34
49,::std::iter,30,::std::iter::Once,::std::iter::DoubleEndedIterator,2437,7,4
49,::std::ops,0,::std::ops::RangeFrom,::std::cmp::PartialEq,1943,4,2
49,::std::ops,1,::std::ops::RangeFrom,::std::cmp::Eq,81,0,0
49,::std::ops,2,::std::ops::RangeFrom,::std::cmp::PartialOrd,5659,14,9
49,::std::ops,3,::std::ops::RangeFrom,::std::cmp::Ord,2861,8,5
49,::std::ops,4,::std::ops::RangeFromIter,::std::iter::Iterator,70564,66,34
49,::std::ops,5,::std::ops::RangeFromIter,::std::iter::Iterator,27833,66,34
49,::std::ops,6,::std::ops::RangeFromIter,::std::iter::Iterator,27441,66,34
49,::std::ops,7,::std::ops::RangeFull,::std::cmp::PartialEq,1837,4,2
49,::std::ops,8,::std::ops::RangeFull,::std::cmp::Eq,55,0,0
49,::std::ops,9,::std::ops::RangeFull,::std::cmp::PartialOrd,4958,14,9
49,::std::ops,10,::std::ops::RangeFull,::std::cmp::Ord,2761,8,5
49,::std::ops,11,::std::ops::RangeInclusive,::std::cmp::PartialEq,1822,4,2
49,::std::ops,12,::std::ops::RangeInclusive,::std::cmp::Eq,58,0,0
49,::std::ops,13,::std::ops::RangeInclusive,::std::cmp::PartialOrd,5387,14,9
49,::std::ops,14,::std::ops::RangeInclusive,::std::cmp::Ord,2752,8,5
49,::std::ops,15,::std::ops::RangeInclusiveIter,::std::iter::Iterator,26312,66,34
49,::std::ops,16,::std::ops::RangeInclusiveIter,::std::iter::Iterator,26013,66,34
49,::std::ops,17,::std::ops::RangeInclusiveIter,::std::iter::Iterator,25323,66,34
49,::std::ops,18,::std::ops::RangeInclusiveIter,::std::iter::DoubleEndedIterator,3438,7,4
49,::std::ops,19,::std::ops::RangeInclusiveIter,::std::iter::ExactSizeIterator,856,2,1
49,::std::ops,20,::std::ops::RangeInclusiveIter,::std::iter::DoubleEndedIterator,2655,7,4
49,::std::ops,21,::std::ops::RangeInclusiveIter,::std::iter::ExactSizeIterator,868,2,1
49,::std::ops,22,::std::ops::RangeInclusiveIter,::std::iter::DoubleEndedIterator,2420,7,4
49,::std::ops,23,::std::ops::RangeToInclusive,::std::cmp::PartialEq,1791,4,2
49,::std::ops,24,::std::ops::RangeToInclusive,::std::cmp::Eq,62,0,0
49,::std::ops,25,::std::ops::RangeToInclusive,::std::cmp::PartialOrd,4532,14,9
49,::std::ops,26,::std::ops::RangeToInclusive,::std::cmp::Ord,2648,8,5
49,::std::ops,27,::std::ops::RangeTo,::std::cmp::PartialEq,1888,4,2
49,::std::ops,28,::std::ops::RangeTo,::std::cmp::Eq,69,0,0
49,::std::ops,29,::std::ops::RangeTo,::std::cmp::PartialOrd,5018,14,9
49,::std::ops,30,::std::ops::RangeTo,::std::cmp::Ord,68990,8,5
49,::std::ops,31,::std::ops::Range,::std::cmp::PartialEq,1780,4,2
49,::std::ops,32,::std::ops::Range,::std::cmp::Eq,62,0,0
49,::std::ops,33,::std::ops::Range,::std::cmp::PartialOrd,5626,14,9
49,::std::ops,34,::std::ops::Range,::std::cmp::Ord,3506,8,5
49,::std::ops,35,::std::ops::RangeIter,::std::iter::Iterator,30376,66,34
49,::std::ops,36,::std::ops::RangeIter,::std::iter::Iterator,28473,66,34
49,::std::ops,37,::std::ops::RangeIter,::std::iter::Iterator,28246,66,34
49,::std::ops,38,::std::ops::RangeIter,::std::iter::DoubleEndedIterator,3395,7,4
49,::std::ops,39,::std::ops::RangeIter,::std::iter::ExactSizeIterator,957,2,1
49,::std::ops,40,::std::ops::RangeIter,::std::iter::DoubleEndedIterator,2513,7,4
49,::std::ops,41,::std::ops::RangeIter,::std::iter::ExactSizeIterator,778,2,1
49,::std::ops,42,::std::ops::RangeIter,::std::iter::DoubleEndedIterator,2477,7,4
49,::std::ops,43,::std::ops::ControlFlow,::std::cmp::PartialEq,59359,4,2
49,::std::ops,44,::std::ops::ControlFlow,::std::cmp::Eq,70,0,0
49,::std::ops,45,::std::ops::ControlFlow,::std::clone::Clone,976,2,1
49,::std::ops,46,::std::ops::Function,::std::clone::Clone,893,2,1
50,::std::iter,0,::std::iter::Rev,::std::iter::Iterator,43692,66,34
50,::std::iter,1,::std::iter::Rev,::std::iter::DoubleEndedIterator,3210,7,4
50,::std::iter,2,::std::iter::Rev,::std::iter::ExactSizeIterator,844,2,1
50,::std::iter,3,::std::iter::Chain,::std::iter::Iterator,30025,66,34
50,::std::iter,4,::std::iter::Chain,::std::iter::DoubleEndedIterator,2861,7,4
50,::std::iter,5,::std::iter::Chain,::std::iter::ExactSizeIterator,784,2,1
50,::std::iter,6,::std::iter::Enumerate,::std::iter::Iterator,42008,66,34
50,::std::iter,7,::std::iter::Enumerate,::std::iter::DoubleEndedIterator,2843,7,4
50,::std::iter,8,::std::iter::Enumerate,::std::iter::ExactSizeIterator,863,2,1
50,::std::iter,9,::std::iter::Filter,::std::iter::Iterator,29982,66,34
50,::std::iter,10,::std::iter::Filter,::std::iter::DoubleEndedIterator,2800,7,4
50,::std::iter,11,::std::iter::Map,::std::iter::Iterator,33015,66,34
50,::std::iter,12,::std::iter::Map,::std::iter::DoubleEndedIterator,2653,7,4
50,::std::iter,13,::std::iter::Map,::std::iter::ExactSizeIterator,1618,2,1
50,::std::iter,14,::std::iter::FilterMap,::std::iter::Iterator,40568,67,35
50,::std::iter,15,::std::iter::FilterMap,::std::iter::DoubleEndedIterator,3417,7,4
50,::std::iter,16,::std::iter::FlatMap,::std::iter::Iterator,25956,66,34
50,::std::iter,17,::std::iter::FlatMap,::std::iter::DoubleEndedIterator,12296,7,4
50,::std::iter,18,::std::iter::Peekable,::std::iter::Iterator,30251,66,34
50,::std::iter,19,::std::iter::Peekable,::std::iter::DoubleEndedIterator,2628,7,4
50,::std::iter,20,::std::iter::Peekable,::std::iter::ExactSizeIterator,792,2,1
50,::std::iter,21,::std::iter::Skip,::std::iter::Iterator,26404,66,34
50,::std::iter,22,::std::iter::Skip,::std::iter::DoubleEndedIterator,3895,7,4
50,::std::iter,23,::std::iter::Skip,::std::iter::ExactSizeIterator,905,2,1
50,::std::iter,24,::std::iter::Take,::std::iter::Iterator,33989,66,34
50,::std::iter,25,::std::iter::Take,::std::iter::DoubleEndedIterator,2508,7,4
50,::std::iter,26,::std::iter::Take,::std::iter::ExactSizeIterator,720,2,1
50,::std::iter,27,::std::iter::Empty,::std::iter::Iterator,41765,66,34
50,::std::iter,28,::std::iter::Empty,::std::iter::DoubleEndedIterator,2550,7,4
50,::std::iter,29,::std::iter::Once,::std::iter::Iterator,40284,66,34
50,::std::iter,30,::std::iter::Once,::std::iter::DoubleEndedIterator,2424,7,4
50,::std::ops,0,::std::ops::RangeFrom,::std::cmp::PartialEq,1972,4,2
50,::std::ops,1,::std::ops::RangeFrom,::std::cmp::Eq,90,0,0
50,::std::ops,2,::std::ops::RangeFrom,::std::cmp::PartialOrd,5686,14,9
50,::std::ops,3,::std::ops::RangeFrom,::std::cmp::Ord,2985,8,5
50,::std::ops,4,::std::ops::RangeFromIter,::std::iter::Iterator,68224,66,34
50,::std::ops,5,::std::ops::RangeFromIter,::std::iter::Iterator,27830,66,34
50,::std::ops,6,::std::ops::RangeFromIter,::std::iter::Iterator,29023,66,34
50,::std::ops,7,::std::ops::RangeFull,::std::cmp::PartialEq,1803,4,2
50,::std::ops,8,::std::ops::RangeFull,::std::cmp::Eq,52,0,0
50,::std::ops,9,::std::ops::RangeFull,::std::cmp::PartialOrd,5057,14,9
50,::std::ops,10,::std::ops::RangeFull,::std::cmp::Ord,2707,8,5
50,::std::ops,11,::std::ops::RangeInclusive,::std::cmp::PartialEq,1800,4,2
50,::std::ops,12,::std::ops::RangeInclusive,::std::cmp::Eq,59,0,0
50,::std::ops,13,::std::ops::RangeInclusive,::std::cmp::PartialOrd,5333,14,9
50,::std::ops,14,::std::ops::RangeInclusive,::std::cmp::Ord,2776,8,5
50,::std::ops,15,::std::ops::RangeInclusiveIter,::std::iter::Iterator,26310,66,34
50,::std::ops,16,::std::ops::RangeInclusiveIter,::std::iter::Iterator,26370,66,34
50,::std::ops,17,::std::ops::RangeInclusiveIter,::std::iter::Iterator,25299,66,34
50,::std::ops,18,::std::ops::RangeInclusiveIter,::std::iter::DoubleEndedIterator,3581,7,4
50,::std::ops,19,::std::ops::RangeInclusiveIter,::std::iter::ExactSizeIterator,895,2,1
50,::std::ops,20,::std::ops::RangeInclusiveIter,::std::iter::DoubleEndedIterator,2632,7,4
50,::std::ops,21,::std::ops::RangeInclusiveIter,::std::iter::ExactSizeIterator,794,2,1
50,::std::ops,22,::std::ops::RangeInclusiveIter,::std::iter::DoubleEndedIterator,2556,7,4
50,::std::ops,23,::std::ops::RangeToInclusive,::std::cmp::PartialEq,1684,4,2
50,::std::ops,24,::std::ops::RangeToInclusive,::std::cmp::Eq,66,0,0
50,::std::ops,25,::std::ops::RangeToInclusive,::std::cmp::PartialOrd,4381,14,9
50,::std::ops,26,::std::ops::RangeToInclusive,::std::cmp::Ord,2695,8,5
50,::std::ops,27,::std::ops::RangeTo,::std::cmp::PartialEq,1841,4,2
50,::std::ops,28,::std::ops::RangeTo,::std::cmp::Eq,63,0,0
50,::std::ops,29,::std::ops::RangeTo,::std::cmp::PartialOrd,4940,14,9
50,::std::ops,30,::std::ops::RangeTo,::std::cmp::Ord,67242,8,5
50,::std::ops,31,::std::ops::Range,::std::cmp::PartialEq,1773,4,2
50,::std::ops,32,::std::ops::Range,::std::cmp::Eq,57,0,0
50,::std::ops,33,::std::ops::Range,::std::cmp::PartialOrd,5504,14,9
50,::std::ops,34,::std::ops::Range,::std::cmp::Ord,3401,8,5
50,::std::ops,35,::std::ops::RangeIter,::std::iter::Iterator,32227,66,34
50,::std::ops,36,::std::ops::RangeIter,::std::iter::Iterator,28611,66,34
50,::std::ops,37,::std::ops::RangeIter,::std::iter::Iterator,28158,66,34
50,::std::ops,38,::std::ops::RangeIter,::std::iter::DoubleEndedIterator,3337,7,4
50,::std::ops,39,::std::ops::RangeIter,::std::iter::ExactSizeIterator,950,2,1
50,::std::ops,40,::std::ops::RangeIter,::std::iter::DoubleEndedIterator,2585,7,4
50,::std::ops,41,::std::ops::RangeIter,::std::iter::ExactSizeIterator,747,2,1
50,::std::ops,42,::std::ops::RangeIter,::std::iter::DoubleEndedIterator,2474,7,4
50,::std::ops,43,::std::ops::ControlFlow,::std::cmp::PartialEq,58159,4,2
50,::std::ops,44,::std::ops::ControlFlow,::std::cmp::Eq,72,0,0
50,::std::ops,45,::std::ops::ControlFlow,::std::clone::Clone,971,2,1
50,::std::ops,46,::std::ops::Function,::std::clone::Clone,928,2,1
51,::std::iter,0,::std::iter::Rev,::std::iter::Iterator,43468,66,34
51,::std::iter,1,::std::iter::Rev,::std::iter::DoubleEndedIterator,3319,7,4
51,::std::iter,2,::std::iter::Rev,::std::iter::ExactSizeIterator,858,2,1
51,::std::iter,3,::std::iter::Chain,::std::iter::Iterator,30347,66,34
51,::std::iter,4,::std::iter::Chain,::std::iter::DoubleEndedIterator,2984,7,4
51,::std::iter,5,::std::iter::Chain,::std::iter::ExactSizeIterator,793,2,1
51,::std::iter,6,::std::iter::Enumerate,::std::iter::Iterator,40948,66,34
51,::std::iter,7,::std::iter::Enumerate,::std::iter::DoubleEndedIterator,2818,7,4
51,::std::iter,8,::std::iter::Enumerate,::std::iter::ExactSizeIterator,858,2,1
51,::std::iter,9,::std::iter::Filter,::std::iter::Iterator,31315,66,34
51,::std::iter,10,::std::iter::Filter,::std::iter::DoubleEndedIterator,2827,7,4
51,::std::iter,11,::std::iter::Map,::std::iter::Iterator,33640,66,34
51,::std::iter,12,::std::iter::Map,::std::iter::DoubleEndedIterator,2771,7,4
51,::std::iter,13,::std::iter::Map,::std::iter::ExactSizeIterator,1681,2,1
51,::std::iter,14,::std::iter::FilterMap,::std::iter::Iterator,41016,67,35
51,::std::iter,15,::std::iter::FilterMap,::std::iter::DoubleEndedIterator,3399,7,4
51,::std::iter,16,::std::iter::FlatMap,::std::iter::Iterator,26724,66,34
51,::std::iter,17,::std::iter::FlatMap,::std::iter::DoubleEndedIterator,10409,7,4
51,::std::iter,18,::std::iter::Peekable,::std::iter::Iterator,25946,66,34
51,::std::iter,19,::std::iter::Peekable,::std::iter::DoubleEndedIterator,2696,7,4
51,::std::iter,20,::std::iter::Peekable,::std::iter::ExactSizeIterator,842,2,1
51,::std::iter,21,::std::iter::Skip,::std::iter::Iterator,28191,66,34
51,::std::iter,22,::std::iter::Skip,::std::iter::DoubleEndedIterator,3787,7,4
51,::std::iter,23,::std::iter::Skip,::std::iter::ExactSizeIterator,966,2,1
51,::std::iter,24,::std::iter::Take,::std::iter::Iterator,33613,66,34
51,::std::iter,25,::std::iter::Take,::std::iter::DoubleEndedIterator,2505,7,4
51,::std::iter,26,::std::iter::Take,::std::iter::ExactSizeIterator,747,2,1
51,::std::iter,27,::std::iter::Empty,::std::iter::Iterator,45069,66,34
51,::std::iter,28,::std::iter::Empty,::std::iter::DoubleEndedIterator,2458,7,4
51,::std::iter,29,::std::iter::Once,::std::iter::Iterator,41937,66,34
51,::std::iter,30,::std::iter::Once,::std::iter::DoubleEndedIterator,2468,7,4
51,::std::ops,0,::std::ops::RangeFrom,::std::cmp::PartialEq,2072,4,2
51,::std::ops,1,::std::ops::RangeFrom,::std::cmp::Eq,103,0,0
51,::std::ops,2,::std::ops::RangeFrom,::std::cmp::PartialOrd,5674,14,9
51,::std::ops,3,::std::ops::RangeFrom,::std::cmp::Ord,2974,8,5
51,::std::ops,4,::std::ops::RangeFromIter,::std::iter::Iterator,68539,66,34
51,::std::ops,5,::std::ops::RangeFromIter,::std::iter::Iterator,27824,66,34
51,::std::ops,6,::std::ops::RangeFromIter,::std::iter::Iterator,27576,66,34
51,::std::ops,7,::std::ops::RangeFull,::std::cmp::PartialEq,1867,4,2
51,::std::ops,8,::std::ops::RangeFull,::std::cmp::Eq,93,0,0
51,::std::ops,9,::std::ops::RangeFull,::std::cmp::PartialOrd,4909,14,9
51,::std::ops,10,::std::ops::RangeFull,::std::cmp::Ord,2709,8,5
51,::std::ops,11,::std::ops::RangeInclusive,::std::cmp::PartialEq,1759,4,2
51,::std::ops,12,::std::ops::RangeInclusive,::std::cmp::Eq,56,0,0
51,::std::ops,13,::std::ops::RangeInclusive,::std::cmp::PartialOrd,5463,14,9
51,::std::ops,14,::std::ops::RangeInclusive,::std::cmp::Ord,2894,8,5
51,::std::ops,15,::std::ops::RangeInclusiveIter,::std::iter::Iterator,26268,66,34
51,::std::ops,16,::std::ops::RangeInclusiveIter,::std::iter::Iterator,25698,66,34
51,::std::ops,17,::std::ops::RangeInclusiveIter,::std::iter::Iterator,25747,66,34
51,::std::ops,18,::std::ops::RangeInclusiveIter,::std::iter::DoubleEndedIterator,3523,7,4
51,::std::ops,19,::std::ops::RangeInclusiveIter,::std::iter::ExactSizeIterator,835,2,1
51,::std::ops,20,::std::ops::RangeInclusiveIter,::std::iter::DoubleEndedIterator,2610,7,4
51,::std::ops,21,::std::ops::RangeInclusiveIter,::std::iter::ExactSizeIterator,790,2,1
51,::std::ops,22,::std::ops::RangeInclusiveIter,::std::iter::DoubleEndedIterator,2533,7,4
51,::std::ops,23,::std::ops::RangeToInclusive,::std::cmp::PartialEq,1806,4,2
51,::std::ops,24,::std::ops::RangeToInclusive,::std::cmp::Eq,55,0,0
51,::std::ops,25,::std::ops::RangeToInclusive,::std::cmp::PartialOrd,4532,14,9
51,::std::ops,26,::std::ops::RangeToInclusive,::std::cmp::Ord,2761,8,5
51,::std::ops,27,::std::ops::RangeTo,::std::cmp::PartialEq,1839,4,2
51,::std::ops,28,::std::ops::RangeTo,::std::cmp::Eq,76,0,0
51,::std::ops,29,::std::ops::RangeTo,::std::cmp::PartialOrd,4900,14,9
51,::std::ops,30,::std::ops::RangeTo,::std::cmp::Ord,71699,8,5
51,::std::ops,31,::std::ops::Range,::std::cmp::PartialEq,1835,4,2
51,::std::ops,32,::std::ops::Range,::std::cmp::Eq,83,0,0
51,::std::ops,33,::std::ops::Range,::std::cmp::PartialOrd,5576,14,9
51,::std::ops,34,::std::ops::Range,::std::cmp::Ord,3483,8,5
51,::std::ops,35,::std::ops::RangeIter,::std::iter::Iterator,30523,66,34
51,::std::ops,36,::std::ops::RangeIter,::std::iter::Iterator,28829,66,34
51,::std::ops,37,::std::ops::RangeIter,::std::iter::Iterator,30228,66,34
51,::std::ops,38,::std::ops::RangeIter,::std::iter::DoubleEndedIterator,3455,7,4
51,::std::ops,39,::std::ops::RangeIter,::std::iter::ExactSizeIterator,1034,2,1
51,::std::ops,40,::std::ops::RangeIter,::std::iter::DoubleEndedIterator,2455,7,4
51,::std::ops,41,::std::ops::RangeIter,::std::iter::ExactSizeIterator,769,2,1
51,::std::ops,42,::std::ops::RangeIter,::std::iter::DoubleEndedIterator,2479,7,4
51,::std::ops,43,::std::ops::ControlFlow,::std::cmp::PartialEq,57731,4,2
51,::std::ops,44,::std::ops::ControlFlow,::std::cmp::Eq,60,0,0
51,::std::ops,45,::std::ops::ControlFlow,::std::clone::Clone,966,2,1
51,::std::ops,46,::std::ops::Function,::std::clone::Clone,957,2,1
52,::std::iter,0,::std::iter::Rev,::std::iter::Iterator,44782,66,34
52,::std::iter,1,::std::iter::Rev,::std::iter::DoubleEndedIterator,3284,7,4
52,::std::iter,2,::std::iter::Rev,::std::iter::ExactSizeIterator,815,2,1
52,::std::iter,3,::std::iter::Chain,::std::iter::Iterator,29164,66,34
52,::std::iter,4,::std::iter::Chain,::std::iter::DoubleEndedIterator,2902,7,4
52,::std::iter,5,::std::iter::Chain,::std::iter::ExactSizeIterator,759,2,1
52,::std::iter,6,::std::iter::Enumerate,::std::iter::Iterator,40568,66,34
52,::std::iter,7,::std::iter::Enumerate,::std::iter::DoubleEndedIterator,2740,7,4
52,::std::iter,8,::std::iter::Enumerate,::std::iter::ExactSizeIterator,857,2,1
52,::std::iter,9,::std::iter::Filter,::std::iter::Iterator,29811,66,34
52,::std::iter,10,::std::iter::Filter,::std::iter::DoubleEndedIterator,2696,7,4
52,::std::iter,11,::std::iter::Map,::std::iter::Iterator,34232,66,34
52,::std::iter,12,::std::iter::Map,::std::iter::DoubleEndedIterator,2668,7,4
52,::std::iter,13,::std::iter::Map,::std::iter::ExactSizeIterator,1624,2,1
52,::std::iter,14,::std::iter::FilterMap,::std::iter::Iterator,40371,67,35
52,::std::iter,15,::std::iter::FilterMap,::std::iter::DoubleEndedIterator,3312,7,4
52,::std::iter,16,::std::iter::FlatMap,::std::iter::Iterator,25764,66,34
52,::std::iter,17,::std::iter::FlatMap,::std::iter::DoubleEndedIterator,10210,7,4
52,::std::iter,18,::std::iter::Peekable,::std::iter::Iterator,30422,66,34
52,::std::iter,19,::std::iter::Peekable,::std::iter::DoubleEndedIterator,2731,7,4
52,::std::iter,20,::std::iter::Peekable,::std::iter::ExactSizeIterator,803,2,1
52,::std::iter,21,::std::iter::Skip,::std::iter::Iterator,25874,66,34
52,::std::iter,22,::std::iter::Skip,::std::iter::DoubleEndedIterator,3748,7,4
52,::std::iter,23,::std::iter::Skip,::std::iter::ExactSizeIterator,988,2,1
52,::std::iter,24,::std::iter::Take,::std::iter::Iterator,35829,66,34
52,::std::iter,25,::std::iter::Take,::std::iter::DoubleEndedIterator,2681,7,4
52,::std::iter,26,::std::iter::Take,::std::iter::ExactSizeIterator,771,2,1
52,::std::iter,27,::std::iter::Empty,::std::iter::Iterator,40527,66,34
52,::std::iter,28,::std::iter::Empty,::std::iter::DoubleEndedIterator,2545,7,4
52,::std::iter,29,::std::iter::Once,::std::iter::Iterator,41797,66,34
52,::std::iter,30,::std::iter::Once,::std::iter::DoubleEndedIterator,2430,7,4
52,::std::ops,0,::std::ops::RangeFrom,::std::cmp::PartialEq,2011,4,2
52,::std::ops,1,::std::ops::RangeFrom,::std::cmp::Eq,77,0,0
52,::std::ops,2,::std::ops::RangeFrom,::std::cmp::PartialOrd,5498,14,9
52,::std::ops,3,::std::ops::RangeFrom,::std::cmp::Ord,2840,8,5
52,::std::ops,4,::std::ops::RangeFromIter,::std::iter::Iterator,68778,66,34
52,::std::ops,5,::std::ops::RangeFromIter,::std::iter::Iterator,28028,66,34
52,::std::ops,6,::std::ops::RangeFromIter,::std::iter::Iterator,27364,66,34
52,::std::ops,7,::std::ops::RangeFull,::std::cmp::PartialEq,1958,4,2
52,::std::ops,8,::std::ops::RangeFull,::std::cmp::Eq,53,0,0
52,::std::ops,9,::std::ops::RangeFull,::std::cmp::PartialOrd,4954,14,9
52,::std::ops,10,::std::ops::RangeFull,::std::cmp::Ord,2629,8,5
52,::std::ops,11,::std::ops::RangeInclusive,::std::cmp::PartialEq,1790,4,2
52,::std::ops,12,::std::ops::RangeInclusive,::std::cmp::Eq,55,0,0
52,::std::ops,13,::std::ops::RangeInclusive,::std::cmp::PartialOrd,5368,14,9
52,::std::ops,14,::std::ops::RangeInclusive,::std::cmp::Ord,2853,8,5
52,::std::ops,15,::std::ops::RangeInclusiveIter,::std::iter::Iterator,26158,66,34
52,::std::ops,16,::std::ops::RangeInclusiveIter,::std::iter::Iterator,25835,66,34
52,::std::ops,17,::std::ops::RangeInclusiveIter,::std::iter::Iterator,26377,66,34
52,::std::ops,18,::std::ops::RangeInclusiveIter,::std::iter::DoubleEndedIterator,3584,7,4
52,::std::ops,19,::std::ops::RangeInclusiveIter,::std::iter::ExactSizeIterator,844,2,1
52,::std::ops,20,::std::ops::RangeInclusiveIter,::std::iter::DoubleEndedIterator,2650,7,4
52,::std::ops,21,::std::ops::RangeInclusiveIter,::std::iter::ExactSizeIterator,791,2,1
52,::std::ops,22,::std::ops::RangeInclusiveIter,::std::iter::DoubleEndedIterator,2419,7,4
52,::std::ops,23,::std::ops::RangeToInclusive,::std::cmp::PartialEq,1769,4,2
52,::std::ops,24,::std::ops::RangeToInclusive,::std::cmp::Eq,71,0,0
52,::std::ops,25,::std::ops::RangeToInclusive,::std::cmp::PartialOrd,4267,14,9
52,::std::ops,26,::std::ops::RangeToInclusive,::std::cmp::Ord,2664,8,5
52,::std::ops,27,::std::ops::RangeTo,::std::cmp::PartialEq,1856,4,2
52,::std::ops,28,::std::ops::RangeTo,::std::cmp::Eq,89,0,0
52,::std::ops,29,::std::ops::RangeTo,::std::cmp::PartialOrd,4867,14,9
52,::std::ops,30,::std::ops::RangeTo,::std::cmp::Ord,69614,8,5
52,::std::ops,31,::std::ops::Range,::std::cmp::PartialEq,1773,4,2
52,::std::ops,32,::std::ops::Range,::std::cmp::Eq,63,0,0
52,::std::ops,33,::std::ops::Range,::std::cmp::PartialOrd,5387,14,9
52,::std::ops,34,::std::ops::Range,::std::cmp::Ord,3371,8,5
52,::std::ops,35,::std::ops::RangeIter,::std::iter::Iterator,30580,66,34
52,::std::ops,36,::std::ops::RangeIter,::std::iter::Iterator,28487,66,34
52,::std::ops,37,::std::ops::RangeIter,::std::iter::Iterator,28447,66,34
52,::std::ops,38,::std::ops::RangeIter,::std::iter::DoubleEndedIterator,3447,7,4
52,::std::ops,39,::std::ops::RangeIter,::std::iter::ExactSizeIterator,930,2,1
52,::std::ops,40,::std::ops::RangeIter,::std::iter::DoubleEndedIterator,2599,7,4
52,::std::ops,41,::std::ops::RangeIter,::std::iter::ExactSizeIterator,772,2,1
52,::std::ops,42,::std::ops::RangeIter,::std::iter::DoubleEndedIterator,2416,7,4
52,::std::ops,43,::std::ops::ControlFlow,::std::cmp::PartialEq,59542,4,2
52,::std::ops,44,::std::ops::ControlFlow,::std::cmp::Eq,93,0,0
52,::std::ops,45,::std::ops::ControlFlow,::std::clone::Clone,976,2,1
52,::std::ops,46,::std::ops::Function,::std::clone::Clone,895,2,1
53,::std::iter,0,::std::iter::Rev,::std::iter::Iterator,45432,66,34
53,::std::iter,1,::std::iter::Rev,::std::iter::DoubleEndedIterator,3236,7,4
53,::std::iter,2,::std::iter::Rev,::std::iter::ExactSizeIterator,800,2,1
53,::std::iter,3,::std::iter::Chain,::std::iter::Iterator,30400,66,34
53,::std::iter,4,::std::iter::Chain,::std::iter::DoubleEndedIterator,2918,7,4
53,::std::iter,5,::std::iter::Chain,::std::iter::ExactSizeIterator,761,2,1
53,::std::iter,6,::std::iter::Enumerate,::std::iter::Iterator,41050,66,34
53,::std::iter,7,::std::iter::Enumerate,::std::iter::DoubleEndedIterator,2849,7,4
53,::std::iter,8,::std::iter::Enumerate,::std::iter::ExactSizeIterator,897,2,1
53,::std::iter,9,::std::iter::Filter,::std::iter::Iterator,34887,66,34
53,::std::iter,10,::std::iter::Filter,::std::iter::DoubleEndedIterator,2838,7,4
53,::std::iter,11,::std::iter::Map,::std::iter::Iterator,33649,66,34
53,::std::iter,12,::std::iter::Map,::std::iter::DoubleEndedIterator,2721,7,4
53,::std::iter,13,::std::iter::Map,::std::iter::ExactSizeIterator,1666,2,1
53,::std::iter,14,::std::iter::FilterMap,::std::iter::Iterator,42282,67,35
53,::std::iter,15,::std::iter::FilterMap,::std::iter::DoubleEndedIterator,3347,7,4
53,::std::iter,16,::std::iter::FlatMap,::std::iter::Iterator,26399,66,34
53,::std::iter,17,::std::iter::FlatMap,::std::iter::DoubleEndedIterator,10536,7,4
53,::std::iter,18,::std::iter::Peekable,::std::iter::Iterator,25681,66,34
53,::std::iter,19,::std::iter::Peekable,::std::iter::DoubleEndedIterator,2609,7,4
53,::std::iter,20,::std::iter::Peekable,::std::iter::ExactSizeIterator,805,2,1
53,::std::iter,21,::std::iter::Skip,::std::iter::Iterator,26254,66,34
53,::std::iter,22,::std::iter::Skip,::std::iter::DoubleEndedIterator,3659,7,4
53,::std::iter,23,::std::iter::Skip,::std::iter::ExactSizeIterator,1038,2,1
53,::std::iter,24,::std::iter::Take,::std::iter::Iterator,34177,66,34
53,::std::iter,25,::std::iter::Take,::std::iter::DoubleEndedIterator,2501,7,4
53,::std::iter,26,::std::iter::Take,::std::iter::ExactSizeIterator,735,2,1
53,::std::iter,27,::std::iter::Empty,::std::iter::Iterator,47639,66,34
53,::std::iter,28,::std::iter::Empty,::std::iter::DoubleEndedIterator,2584,7,4
53,::std::iter,29,::std::iter::Once,::std::iter::Iterator,40633,66,34
53,::std::iter,30,::std::iter::Once,::std::iter::DoubleEndedIterator,2429,7,4
53,::std::ops,0,::std::ops::RangeFrom,::std::cmp::PartialEq,1928,4,2
53,::std::ops,1,::std::ops::RangeFrom,::std::cmp::Eq,79,0,0
53,::std::ops,2,::std::ops::RangeFrom,::std::cmp::PartialOrd,5440,14,9
53,::std::ops,3,::std::ops::RangeFrom,::std::cmp::Ord,2923,8,5
53,::std::ops,4,::std::ops::RangeFromIter,::std::iter::Iterator,69073,66,34
53,::std::ops,5,::std::ops::RangeFromIter,::std::iter::Iterator,27721,66,34
53,::std::ops,6,::std::ops::RangeFromIter,::std::iter::Iterator,27003,66,34
53,::std::ops,7,::std::ops::RangeFull,::std::cmp::PartialEq,1870,4,2
53,::std::ops,8,::std::ops::RangeFull,::std::cmp::Eq,67,0,0
53,::std::ops,9,::std::ops::RangeFull,::std::cmp::PartialOrd,4805,14,9
53,::std::ops,10,::std::ops::RangeFull,::std::cmp::Ord,2668,8,5
53,::std::ops,11,::std::ops::RangeInclusive,::std::cmp::PartialEq,1742,4,2
53,::std::ops,12,::std::ops::RangeInclusive,::std::cmp::Eq,72,0,0
53,::std::ops,13,::std::ops::RangeInclusive,::std::cmp::PartialOrd,5381,14,9
53,::std::ops,14,::std::ops::RangeInclusive,::std::cmp::Ord,2900,8,5
53,::std::ops,15,::std::ops::RangeInclusiveIter,::std::iter::Iterator,26187,66,34
53,::std::ops,16,::std::ops::RangeInclusiveIter,::std::iter::Iterator,25664,66,34
53,::std::ops,17,::std::ops::RangeInclusiveIter,::std::iter::Iterator,25526,66,34
53,::std::ops,18,::std::ops::RangeInclusiveIter,::std::iter::DoubleEndedIterator,3561,7,4
53,::std::ops,19,::std::ops::RangeInclusiveIter,::std::iter::ExactSizeIterator,859,2,1
53,::std::ops,20,::std::ops::RangeInclusiveIter,::std::iter::DoubleEndedIterator,2688,7,4
53,::std::ops,21,::std::ops::RangeInclusiveIter,::std::iter::ExactSizeIterator,813,2,1
53,::std::ops,22,::std::ops::RangeInclusiveIter,::std::iter::DoubleEndedIterator,2595,7,4
53,::std::ops,23,::std::ops::RangeToInclusive,::std::cmp::PartialEq,1738,4,2
53,::std::ops,24,::std::ops::RangeToInclusive,::std::cmp::Eq,91,0,0
53,::std::ops,25,::std::ops::RangeToInclusive,::std::cmp::PartialOrd,4472,14,9
53,::std::ops,26,::std::ops::RangeToInclusive,::std::cmp::Ord,2754,8,5
53,::std::ops,27,::std::ops::RangeTo,::std::cmp::PartialEq,1895,4,2
53,::std::ops,28,::std::ops::RangeTo,::std::cmp::Eq,88,0,0
53,::std::ops,29,::std::ops::RangeTo,::std::cmp::PartialOrd,5053,14,9
53,::std::ops,30,::std::ops::RangeTo,::std::cmp::Ord,69804,8,5
53,::std::ops,31,::std::ops::Range,::std::cmp::PartialEq,1821,4,2
53,::std::ops,32,::std::ops::Range,::std::cmp::Eq,88,0,0
53,::std::ops,33,::std::ops::Range,::std::cmp::PartialOrd,5434,14,9
53,::std::ops,34,::std::ops::Range,::std::cmp::Ord,3449,8,5
53,::std::ops,35,::std::ops::RangeIter,::std::iter::Iterator,30616,66,34
53,::std::ops,36,::std::ops::RangeIter,::std::iter::Iterator,28578,66,34
53,::std::ops,37,::std::ops::RangeIter,::std::iter::Iterator,28545,66,34
53,::std::ops,38,::std::ops::RangeIter,::std::iter::DoubleEndedIterator,3288,7,4
53,::std::ops,39,::std::ops::RangeIter,::std::iter::ExactSizeIterator,967,2,1
53,::std::ops,40,::std::ops::RangeIter,::std::iter::DoubleEndedIterator,2518,7,4
53,::std::ops,41,::std::ops::RangeIter,::std::iter::ExactSizeIterator,791,2,1
53,::std::ops,42,::std::ops::RangeIter,::std::iter::DoubleEndedIterator,2531,7,4
53,::std::ops,43,::std::ops::ControlFlow,::std::cmp::PartialEq,59632,4,2
53,::std::ops,44,::std::ops::ControlFlow,::std::cmp::Eq,85,0,0
53,::std::ops,45,::std::ops::ControlFlow,::std::clone::Clone,966,2,1
53,::std::ops,46,::std::ops::Function,::std::clone::Clone,903,2,1
54,::std::iter,0,::std::iter::Rev,::std::iter::Iterator,41989,66,34
54,::std::iter,1,::std::iter::Rev,::std::iter::DoubleEndedIterator,3219,7,4
54,::std::iter,2,::std::iter::Rev,::std::iter::ExactSizeIterator,811,2,1
54,::std::iter,3,::std::iter::Chain,::std::iter::Iterator,30167,66,34
54,::std::iter,4,::std::iter::Chain,::std::iter::DoubleEndedIterator,2906,7,4
54,::std::iter,5,::std::iter::Chain,::std::iter::ExactSizeIterator,772,2,1
54,::std::iter,6,::std::iter::Enumerate,::std::iter::Iterator,41992,66,34
54,::std::iter,7,::std::iter::Enumerate,::std::iter::DoubleEndedIterator,2741,7,4
54,::std::iter,8,::std::iter::Enumerate,::std::iter::ExactSizeIterator,842,2,1
54,::std::iter,9,::std::iter::Filter,::std::iter::Iterator,29867,66,34
54,::std::iter,10,::std::iter::Filter,::std::iter::DoubleEndedIterator,2799,7,4
54,::std::iter,11,::std::iter::Map,::std::iter::Iterator,33102,66,34
54,::std::iter,12,::std::iter::Map,::std::iter::DoubleEndedIterator,2734,7,4
54,::std::iter,13,::std::iter::Map,::std::iter::ExactSizeIterator,1587,2,1
54,::std::iter,14,::std::iter::FilterMap,::std::iter::Iterator,42522,67,35
54,::std::iter,15,::std::iter::FilterMap,::std::iter::DoubleEndedIterator,3378,7,4
54,::std::iter,16,::std::iter::FlatMap,::std::iter::Iterator,31555,66,34
54,::std::iter,17,::std::iter::FlatMap,::std::iter::DoubleEndedIterator,15374,7,4
54,::std::iter,18,::std::iter::Peekable,::std::iter::Iterator,26158,66,34
54,::std::iter,19,::std::iter::Peekable,::std::iter::DoubleEndedIterator,2709,7,4
54,::std::iter,20,::std::iter::Peekable,::std::iter::ExactSizeIterator,825,2,1
54,::std::iter,21,::std::iter::Skip,::std::iter::Iterator,26444,66,34
54,::std::iter,22,::std::iter::Skip,::std::iter::DoubleEndedIterator,3686,7,4
54,::std::iter,23,::std::iter::Skip,::std::iter::ExactSizeIterator,1005,2,1
54,::std::iter,24,::std::iter::Take,::std::iter::Iterator,34410,66,34
54,::std::iter,25,::std::iter::Take,::std::iter::DoubleEndedIterator,2569,7,4
54,::std::iter,26,::std::iter::Take,::std::iter::ExactSizeIterator,704,2,1
54,::std::iter,27,::std::iter::Empty,::std::iter::Iterator,42051,66,34
54,::std::iter,28,::std::iter::Empty,::std::iter::DoubleEndedIterator,2469,7,4
54,::std::iter,29,::std::iter::Once,::std::iter::Iterator,40479,66,34
54,::std::iter,30,::std::iter::Once,::std::iter::DoubleEndedIterator,2492,7,4
54,::std::ops,0,::std::ops::RangeFrom,::std::cmp::PartialEq,1904,4,2
54,::std::ops,1,::std::ops::RangeFrom,::std::cmp::Eq,105,0,0
54,::std::ops,2,::std::ops::RangeFrom,::std::cmp::PartialOrd,5550,14,9
54,::std::ops,3,::std::ops::RangeFrom,::std::cmp::Ord,2815,8,5
54,::std::ops,4,::std::ops::RangeFromIter,::std::iter::Iterator,70153,66,34
54,::std::ops,5,::std::ops::RangeFromIter,::std::iter::Iterator,27515,66,34
54,::std::ops,6,::std::ops::RangeFromIter,::std::iter::Iterator,27158,66,34
54,::std::ops,7,::std::ops::RangeFull,::std::cmp::PartialEq,1885,4,2
54,::std::ops,8,::std::ops::RangeFull,::std::cmp::Eq,75,0,0
54,::std::ops,9,::std::ops::RangeFull,::std::cmp::PartialOrd,4956,14,9
54,::std::ops,10,::std::ops::RangeFull,::std::cmp::Ord,2781,8,5
54,::std::ops,11,::std::ops::RangeInclusive,::std::cmp::PartialEq,1715,4,2
54,::std::ops,12,::std::ops::RangeInclusive,::std::cmp::Eq,57,0,0
54,::std::ops,13,::std::ops::RangeInclusive,::std::cmp::PartialOrd,5429,14,9
54,::std::ops,14,::std::ops::RangeInclusive,::std::cmp::Ord,2981,8,5
54,::std::ops,15,::std::ops::RangeInclusiveIter,::std::iter::Iterator,26677,66,34
54,::std::ops,16,::std::ops::RangeInclusiveIter,::std::iter::Iterator,25617,66,34
54,::std::ops,17,::std::ops::RangeInclusiveIter,::std::iter::Iterator,25600,66,34
54,::std::ops,18,::std::ops::RangeInclusiveIter,::std::iter::DoubleEndedIterator,3488,7,4
54,::std::ops,19,::std::ops::RangeInclusiveIter,::std::iter::ExactSizeIterator,849,2,1
54,::std::ops,20,::std::ops::RangeInclusiveIter,::std::iter::DoubleEndedIterator,2579,7,4
54,::std::ops,21,::std::ops::RangeInclusiveIter,::std::iter::ExactSizeIterator,812,2,1
54,::std::ops,22,::std::ops::RangeInclusiveIter,::std::iter::DoubleEndedIterator,2486,7,4
54,::std::ops,23,::std::ops::RangeToInclusive,::std::cmp::PartialEq,1703,4,2
54,::std::ops,24,::std::ops::RangeToInclusive,::std::cmp::Eq,55,0,0
54,::std::ops,25,::std::ops::RangeToInclusive,::std::cmp::PartialOrd,4498,14,9
54,::std::ops,26,::std::ops::RangeToInclusive,::std::cmp::Ord,2665,8,5
54,::std::ops,27,::std::ops::RangeTo,::std::cmp::PartialEq,1851,4,2
54,::std::ops,28,::std::ops::RangeTo,::std::cmp::Eq,67,0,0
54,::std::ops,29,::std::ops::RangeTo,::std::cmp::PartialOrd,4874,14,9
54,::std::ops,30,::std::ops::RangeTo,::std::cmp::Ord,66305,8,5
54,::std::ops,31,::std::ops::Range,::std::cmp::PartialEq,1867,4,2
54,::std::ops,32,::std::ops::Range,::std::cmp::Eq,73,0,0
54,::std::ops,33,::std::ops::Range,::std::cmp::PartialOrd,5583,14,9
54,::std::ops,34,::std::ops::Range,::std::cmp::Ord,3509,8,5
54,::std::ops,35,::std::ops::RangeIter,::std::iter::Iterator,30718,66,34
54,::std::ops,36,::std::ops::RangeIter,::std::iter::Iterator,28621,66,34
54,::std::ops,37,::std::ops::RangeIter,::std::iter::Iterator,28413,66,34
54,::std::ops,38,::std::ops::RangeIter,::std::iter::DoubleEndedIterator,3414,7,4
54,::std::ops,39,::std::ops::RangeIter,::std::iter::ExactSizeIterator,980,2,1
54,::std::ops,40,::std::ops::RangeIter,::std::iter::DoubleEndedIterator,2541,7,4
54,::std::ops,41,::std::ops::RangeIter,::std::iter::ExactSizeIterator,794,2,1
54,::std::ops,42,::std::ops::RangeIter,::std::iter::DoubleEndedIterator,2569,7,4
54,::std::ops,43,::std::ops::ControlFlow,::std::cmp::PartialEq,59720,4,2
54,::std::ops,44,::std::ops::ControlFlow,::std::cmp::Eq,57,0,0
54,::std::ops,45,::std::ops::ControlFlow,::std::clone::Clone,979,2,1
54,::std::ops,46,::std::ops::Function,::std::clone::Clone,866,2,1
55,::std::iter,0,::std::iter::Rev,::std::iter::Iterator,42206,66,34
55,::std::iter,1,::std::iter::Rev,::std::iter::DoubleEndedIterator,3177,7,4
55,::std::iter,2,::std::iter::Rev,::std::iter::ExactSizeIterator,869,2,1
55,::std::iter,3,::std::iter::Chain,::std::iter::Iterator,36445,66,34
55,::std::iter,4,::std::iter::Chain,::std::iter::DoubleEndedIterator,2955,7,4
55,::std::iter,5,::std::iter::Chain,::std::iter::ExactSizeIterator,864,2,1
55,::std::iter,6,::std::iter::Enumerate,::std::iter::Iterator,43011,66,34
55,::std::iter,7,::std::iter::Enumerate,::std::iter::DoubleEndedIterator,2783,7,4
55,::std::iter,8,::std::iter::Enumerate,::std::iter::ExactSizeIterator,947,2,1
55,::std::iter,9,::std::iter::Filter,::std::iter::Iterator,29936,66,34
55,::std::iter,10,::std::iter::Filter,::std::iter::DoubleEndedIterator,2863,7,4
55,::std::iter,11,::std::iter::Map,::std::iter::Iterator,33232,66,34
55,::std::iter,12,::std::iter::Map,::std::iter::DoubleEndedIterator,2678,7,4
55,::std::iter,13,::std::iter::Map,::std::iter::ExactSizeIterator,1590,2,1
55,::std::iter,14,::std::iter::FilterMap,::std::iter::Iterator,40582,67,35
55,::std::iter,15,::std::iter::FilterMap,::std::iter::DoubleEndedIterator,3353,7,4
55,::std::iter,16,::std::iter::FlatMap,::std::iter::Iterator,25880,66,34
55,::std::iter,17,::std::iter::FlatMap,::std::iter::DoubleEndedIterator,12135,7,4
55,::std::iter,18,::std::iter::Peekable,::std::iter::Iterator,25818,66,34
55,::std::iter,19,::std::iter::Peekable,::std::iter::DoubleEndedIterator,2797,7,4
55,::std::iter,20,::std::iter::Peekable,::std::iter::ExactSizeIterator,782,2,1
55,::std::iter,21,::std::iter::Skip,::std::iter::Iterator,31323,66,34
55,::std::iter,22,::std::iter::Skip,::std::iter::DoubleEndedIterator,3803,7,4
55,::std::iter,23,::std::iter::Skip,::std::iter::ExactSizeIterator,986,2,1
55,::std::iter,24,::std::iter::Take,::std::iter::Iterator,34235,66,34
55,::std::iter,25,::std::iter::Take,::std::iter::DoubleEndedIterator,2578,7,4
55,::std::iter,26,::std::iter::Take,::std::iter::ExactSizeIterator,737,2,1
55,::std::iter,27,::std::iter::Empty,::std::iter::Iterator,42164,66,34
55,::std::iter,28,::std::iter::Empty,::std::iter::DoubleEndedIterator,2452,7,4
55,::std::iter,29,::std::iter::Once,::std::iter::Iterator,40788,66,34
55,::std::iter,30,::std::iter::Once,::std::iter::DoubleEndedIterator,2432,7,4
55,::std::ops,0,::std::ops::RangeFrom,::std::cmp::PartialEq,2003,4,2
55,::std::ops,1,::std::ops::RangeFrom,::std::cmp::Eq,93,0,0
55,::std::ops,2,::std::ops::RangeFrom,::std::cmp::PartialOrd,5580,14,9
55,::std::ops,3,::std::ops::RangeFrom,::std::cmp::Ord,3029,8,5
55,::std::ops,4,::std::ops::RangeFromIter,::std::iter::Iterator,68939,66,34
55,::std::ops,5,::std::ops::RangeFromIter,::std::iter::Iterator,27589,66,34
55,::std::ops,6,::std::ops::RangeFromIter,::std::iter::Iterator,28929,66,34
55,::std::ops,7,::std::ops::RangeFull,::std::cmp::PartialEq,1834,4,2
55,::std::ops,8,::std::ops::RangeFull,::std::cmp::Eq,52,0,0
55,::std::ops,9,::std::ops::RangeFull,::std::cmp::PartialOrd,4934,14,9
55,::std::ops,10,::std::ops::RangeFull,::std::cmp::Ord,2597,8,5
55,::std::ops,11,::std::ops::RangeInclusive,::std::cmp::PartialEq,1776,4,2
55,::std::ops,12,::std::ops::RangeInclusive,::std::cmp::Eq,56,0,0
55,::std::ops,13,::std::ops::RangeInclusive,::std::cmp::PartialOrd,5247,14,9
55,::std::ops,14,::std::ops::RangeInclusive,::std::cmp::Ord,2778,8,5
55,::std::ops,15,::std::ops::RangeInclusiveIter,::std::iter::Iterator,26793,66,34
55,::std::ops,16,::std::ops::RangeInclusiveIter,::std::iter::Iterator,25671,66,34
55,::std::ops,17,::std::ops::RangeInclusiveIter,::std::iter::Iterator,25239,66,34
55,::std::ops,18,::std::ops::RangeInclusiveIter,::std::iter::DoubleEndedIterator,3427,7,4
55,::std::ops,19,::std::ops::RangeInclusiveIter,::std::iter::ExactSizeIterator,831,2,1
55,::std::ops,20,::std::ops::RangeInclusiveIter,::std::iter::DoubleEndedIterator,2658,7,4
55,::std::ops,21,::std::ops::RangeInclusiveIter,::std::iter::ExactSizeIterator,811,2,1
55,::std::ops,22,::std::ops::RangeInclusiveIter,::std::iter::DoubleEndedIterator,2506,7,4
55,::std::ops,23,::std::ops::RangeToInclusive,::std::cmp::PartialEq,1805,4,2
55,::std::ops,24,::std::ops::RangeToInclusive,::std::cmp::Eq,72,0,0
55,::std::ops,25,::std::ops::RangeToInclusive,::std::cmp::PartialOrd,4466,14,9
55,::std::ops,26,::std::ops::RangeToInclusive,::std::cmp::Ord,2703,8,5
55,::std::ops,27,::std::ops::RangeTo,::std::cmp::PartialEq,1843,4,2
55,::std::ops,28,::std::ops::RangeTo,::std::cmp::Eq,69,0,0
55,::std::ops,29,::std::ops::RangeTo,::std::cmp::PartialOrd,4954,14,9
55,::std::ops,30,::std::ops::RangeTo,::std::cmp::Ord,67701,8,5
55,::std::ops,31,::std::ops::Range,::std::cmp::PartialEq,1858,4,2
55,::std::ops,32,::std::ops::Range,::std::cmp::Eq,62,0,0
55,::std::ops,33,::std::ops::Range,::std::cmp::PartialOrd,5695,14,9
55,::std::ops,34,::std::ops::Range,::std::cmp::Ord,3535,8,5
55,::std::ops,35,::std::ops::RangeIter,::std::iter::Iterator,32468,66,34
55,::std::ops,36,::std::ops::RangeIter,::std::iter::Iterator,46896,66,34
55,::std::ops,37,::std::ops::RangeIter,::std::iter::Iterator,28469,66,34
55,::std::ops,38,::std::ops::RangeIter,::std::iter::DoubleEndedIterator,3351,7,4
55,::std::ops,39,::std::ops::RangeIter,::std::iter::ExactSizeIterator,976,2,1
55,::std::ops,40,::std::ops::RangeIter,::std::iter::DoubleEndedIterator,2520,7,4
55,::std::ops,41,::std::ops::RangeIter,::std::iter::ExactSizeIterator,759,2,1
55,::std::ops,42,::std::ops::RangeIter,::std::iter::DoubleEndedIterator,2474,7,4
55,::std::ops,43,::std::ops::ControlFlow,::std::cmp::PartialEq,58491,4,2
55,::std::ops,44,::std::ops::ControlFlow,::std::cmp::Eq,62,0,0
55,::std::ops,45,::std::ops::ControlFlow,::std::clone::Clone,995,2,1
55,::std::ops,46,::std::ops::Function,::std::clone::Clone,954,2,1
56,::std::iter,0,::std::iter::Rev,::std::iter::Iterator,44128,66,34
56,::std::iter,1,::std::iter::Rev,::std::iter::DoubleEndedIterator,3251,7,4
56,::std::iter,2,::std::iter::Rev,::std::iter::ExactSizeIterator,827,2,1
56,::std::iter,3,::std::iter::Chain,::std::iter::Iterator,30034,66,34
56,::std::iter,4,::std::iter::Chain,::std::iter::DoubleEndedIterator,2865,7,4
56,::std::iter,5,::std::iter::Chain,::std::iter::ExactSizeIterator,811,2,1
56,::std::iter,6,::std::iter::Enumerate,::std::iter::Iterator,45690,66,34
56,::std::iter,7,::std::iter::Enumerate,::std::iter::DoubleEndedIterator,2759,7,4
56,::std::iter,8,::std::iter::Enumerate,::std::iter::ExactSizeIterator,873,2,1
56,::std::iter,9,::std::iter::Filter,::std::iter::Iterator,29769,66,34
56,::std::iter,10,::std::iter::Filter,::std::iter::DoubleEndedIterator,2791,7,4
56,::std::iter,11,::std::iter::Map,::std::iter::Iterator,35424,66,34
56,::std::iter,12,::std::iter::Map,::std::iter::DoubleEndedIterator,2756,7,4
56,::std::iter,13,::std::iter::Map,::std::iter::ExactSizeIterator,1693,2,1
56,::std::iter,14,::std::iter::FilterMap,::std::iter::Iterator,40859,67,35
56,::std::iter,15,::std::iter::FilterMap,::std::iter::DoubleEndedIterator,3336,7,4
56,::std::iter,16,::std::iter::FlatMap,::std::iter::Iterator,25908,66,34
56,::std::iter,17,::std::iter::FlatMap,::std::iter::DoubleEndedIterator,10482,7,4
56,::std::iter,18,::std::iter::Peekable,::std::iter::Iterator,25852,66,34
56,::std::iter,19,::std::iter::Peekable,::std::iter::DoubleEndedIterator,2626,7,4
56,::std::iter,20,::std::iter::Peekable,::std::iter::ExactSizeIterator,790,2,1
56,::std::iter,21,::std::iter::Skip,::std::iter::Iterator,26281,66,34
56,::std::iter,22,::std::iter::Skip,::std::iter::DoubleEndedIterator,5461,7,4
56,::std::iter,23,::std::iter::Skip,::std::iter::ExactSizeIterator,1005,2,1
56,::std::iter,24,::std::iter::Take,::std::iter::Iterator,34389,66,34
56,::std::iter,25,::std::iter::Take,::std::iter::DoubleEndedIterator,2503,7,4
56,::std::iter,26,::std::iter::Take,::std::iter::ExactSizeIterator,753,2,1
56,::std::iter,27,::std::iter::Empty,::std::iter::Iterator,40403,66,34
56,::std::iter,28,::std::iter::Empty,::std::iter::DoubleEndedIterator,2496,7,4
56,::std::iter,29,::std::iter::Once,::std::iter::Iterator,41895,66,34
56,::std::iter,30,::std::iter::Once,::std::iter::DoubleEndedIterator,2369,7,4
56,::std::ops,0,::std::ops::RangeFrom,::std::cmp::PartialEq,2764,4,2
56,::std::ops,1,::std::ops::RangeFrom,::std::cmp::Eq,121,0,0
56,::std::ops,2,::std::ops::RangeFrom,::std::cmp::PartialOrd,8719,14,9
56,::std::ops,3,::std::ops::RangeFrom,::std::cmp::Ord,4711,8,5
56,::std::ops,4,::std::ops::RangeFromIter,::std::iter::Iterator,69623,66,34
56,::std::ops,5,::std::ops::RangeFromIter,::std::iter::Iterator,32299,66,34
56,::std::ops,6,::std::ops::RangeFromIter,::std::iter::Iterator,31113,66,34
56,::std::ops,7,::std::ops::RangeFull,::std::cmp::PartialEq,1854,4,2
56,::std::ops,8,::std::ops::RangeFull,::std::cmp::Eq,79,0,0
56,::std::ops,9,::std::ops::RangeFull,::std::cmp::PartialOrd,4888,14,9
56,::std::ops,10,::std::ops::RangeFull,::std::cmp::Ord,2601,8,5
56,::std::ops,11,::std::ops::RangeInclusive,::std::cmp::PartialEq,1786,4,2
56,::std::ops,12,::std::ops::RangeInclusive,::std::cmp::Eq,74,0,0
56,::std::ops,13,::std::ops::RangeInclusive,::std::cmp::PartialOrd,5369,14,9
56,::std::ops,14,::std::ops::RangeInclusive,::std::cmp::Ord,2842,8,5
56,::std::ops,15,::std::ops::RangeInclusiveIter,::std::iter::Iterator,26193,66,34
56,::std::ops,16,::std::ops::RangeInclusiveIter,::std::iter::Iterator,29745,66,34
56,::std::ops,17,::std::ops::RangeInclusiveIter,::std::iter::Iterator,37373,66,34
56,::std::ops,18,::std::ops::RangeInclusiveIter,::std::iter::DoubleEndedIterator,4557,7,4
56,::std::ops,19,::std::ops::RangeInclusiveIter,::std::iter::ExactSizeIterator,860,2,1
56,::std::ops,20,::std::ops::RangeInclusiveIter,::std::iter::DoubleEndedIterator,2586,7,4
56,::std::ops,21,::std::ops::RangeInclusiveIter,::std::iter::ExactSizeIterator,815,2,1
56,::std::ops,22,::std::ops::RangeInclusiveIter,::std::iter::DoubleEndedIterator,2504,7,4
56,::std::ops,23,::std::ops::RangeToInclusive,::std::cmp::PartialEq,1713,4,2
56,::std::ops,24,::std::ops::RangeToInclusive,::std::cmp::Eq,73,0,0
56,::std::ops,25,::std::ops::RangeToInclusive,::std::cmp::PartialOrd,4358,14,9
56,::std::ops,26,::std::ops::RangeToInclusive,::std::cmp::Ord,2740,8,5
56,::std::ops,27,::std::ops::RangeTo,::std::cmp::PartialEq,1940,4,2
56,::std::ops,28,::std::ops::RangeTo,::std::cmp::Eq,82,0,0
56,::std::ops,29,::std::ops::RangeTo,::std::cmp::PartialOrd,4979,14,9
56,::std::ops,30,::std::ops::RangeTo,::std::cmp::Ord,71989,8,5
56,::std::ops,31,::std::ops::Range,::std::cmp::PartialEq,1775,4,2
56,::std::ops,32,::std::ops::Range,::std::cmp::Eq,78,0,0
56,::std::ops,33,::std::ops::Range,::std::cmp::PartialOrd,5986,14,9
56,::std::ops,34,::std::ops::Range,::std::cmp::Ord,4716,8,5
56,::std::ops,35,::std::ops::RangeIter,::std::iter::Iterator,32991,66,34
56,::std::ops,36,::std::ops::RangeIter,::std::iter::Iterator,28682,66,34
56,::std::ops,37,::std::ops::RangeIter,::std::iter::Iterator,30332,66,34
56,::std::ops,38,::std::ops::RangeIter,::std::iter::DoubleEndedIterator,3581,7,4
56,::std::ops,39,::std::ops::RangeIter,::std::iter::ExactSizeIterator,968,2,1
56,::std::ops,40,::std::ops::RangeIter,::std::iter::DoubleEndedIterator,2596,7,4
56,::std::ops,41,::std::ops::RangeIter,::std::iter::ExactSizeIterator,821,2,1
56,::std::ops,42,::std::ops::RangeIter,::std::iter::DoubleEndedIterator,2578,7,4
56,::std::ops,43,::std::ops::ControlFlow,::std::cmp::PartialEq,58380,4,2
56,::std::ops,44,::std::ops::ControlFlow,::std::cmp::Eq,57,0,0
56,::std::ops,45,::std::ops::ControlFlow,::std::clone::Clone,1011,2,1
56,::std::ops,46,::std::ops::Function,::std::clone::Clone,964,2,1
57,::std::iter,0,::std::iter::Rev,::std::iter::Iterator,44584,66,34
57,::std::iter,1,::std::iter::Rev,::std::iter::DoubleEndedIterator,3210,7,4
57,::std::iter,2,::std::iter::Rev,::std::iter::ExactSizeIterator,830,2,1
57,::std::iter,3,::std::iter::Chain,::std::iter::Iterator,30108,66,34
57,::std::iter,4,::std::iter::Chain,::std::iter::DoubleEndedIterator,2893,7,4
57,::std::iter,5,::std::iter::Chain,::std::iter::ExactSizeIterator,806,2,1
57,::std::iter,6,::std::iter::Enumerate,::std::iter::Iterator,45756,66,34
57,::std::iter,7,::std::iter::Enumerate,::std::iter::DoubleEndedIterator,2745,7,4
57,::std::iter,8,::std::iter::Enumerate,::std::iter::ExactSizeIterator,833,2,1
57,::std::iter,9,::std::iter::Filter,::std::iter::Iterator,29771,66,34
57,::std::iter,10,::std::iter::Filter,::std::iter::DoubleEndedIterator,2793,7,4
57,::std::iter,11,::std::iter::Map,::std::iter::Iterator,34813,66,34
57,::std::iter,12,::std::iter::Map,::std::iter::DoubleEndedIterator,2706,7,4
57,::std::iter,13,::std::iter::Map,::std::iter::ExactSizeIterator,1689,2,1
57,::std::iter,14,::std::iter::FilterMap,::std::iter::Iterator,40929,67,35
57,::std::iter,15,::std::iter::FilterMap,::std::iter::DoubleEndedIterator,3358,7,4
57,::std::iter,16,::std::iter::FlatMap,::std::iter::Iterator,25957,66,34
57,::std::iter,17,::std::iter::FlatMap,::std::iter::DoubleEndedIterator,10671,7,4
57,::std::iter,18,::std::iter::Peekable,::std::iter::Iterator,26026,66,34
57,::std::iter,19,::std::iter::Peekable,::std::iter::DoubleEndedIterator,2681,7,4
57,::std::iter,20,::std::iter::Peekable,::std::iter::ExactSizeIterator,801,2,1
57,::std::iter,21,::std::iter::Skip,::std::iter::Iterator,26512,66,34
57,::std::iter,22,::std::iter::Skip,::std::iter::DoubleEndedIterator,3737,7,4
57,::std::iter,23,::std::iter::Skip,::std::iter::ExactSizeIterator,987,2,1
57,::std::iter,24,::std::iter::Take,::std::iter::Iterator,36236,66,34
57,::std::iter,25,::std::iter::Take,::std::iter::DoubleEndedIterator,2545,7,4
57,::std::iter,26,::std::iter::Take,::std::iter::ExactSizeIterator,743,2,1
57,::std::iter,27,::std::iter::Empty,::std::iter::Iterator,40762,66,34
57,::std::iter,28,::std::iter::Empty,::std::iter::DoubleEndedIterator,2451,7,4
57,::std::iter,29,::std::iter::Once,::std::iter::Iterator,42546,66,34
57,::std::iter,30,::std::iter::Once,::std::iter::DoubleEndedIterator,2478,7,4
57,::std::ops,0,::std::ops::RangeFrom,::std::cmp::PartialEq,1886,4,2
57,::std::ops,1,::std::ops::RangeFrom,::std::cmp::Eq,114,0,0
57,::std::ops,2,::std::ops::RangeFrom,::std::cmp::PartialOrd,5516,14,9
57,::std::ops,3,::std::ops::RangeFrom,::std::cmp::Ord,2819,8,5
57,::std::ops,4,::std::ops::RangeFromIter,::std::iter::Iterator,89648,66,34
57,::std::ops,5,::std::ops::RangeFromIter,::std::iter::Iterator,28156,66,34
57,::std::ops,6,::std::ops::RangeFromIter,::std::iter::Iterator,27709,66,34
57,::std::ops,7,::std::ops::RangeFull,::std::cmp::PartialEq,1870,4,2
57,::std::ops,8,::std::ops::RangeFull,::std::cmp::Eq,58,0,0
57,::std::ops,9,::std::ops::RangeFull,::std::cmp::PartialOrd,4858,14,9
57,::std::ops,10,::std::ops::RangeFull,::std::cmp::Ord,2695,8,5
57,::std::ops,11,::std::ops::RangeInclusive,::std::cmp::PartialEq,1881,4,2
57,::std::ops,12,::std::ops::RangeInclusive,::std::cmp::Eq,55,0,0
57,::std::ops,13,::std::ops::RangeInclusive,::std::cmp::PartialOrd,5401,14,9
57,::std::ops,14,::std::ops::RangeInclusive,::std::cmp::Ord,2927,8,5
57,::std::ops,15,::std::ops::RangeInclusiveIter,::std::iter::Iterator,26467,66,34
57,::std::ops,16,::std::ops::RangeInclusiveIter,::std::iter::Iterator,25813,66,34
57,::std::ops,17,::std::ops::RangeInclusiveIter,::std::iter::Iterator,25633,66,34
57,::std::ops,18,::std::ops::RangeInclusiveIter,::std::iter::DoubleEndedIterator,3596,7,4
57,::std::ops,19,::std::ops::RangeInclusiveIter,::std::iter::ExactSizeIterator,822,2,1
57,::std::ops,20,::std::ops::RangeInclusiveIter,::std::iter::DoubleEndedIterator,2634,7,4
57,::std::ops,21,::std::ops::RangeInclusiveIter,::std::iter::ExactSizeIterator,839,2,1
57,::std::ops,22,::std::ops::RangeInclusiveIter,::std::iter::DoubleEndedIterator,2554,7,4
57,::std::ops,23,::std::ops::RangeToInclusive,::std::cmp::PartialEq,1744,4,2
57,::std::ops,24,::std::ops::RangeToInclusive,::std::cmp::Eq,61,0,0
57,::std::ops,25,::std::ops::RangeToInclusive,::std::cmp::PartialOrd,4419,14,9
57,::std::ops,26,::std::ops::RangeToInclusive,::std::cmp::Ord,2750,8,5
57,::std::ops,27,::std::ops::RangeTo,::std::cmp::PartialEq,1824,4,2
57,::std::ops,28,::std::ops::RangeTo,::std::cmp::Eq,78,0,0
57,::std::ops,29,::std::ops::RangeTo,::std::cmp::PartialOrd,4884,14,9
57,::std::ops,30,::std::ops::RangeTo,::std::cmp::Ord,69523,8,5
57,::std::ops,31,::std::ops::Range,::std::cmp::PartialEq,1703,4,2
57,::std::ops,32,::std::ops::Range,::std::cmp::Eq,81,0,0
57,::std::ops,33,::std::ops::Range,::std::cmp::PartialOrd,5597,14,9
57,::std::ops,34,::std::ops::Range,::std::cmp::Ord,3443,8,5
57,::std::ops,35,::std::ops::RangeIter,::std::iter::Iterator,30781,66,34
57,::std::ops,36,::std::ops::RangeIter,::std::iter::Iterator,28631,66,34
57,::std::ops,37,::std::ops::RangeIter,::std::iter::Iterator,28418,66,34
57,::std::ops,38,::std::ops::RangeIter,::std::iter::DoubleEndedIterator,3379,7,4
57,::std::ops,39,::std::ops::RangeIter,::std::iter::ExactSizeIterator,928,2,1
57,::std::ops,40,::std::ops::RangeIter,::std::iter::DoubleEndedIterator,2615,7,4
57,::std::ops,41,::std::ops::RangeIter,::std::iter::ExactSizeIterator,785,2,1
57,::std::ops,42,::std::ops::RangeIter,::std::iter::DoubleEndedIterator,2428,7,4
57,::std::ops,43,::std::ops::ControlFlow,::std::cmp::PartialEq,59808,4,2
57,::std::ops,44,::std::ops::ControlFlow,::std::cmp::Eq,78,0,0
57,::std::ops,45,::std::ops::ControlFlow,::std::clone::Clone,970,2,1
57,::std::ops,46,::std::ops::Function,::std::clone::Clone,952,2,1
58,::std::iter,0,::std::iter::Rev,::std::iter::Iterator,44381,66,34
58,::std::iter,1,::std::iter::Rev,::std::iter::DoubleEndedIterator,3362,7,4
58,::std::iter,2,::std::iter::Rev,::std::iter::ExactSizeIterator,859,2,1
58,::std::iter,3,::std::iter::Chain,::std::iter::Iterator,31782,66,34
58,::std::iter,4,::std::iter::Chain,::std::iter::DoubleEndedIterator,2840,7,4
58,::std::iter,5,::std::iter::Chain,::std::iter::ExactSizeIterator,811,2,1
58,::std::iter,6,::std::iter::Enumerate,::std::iter::Iterator,40643,66,34
58,::std::iter,7,::std::iter::Enumerate,::std::iter::DoubleEndedIterator,2715,7,4
58,::std::iter,8,::std::iter::Enumerate,::std::iter::ExactSizeIterator,841,2,1
58,::std::iter,9,::std::iter::Filter,::std::iter::Iterator,30071,66,34
58,::std::iter,10,::std::iter::Filter,::std::iter::DoubleEndedIterator,2867,7,4
58,::std::iter,11,::std::iter::Map,::std::iter::Iterator,33087,66,34
58,::std::iter,12,::std::iter::Map,::std::iter::DoubleEndedIterator,2721,7,4
58,::std::iter,13,::std::iter::Map,::std::iter::ExactSizeIterator,1669,2,1
58,::std::iter,14,::std::iter::FilterMap,::std::iter::Iterator,42676,67,35
58,::std::iter,15,::std::iter::FilterMap,::std::iter::DoubleEndedIterator,3474,7,4
58,::std::iter,16,::std::iter::FlatMap,::std::iter::Iterator,30540,66,34
58,::std::iter,17,::std::iter::FlatMap,::std::iter::DoubleEndedIterator,10654,7,4
58,::std::iter,18,::std::iter::Peekable,::std::iter::Iterator,25747,66,34
58,::std::iter,19,::std::iter::Peekable,::std::iter::DoubleEndedIterator,2622,7,4
58,::std::iter,20,::std::iter::Peekable,::std::iter::ExactSizeIterator,819,2,1
58,::std::iter,21,::std::iter::Skip,::std::iter::Iterator,26384,66,34
58,::std::iter,22,::std::iter::Skip,::std::iter::DoubleEndedIterator,3952,7,4
58,::std::iter,23,::std::iter::Skip,::std::iter::ExactSizeIterator,977,2,1
58,::std::iter,24,::std::iter::Take,::std::iter::Iterator,34008,66,34
58,::std::iter,25,::std::iter::Take,::std::iter::DoubleEndedIterator,2590,7,4
58,::std::iter,26,::std::iter::Take,::std::iter::ExactSizeIterator,760,2,1
58,::std::iter,27,::std::iter::Empty,::std::iter::Iterator,42165,66,34
58,::std::iter,28,::std::iter::Empty,::std::iter::DoubleEndedIterator,2432,7,4
58,::std::iter,29,::std::iter::Once,::std::iter::Iterator,40591,66,34
58,::std::iter,30,::std::iter::Once,::std::iter::DoubleEndedIterator,2393,7,4
58,::std::ops,0,::std::ops::RangeFrom,::std::cmp::PartialEq,1953,4,2
58,::std::ops,1,::std::ops::RangeFrom,::std::cmp::Eq,79,0,0
58,::std::ops,2,::std::ops::RangeFrom,::std::cmp::PartialOrd,5532,14,9
58,::std::ops,3,::std::ops::RangeFrom,::std::cmp::Ord,2819,8,5
58,::std::ops,4,::std::ops::RangeFromIter,::std::iter::Iterator,69509,66,34
58,::std::ops,5,::std::ops::RangeFromIter,::std::iter::Iterator,27977,66,34
58,::std::ops,6,::std::ops::RangeFromIter,::std::iter::Iterator,27515,66,34
58,::std::ops,7,::std::ops::RangeFull,::std::cmp::PartialEq,1830,4,2
58,::std::ops,8,::std::ops::RangeFull,::std::cmp::Eq,57,0,0
58,::std::ops,9,::std::ops::RangeFull,::std::cmp::PartialOrd,4845,14,9
58,::std::ops,10,::std::ops::RangeFull,::std::cmp::Ord,2600,8,5
58,::std::ops,11,::std::ops::RangeInclusive,::std::cmp::PartialEq,1759,4,2
58,::std::ops,12,::std::ops::RangeInclusive,::std::cmp::Eq,71,0,0
58,::std::ops,13,::std::ops::RangeInclusive,::std::cmp::PartialOrd,5500,14,9
58,::std::ops,14,::std::ops::RangeInclusive,::std::cmp::Ord,2870,8,5
58,::std::ops,15,::std::ops::RangeInclusiveIter,::std::iter::Iterator,26706,66,34
58,::std::ops,16,::std::ops::RangeInclusiveIter,::std::iter::Iterator,26036,66,34
58,::std::ops,17,::std::ops::RangeInclusiveIter,::std::iter::Iterator,25358,66,34
58,::std::ops,18,::std::ops::RangeInclusiveIter,::std::iter::DoubleEndedIterator,3489,7,4
58,::std::ops,19,::std::ops::RangeInclusiveIter,::std::iter::ExactSizeIterator,824,2,1
58,::std::ops,20,::std::ops::RangeInclusiveIter,::std::iter::DoubleEndedIterator,2560,7,4
58,::std::ops,21,::std::ops::RangeInclusiveIter,::std::iter::ExactSizeIterator,836,2,1
58,::std::ops,22,::std::ops::RangeInclusiveIter,::std::iter::DoubleEndedIterator,2567,7,4
58,::std::ops,23,::std::ops::RangeToInclusive,::std::cmp::PartialEq,1778,4,2
58,::std::ops,24,::std::ops::RangeToInclusive,::std::cmp::Eq,59,0,0
58,::std::ops,25,::std::ops::RangeToInclusive,::std::cmp::PartialOrd,4538,14,9
58,::std::ops,26,::std::ops::RangeToInclusive,::std::cmp::Ord,2724,8,5
58,::std::ops,27,::std::ops::RangeTo,::std::cmp::PartialEq,1917,4,2
58,::std::ops,28,::std::ops::RangeTo,::std::cmp::Eq,67,0,0
58,::std::ops,29,::std::ops::RangeTo,::std::cmp::PartialOrd,4902,14,9
58,::std::ops,30,::std::ops::RangeTo,::std::cmp::Ord,68860,8,5
58,::std::ops,31,::std::ops::Range,::std::cmp::PartialEq,1724,4,2
58,::std::ops,32,::std::ops::Range,::std::cmp::Eq,61,0,0
58,::std::ops,33,::std::ops::Range,::std::cmp::PartialOrd,5615,14,9
58,::std::ops,34,::std::ops::Range,::std::cmp::Ord,3374,8,5
58,::std::ops,35,::std::ops::RangeIter,::std::iter::Iterator,31223,66,34
58,::std::ops,36,::std::ops::RangeIter,::std::iter::Iterator,28547,66,34
58,::std::ops,37,::std::ops::RangeIter,::std::iter::Iterator,28544,66,34
58,::std::ops,38,::std::ops::RangeIter,::std::iter::DoubleEndedIterator,3439,7,4
58,::std::ops,39,::std::ops::RangeIter,::std::iter::ExactSizeIterator,977,2,1
58,::std::ops,40,::std::ops::RangeIter,::std::iter::DoubleEndedIterator,2647,7,4
58,::std::ops,41,::std::ops::RangeIter,::std::iter::ExactSizeIterator,801,2,1
58,::std::ops,42,::std::ops::RangeIter,::std::iter::DoubleEndedIterator,2574,7,4
58,::std::ops,43,::std::ops::ControlFlow,::std::cmp::PartialEq,60104,4,2
58,::std::ops,44,::std::ops::ControlFlow,::std::cmp::Eq,64,0,0
58,::std::ops,45,::std::ops::ControlFlow,::std::clone::Clone,1040,2,1
58,::std::ops,46,::std::ops::Function,::std::clone::Clone,948,2,1
59,::std::iter,0,::std::iter::Rev,::std::iter::Iterator,42815,66,34
59,::std::iter,1,::std::iter::Rev,::std::iter::DoubleEndedIterator,3235,7,4
59,::std::iter,2,::std::iter::Rev,::std::iter::ExactSizeIterator,852,2,1
59,::std::iter,3,::std::iter::Chain,::std::iter::Iterator,29594,66,34
59,::std::iter,4,::std::iter::Chain,::std::iter::DoubleEndedIterator,2898,7,4
59,::std::iter,5,::std::iter::Chain,::std::iter::ExactSizeIterator,787,2,1
59,::std::iter,6,::std::iter::Enumerate,::std::iter::Iterator,41962,66,34
59,::std::iter,7,::std::iter::Enumerate,::std::iter::DoubleEndedIterator,2806,7,4
59,::std::iter,8,::std::iter::Enumerate,::std::iter::ExactSizeIterator,817,2,1
59,::std::iter,9,::std::iter::Filter,::std::iter::Iterator,29745,66,34
59,::std::iter,10,::std::iter::Filter,::std::iter::DoubleEndedIterator,2830,7,4
59,::std::iter,11,::std::iter::Map,::std::iter::Iterator,32723,66,34
59,::std::iter,12,::std::iter::Map,::std::iter::DoubleEndedIterator,2584,7,4
59,::std::iter,13,::std::iter::Map,::std::iter::ExactSizeIterator,1574,2,1
59,::std::iter,14,::std::iter::FilterMap,::std::iter::Iterator,42671,67,35
59,::std::iter,15,::std::iter::FilterMap,::std::iter::DoubleEndedIterator,3390,7,4
59,::std::iter,16,::std::iter::FlatMap,::std::iter::Iterator,26305,66,34
59,::std::iter,17,::std::iter::FlatMap,::std::iter::DoubleEndedIterator,10272,7,4
59,::std::iter,18,::std::iter::Peekable,::std::iter::Iterator,26272,66,34
59,::std::iter,19,::std::iter::Peekable,::std::iter::DoubleEndedIterator,2653,7,4
59,::std::iter,20,::std::iter::Peekable,::std::iter::ExactSizeIterator,807,2,1
59,::std::iter,21,::std::iter::Skip,::std::iter::Iterator,30597,66,34
59,::std::iter,22,::std::iter::Skip,::std::iter::DoubleEndedIterator,3684,7,4
59,::std::iter,23,::std::iter::Skip,::std::iter::ExactSizeIterator,954,2,1
59,::std::iter,24,::std::iter::Take,::std::iter::Iterator,34222,66,34
59,::std::iter,25,::std::iter::Take,::std::iter::DoubleEndedIterator,2587,7,4
59,::std::iter,26,::std::iter::Take,::std::iter::ExactSizeIterator,767,2,1
59,::std::iter,27,::std::iter::Empty,::std::iter::Iterator,41922,66,34
59,::std::iter,28,::std::iter::Empty,::std::iter::DoubleEndedIterator,2521,7,4
59,::std::iter,29,::std::iter::Once,::std::iter::Iterator,40624,66,34
59,::std::iter,30,::std::iter::Once,::std::iter::DoubleEndedIterator,2473,7,4
59,::std::ops,0,::std::ops::RangeFrom,::std::cmp::PartialEq,1914,4,2
59,::std::ops,1,::std::ops::RangeFrom,::std::cmp::Eq,100,0,0
59,::std::ops,2,::std::ops::RangeFrom,::std::cmp::PartialOrd,5448,14,9
59,::std::ops,3,::std::ops::RangeFrom,::std::cmp::Ord,2811,8,5
59,::std::ops,4,::std::ops::RangeFromIter,::std::iter::Iterator,70366,66,34
59,::std::ops,5,::std::ops::RangeFromIter,::std::iter::Iterator,27960,66,34
59,::std::ops,6,::std::ops::RangeFromIter,::std::iter::Iterator,27164,66,34
59,::std::ops,7,::std::ops::RangeFull,::std::cmp::PartialEq,1864,4,2
59,::std::ops,8,::std::ops::RangeFull,::std::cmp::Eq,68,0,0
59,::std::ops,9,::std::ops::RangeFull,::std::cmp::PartialOrd,4970,14,9
59,::std::ops,10,::std::ops::RangeFull,::std::cmp::Ord,2785,8,5
59,::std::ops,11,::std::ops::RangeInclusive,::std::cmp::PartialEq,1899,4,2
59,::std::ops,12,::std::ops::RangeInclusive,::std::cmp::Eq,62,0,0
59,::std::ops,13,::std::ops::RangeInclusive,::std::cmp::PartialOrd,5358,14,9
59,::std::ops,14,::std::ops::RangeInclusive,::std::cmp::Ord,2731,8,5
59,::std::ops,15,::std::ops::RangeInclusiveIter,::std::iter::Iterator,26173,66,34
59,::std::ops,16,::std::ops::RangeInclusiveIter,::std::iter::Iterator,26129,66,34
59,::std::ops,17,::std::ops::RangeInclusiveIter,::std::iter::Iterator,25719,66,34
59,::std::ops,18,::std::ops::RangeInclusiveIter,::std::iter::DoubleEndedIterator,3524,7,4
59,::std::ops,19,::std::ops::RangeInclusiveIter,::std::iter::ExactSizeIterator,845,2,1
59,::std::ops,20,::std::ops::RangeInclusiveIter,::std::iter::DoubleEndedIterator,2743,7,4
59,::std::ops,21,::std::ops::RangeInclusiveIter,::std::iter::ExactSizeIterator,802,2,1
59,::std::ops,22,::std::ops::RangeInclusiveIter,::std::iter::DoubleEndedIterator,2510,7,4
59,::std::ops,23,::std::ops::RangeToInclusive,::std::cmp::PartialEq,1792,4,2
59,::std::ops,24,::std::ops::RangeToInclusive,::std::cmp::Eq,48,0,0
59,::std::ops,25,::std::ops::RangeToInclusive,::std::cmp::PartialOrd,4335,14,9
59,::std::ops,26,::std::ops::RangeToInclusive,::std::cmp::Ord,2638,8,5
59,::std::ops,27,::std::ops::RangeTo,::std::cmp::PartialEq,1795,4,2
59,::std::ops,28,::std::ops::RangeTo,::std::cmp::Eq,76,0,0
59,::std::ops,29,::std::ops::RangeTo,::std::cmp::PartialOrd,4934,14,9
59,::std::ops,30,::std::ops::RangeTo,::std::cmp::Ord,69220,8,5
59,::std::ops,31,::std::ops::Range,::std::cmp::PartialEq,1751,4,2
59,::std::ops,32,::std::ops::Range,::std::cmp::Eq,93,0,0
59,::std::ops,33,::std::ops::Range,::std::cmp::PartialOrd,5679,14,9
59,::std::ops,34,::std::ops::Range,::std::cmp::Ord,3391,8,5
59,::std::ops,35,::std::ops::RangeIter,::std::iter::Iterator,30757,66,34
59,::std::ops,36,::std::ops::RangeIter,::std::iter::Iterator,28828,66,34
59,::std::ops,37,::std::ops::RangeIter,::std::iter::Iterator,28364,66,34
59,::std::ops,38,::std::ops::RangeIter,::std::iter::DoubleEndedIterator,3362,7,4
59,::std::ops,39,::std::ops::RangeIter,::std::iter::ExactSizeIterator,1010,2,1
59,::std::ops,40,::std::ops::RangeIter,::std::iter::DoubleEndedIterator,2580,7,4
59,::std::ops,41,::std::ops::RangeIter,::std::iter::ExactSizeIterator,823,2,1
59,::std::ops,42,::std::ops::RangeIter,::std::iter::DoubleEndedIterator,2442,7,4
59,::std::ops,43,::std::ops::ControlFlow,::std::cmp::PartialEq,59878,4,2
59,::std::ops,44,::std::ops::ControlFlow,::std::cmp::Eq,70,0,0
59,::std::ops,45,::std::ops::ControlFlow,::std::clone::Clone,950,2,1
59,::std::ops,46,::std::ops::Function,::std::clone::Clone,870,2,1
60,::std::iter,0,::std::iter::Rev,::std::iter::Iterator,42746,66,34
60,::std::iter,1,::std::iter::Rev,::std::iter::DoubleEndedIterator,3151,7,4
60,::std::iter,2,::std::iter::Rev,::std::iter::ExactSizeIterator,832,2,1
60,::std::iter,3,::std::iter::Chain,::std::iter::Iterator,29945,66,34
60,::std::iter,4,::std::iter::Chain,::std::iter::DoubleEndedIterator,2840,7,4
60,::std::iter,5,::std::iter::Chain,::std::iter::ExactSizeIterator,818,2,1
60,::std::iter,6,::std::iter::Enumerate,::std::iter::Iterator,41767,66,34
60,::std::iter,7,::std::iter::Enumerate,::std::iter::DoubleEndedIterator,2786,7,4
60,::std::iter,8,::std::iter::Enumerate,::std::iter::ExactSizeIterator,856,2,1
60,::std::iter,9,::std::iter::Filter,::std::iter::Iterator,29748,66,34
60,::std::iter,10,::std::iter::Filter,::std::iter::DoubleEndedIterator,2813,7,4
60,::std::iter,11,::std::iter::Map,::std::iter::Iterator,32964,66,34
60,::std::iter,12,::std::iter::Map,::std::iter::DoubleEndedIterator,2712,7,4
60,::std::iter,13,::std::iter::Map,::std::iter::ExactSizeIterator,1584,2,1
60,::std::iter,14,::std::iter::FilterMap,::std::iter::Iterator,45376,67,35
60,::std::iter,15,::std::iter::FilterMap,::std::iter::DoubleEndedIterator,3306,7,4
60,::std::iter,16,::std::iter::FlatMap,::std::iter::Iterator,25970,66,34
60,::std::iter,17,::std::iter::FlatMap,::std::iter::DoubleEndedIterator,11858,7,4
60,::std::iter,18,::std::iter::Peekable,::std::iter::Iterator,25487,66,34
60,::std::iter,19,::std::iter::Peekable,::std::iter::DoubleEndedIterator,2712,7,4
60,::std::iter,20,::std::iter::Peekable,::std::iter::ExactSizeIterator,803,2,1
60,::std::iter,21,::std::iter::Skip,::std::iter::Iterator,26080,66,34
60,::std::iter,22,::std::iter::Skip,::std::iter::DoubleEndedIterator,3596,7,4
60,::std::iter,23,::std::iter::Skip,::std::iter::ExactSizeIterator,980,2,1
60,::std::iter,24,::std::iter::Take,::std::iter::Iterator,33869,66,34
60,::std::iter,25,::std::iter::Take,::std::iter::DoubleEndedIterator,2539,7,4
60,::std::iter,26,::std::iter::Take,::std::iter::ExactSizeIterator,714,2,1
60,::std::iter,27,::std::iter::Empty,::std::iter::Iterator,41885,66,34
60,::std::iter,28,::std::iter::Empty,::std::iter::DoubleEndedIterator,2466,7,4
60,::std::iter,29,::std::iter::Once,::std::iter::Iterator,40201,66,34
60,::std::iter,30,::std::iter::Once,::std::iter::DoubleEndedIterator,2483,7,4
60,::std::ops,0,::std::ops::RangeFrom,::std::cmp::PartialEq,1977,4,2
60,::std::ops,1,::std::ops::RangeFrom,::std::cmp::Eq,91,0,0
60,::std::ops,2,::std::ops::RangeFrom,::std::cmp::PartialOrd,5627,14,9
60,::std::ops,3,::std::ops::RangeFrom,::std::cmp::Ord,2792,8,5
60,::std::ops,4,::std::ops::RangeFromIter,::std::iter::Iterator,70271,66,34
60,::std::ops,5,::std::ops::RangeFromIter,::std::iter::Iterator,27858,66,34
60,::std::ops,6,::std::ops::RangeFromIter,::std::iter::Iterator,29052,66,34
60,::std::ops,7,::std::ops::RangeFull,::std::cmp::PartialEq,1877,4,2
60,::std::ops,8,::std::ops::RangeFull,::std::cmp::Eq,50,0,0
60,::std::ops,9,::std::ops::RangeFull,::std::cmp::PartialOrd,5052,14,9
60,::std::ops,10,::std::ops::RangeFull,::std::cmp::Ord,2708,8,5
60,::std::ops,11,::std::ops::RangeInclusive,::std::cmp::PartialEq,1797,4,2
60,::std::ops,12,::std::ops::RangeInclusive,::std::cmp::Eq,61,0,0
60,::std::ops,13,::std::ops::RangeInclusive,::std::cmp::PartialOrd,5420,14,9
60,::std::ops,14,::std::ops::RangeInclusive,::std::cmp::Ord,3027,8,5
60,::std::ops,15,::std::ops::RangeInclusiveIter,::std::iter::Iterator,26750,66,34
60,::std::ops,16,::std::ops::RangeInclusiveIter,::std::iter::Iterator,25729,66,34
60,::std::ops,17,::std::ops::RangeInclusiveIter,::std::iter::Iterator,26134,66,34
60,::std::ops,18,::std::ops::RangeInclusiveIter,::std::iter::DoubleEndedIterator,3544,7,4
60,::std::ops,19,::std::ops::RangeInclusiveIter,::std::iter::ExactSizeIterator,852,2,1
60,::std::ops,20,::std::ops::RangeInclusiveIter,::std::iter::DoubleEndedIterator,2611,7,4
60,::std::ops,21,::std::ops::RangeInclusiveIter,::std::iter::ExactSizeIterator,780,2,1
60,::std::ops,22,::std::ops::RangeInclusiveIter,::std::iter::DoubleEndedIterator,2438,7,4
60,::std::ops,23,::std::ops::RangeToInclusive,::std::cmp::PartialEq,1643,4,2
60,::std::ops,24,::std::ops::RangeToInclusive,::std::cmp::Eq,51,0,0
60,::std::ops,25,::std::ops::RangeToInclusive,::std::cmp::PartialOrd,4490,14,9
60,::std::ops,26,::std::ops::RangeToInclusive,::std::cmp::Ord,2621,8,5
60,::std::ops,27,::std::ops::RangeTo,::std::cmp::PartialEq,1846,4,2
60,::std::ops,28,::std::ops::RangeTo,::std::cmp::Eq,72,0,0
60,::std::ops,29,::std::ops::RangeTo,::std::cmp::PartialOrd,4977,14,9
60,::std::ops,30,::std::ops::RangeTo,::std::cmp::Ord,65073,8,5
60,::std::ops,31,::std::ops::Range,::std::cmp::PartialEq,1972,4,2
60,::std::ops,32,::std::ops::Range,::std::cmp::Eq,54,0,0
60,::std::ops,33,::std::ops::Range,::std::cmp::PartialOrd,5438,14,9
60,::std::ops,34,::std::ops::Range,::std::cmp::Ord,3430,8,5
60,::std::ops,35,::std::ops::RangeIter,::std::iter::Iterator,32601,66,34
60,::std::ops,36,::std::ops::RangeIter,::std::iter::Iterator,28723,66,34
60,::std::ops,37,::std::ops::RangeIter,::std::iter::Iterator,28491,66,34
60,::std::ops,38,::std::ops::RangeIter,::std::iter::DoubleEndedIterator,3527,7,4
60,::std::ops,39,::std::ops::RangeIter,::std::iter::ExactSizeIterator,915,2,1
60,::std::ops,40,::std::ops::RangeIter,::std::iter::DoubleEndedIterator,2577,7,4
60,::std::ops,41,::std::ops::RangeIter,::std::iter::ExactSizeIterator,743,2,1
60,::std::ops,42,::std::ops::RangeIter,::std::iter::DoubleEndedIterator,2532,7,4
60,::std::ops,43,::std::ops::ControlFlow,::std::cmp::PartialEq,57943,4,2
60,::std::ops,44,::std::ops::ControlFlow,::std::cmp::Eq,58,0,0
60,::std::ops,45,::std::ops::ControlFlow,::std::clone::Clone,984,2,1
60,::std::ops,46,::std::ops::Function,::std::clone::Clone,932,2,1
61,::std::iter,0,::std::iter::Rev,::std::iter::Iterator,43600,66,34
61,::std::iter,1,::std::iter::Rev,::std::iter::DoubleEndedIterator,3234,7,4
61,::std::iter,2,::std::iter::Rev,::std::iter::ExactSizeIterator,882,2,1
61,::std::iter,3,::std::iter::Chain,::std::iter::Iterator,30008,66,34
61,::std::iter,4,::std::iter::Chain,::std::iter::DoubleEndedIterator,2922,7,4
61,::std::iter,5,::std::iter::Chain,::std::iter::ExactSizeIterator,795,2,1
61,::std::iter,6,::std::iter::Enumerate,::std::iter::Iterator,40922,66,34
61,::std::iter,7,::std::iter::Enumerate,::std::iter::DoubleEndedIterator,2799,7,4
61,::std::iter,8,::std::iter::Enumerate,::std::iter::ExactSizeIterator,877,2,1
61,::std::iter,9,::std::iter::Filter,::std::iter::Iterator,34318,66,34
61,::std::iter,10,::std::iter::Filter,::std::iter::DoubleEndedIterator,2806,7,4
61,::std::iter,11,::std::iter::Map,::std::iter::Iterator,34303,66,34
61,::std::iter,12,::std::iter::Map,::std::iter::DoubleEndedIterator,2679,7,4
61,::std::iter,13,::std::iter::Map,::std::iter::ExactSizeIterator,1606,2,1
61,::std::iter,14,::std::iter::FilterMap,::std::iter::Iterator,40447,67,35
61,::std::iter,15,::std::iter::FilterMap,::std::iter::DoubleEndedIterator,3289,7,4
61,::std::iter,16,::std::iter::FlatMap,::std::iter::Iterator,26131,66,34
61,::std::iter,17,::std::iter::FlatMap,::std::iter::DoubleEndedIterator,10270,7,4
61,::std::iter,18,::std::iter::Peekable,::std::iter::Iterator,25856,66,34
61,::std::iter,19,::std::iter::Peekable,::std::iter::DoubleEndedIterator,2722,7,4
61,::std::iter,20,::std::iter::Peekable,::std::iter::ExactSizeIterator,821,2,1
61,::std::iter,21,::std::iter::Skip,::std::iter::Iterator,26299,66,34
61,::std::iter,22,::std::iter::Skip,::std::iter::DoubleEndedIterator,5388,7,4
61,::std::iter,23,::std::iter::Skip,::std::iter::ExactSizeIterator,983,2,1
61,::std::iter,24,::std::iter::Take,::std::iter::Iterator,34087,66,34
61,::std::iter,25,::std::iter::Take,::std::iter::DoubleEndedIterator,2642,7,4
61,::std::iter,26,::std::iter::Take,::std::iter::ExactSizeIterator,780,2,1
61,::std::iter,27,::std::iter::Empty,::std::iter::Iterator,40217,66,34
61,::std::iter,28,::std::iter::Empty,::std::iter::DoubleEndedIterator,2463,7,4
61,::std::iter,29,::std::iter::Once,::std::iter::Iterator,48394,66,34
61,::std::iter,30,::std::iter::Once,::std::iter::DoubleEndedIterator,2417,7,4
61,::std::ops,0,::std::ops::RangeFrom,::std::cmp::PartialEq,2046,4,2
61,::std::ops,1,::std::ops::RangeFrom,::std::cmp::Eq,78,0,0
61,::std::ops,2,::std::ops::RangeFrom,::std::cmp::PartialOrd,5709,14,9
61,::std::ops,3,::std::ops::RangeFrom,::std::cmp::Ord,2893,8,5
61,::std::ops,4,::std::ops::RangeFromIter,::std::iter::Iterator,68735,66,34
61,::std::ops,5,::std::ops::RangeFromIter,::std::iter::Iterator,28222,66,34
61,::std::ops,6,::std::ops::RangeFromIter,::std::iter::Iterator,27446,66,34
61,::std::ops,7,::std::ops::RangeFull,::std::cmp::PartialEq,1885,4,2
61,::std::ops,8,::std::ops::RangeFull,::std::cmp::Eq,68,0,0
61,::std::ops,9,::std::ops::RangeFull,::std::cmp::PartialOrd,4901,14,9
61,::std::ops,10,::std::ops::RangeFull,::std::cmp::Ord,2717,8,5
61,::std::ops,11,::std::ops::RangeInclusive,::std::cmp::PartialEq,1769,4,2
61,::std::ops,12,::std::ops::RangeInclusive,::std::cmp::Eq,54,0,0
61,::std::ops,13,::std::ops::RangeInclusive,::std::cmp::PartialOrd,5302,14,9
61,::std::ops,14,::std::ops::RangeInclusive,::std::cmp::Ord,2878,8,5
61,::std::ops,15,::std::ops::RangeInclusiveIter,::std::iter::Iterator,26755,66,34
61,::std::ops,16,::std::ops::RangeInclusiveIter,::std::iter::Iterator,25900,66,34
61,::std::ops,17,::std::ops::RangeInclusiveIter,::std::iter::Iterator,25930,66,34
61,::std::ops,18,::std::ops::RangeInclusiveIter,::std::iter::DoubleEndedIterator,3504,7,4
61,::std::ops,19,::std::ops::RangeInclusiveIter,::std::iter::ExactSizeIterator,785,2,1
61,::std::ops,20,::std::ops::RangeInclusiveIter,::std::iter::DoubleEndedIterator,2538,7,4
61,::std::ops,21,::std::ops::RangeInclusiveIter,::std::iter::ExactSizeIterator,761,2,1
61,::std::ops,22,::std::ops::RangeInclusiveIter,::std::iter::DoubleEndedIterator,2464,7,4
61,::std::ops,23,::std::ops::RangeToInclusive,::std::cmp::PartialEq,1718,4,2
61,::std::ops,24,::std::ops::RangeToInclusive,::std::cmp::Eq,48,0,0
61,::std::ops,25,::std::ops::RangeToInclusive,::std::cmp::PartialOrd,4261,14,9
61,::std::ops,26,::std::ops::RangeToInclusive,::std::cmp::Ord,2628,8,5
61,::std::ops,27,::std::ops::RangeTo,::std::cmp::PartialEq,1839,4,2
61,::std::ops,28,::std::ops::RangeTo,::std::cmp::Eq,72,0,0
61,::std::ops,29,::std::ops::RangeTo,::std::cmp::PartialOrd,5022,14,9
61,::std::ops,30,::std::ops::RangeTo,::std::cmp::Ord,68848,8,5
61,::std::ops,31,::std::ops::Range,::std::cmp::PartialEq,1790,4,2
61,::std::ops,32,::std::ops::Range,::std::cmp::Eq,55,0,0
61,::std::ops,33,::std::ops::Range,::std::cmp::PartialOrd,5508,14,9
61,::std::ops,34,::std::ops::Range,::std::cmp::Ord,3488,8,5
61,::std::ops,35,::std::ops::RangeIter,::std::iter::Iterator,31111,66,34
61,::std::ops,36,::std::ops::RangeIter,::std::iter::Iterator,28521,66,34
61,::std::ops,37,::std::ops::RangeIter,::std::iter::Iterator,29770,66,34
61,::std::ops,38,::std::ops::RangeIter,::std::iter::DoubleEndedIterator,3382,7,4
61,::std::ops,39,::std::ops::RangeIter,::std::iter::ExactSizeIterator,963,2,1
61,::std::ops,40,::std::ops::RangeIter,::std::iter::DoubleEndedIterator,2549,7,4
61,::std::ops,41,::std::ops::RangeIter,::std::iter::ExactSizeIterator,801,2,1
61,::std::ops,42,::std::ops::RangeIter,::std::iter::DoubleEndedIterator,2527,7,4
61,::std::ops,43,::std::ops::ControlFlow,::std::cmp::PartialEq,58071,4,2
61,::std::ops,44,::std::ops::ControlFlow,::std::cmp::Eq,59,0,0
61,::std::ops,45,::std::ops::ControlFlow,::std::clone::Clone,1001,2,1
61,::std::ops,46,::std::ops::Function,::std::clone::Clone,916,2,1
62,::std::iter,0,::std::iter::Rev,::std::iter::Iterator,45290,66,34
62,::std::iter,1,::std::iter::Rev,::std::iter::DoubleEndedIterator,3249,7,4
62,::std::iter,2,::std::iter::Rev,::std::iter::ExactSizeIterator,859,2,1
62,::std::iter,3,::std::iter::Chain,::std::iter::Iterator,30835,66,34
62,::std::iter,4,::std::iter::Chain,::std::iter::DoubleEndedIterator,2912,7,4
62,::std::iter,5,::std::iter::Chain,::std::iter::ExactSizeIterator,833,2,1
62,::std::iter,6,::std::iter::Enumerate,::std::iter::Iterator,41237,66,34
62,::std::iter,7,::std::iter::Enumerate,::std::iter::DoubleEndedIterator,2763,7,4
62,::std::iter,8,::std::iter::Enumerate,::std::iter::ExactSizeIterator,841,2,1
62,::std::iter,9,::std::iter::Filter,::std::iter::Iterator,29969,66,34
62,::std::iter,10,::std::iter::Filter,::std::iter::DoubleEndedIterator,2825,7,4
62,::std::iter,11,::std::iter::Map,::std::iter::Iterator,34842,66,34
62,::std::iter,12,::std::iter::Map,::std::iter::DoubleEndedIterator,2666,7,4
62,::std::iter,13,::std::iter::Map,::std::iter::ExactSizeIterator,1648,2,1
62,::std::iter,14,::std::iter::FilterMap,::std::iter::Iterator,45171,67,35
62,::std::iter,15,::std::iter::FilterMap,::std::iter::DoubleEndedIterator,3399,7,4
62,::std::iter,16,::std::iter::FlatMap,::std::iter::Iterator,25470,66,34
62,::std::iter,17,::std::iter::FlatMap,::std::iter::DoubleEndedIterator,10370,7,4
62,::std::iter,18,::std::iter::Peekable,::std::iter::Iterator,25666,66,34
62,::std::iter,19,::std::iter::Peekable,::std::iter::DoubleEndedIterator,2627,7,4
62,::std::iter,20,::std::iter::Peekable,::std::iter::ExactSizeIterator,816,2,1
62,::std::iter,21,::std::iter::Skip,::std::iter::Iterator,26347,66,34
62,::std::iter,22,::std::iter::Skip,::std::iter::DoubleEndedIterator,3727,7,4
62,::std::iter,23,::std::iter::Skip,::std::iter::ExactSizeIterator,999,2,1
62,::std::iter,24,::std::iter::Take,::std::iter::Iterator,35593,66,34
62,::std::iter,25,::std::iter::Take,::std::iter::DoubleEndedIterator,2609,7,4
62,::std::iter,26,::std::iter::Take,::std::iter::ExactSizeIterator,764,2,1
62,::std::iter,27,::std::iter::Empty,::std::iter::Iterator,48155,66,34
62,::std::iter,28,::std::iter::Empty,::std::iter::DoubleEndedIterator,2501,7,4
62,::std::iter,29,::std::iter::Once,::std::iter::Iterator,42222,66,34
62,::std::iter,30,::std::iter::Once,::std::iter::DoubleEndedIterator,2468,7,4
62,::std::ops,0,::std::ops::RangeFrom,::std::cmp::PartialEq,1951,4,2
62,::std::ops,1,::std::ops::RangeFrom,::std::cmp::Eq,108,0,0
62,::std::ops,2,::std::ops::RangeFrom,::std::cmp::PartialOrd,5553,14,9
62,::std::ops,3,::std::ops::RangeFrom,::std::cmp::Ord,2853,8,5
62,::std::ops,4,::std::ops::RangeFromIter,::std::iter::Iterator,68627,66,34
62,::std::ops,5,::std::ops::RangeFromIter,::std::iter::Iterator,27649,66,34
62,::std::ops,6,::std::ops::RangeFromIter,::std::iter::Iterator,27639,66,34
62,::std::ops,7,::std::ops::RangeFull,::std::cmp::PartialEq,1801,4,2
62,::std::ops,8,::std::ops::RangeFull,::std::cmp::Eq,75,0,0
62,::std::ops,9,::std::ops::RangeFull,::std::cmp::PartialOrd,4932,14,9
62,::std::ops,10,::std::ops::RangeFull,::std::cmp::Ord,2755,8,5
62,::std::ops,11,::std::ops::RangeInclusive,::std::cmp::PartialEq,1863,4,2
62,::std::ops,12,::std::ops::RangeInclusive,::std::cmp::Eq,58,0,0
62,::std::ops,13,::std::ops::RangeInclusive,::std::cmp::PartialOrd,5436,14,9
62,::std::ops,14,::std::ops::RangeInclusive,::std::cmp::Ord,2900,8,5
62,::std::ops,15,::std::ops::RangeInclusiveIter,::std::iter::Iterator,26316,66,34
62,::std::ops,16,::std::ops::RangeInclusiveIter,::std::iter::Iterator,25679,66,34
62,::std::ops,17,::std::ops::RangeInclusiveIter,::std::iter::Iterator,25672,66,34
62,::std::ops,18,::std::ops::RangeInclusiveIter,::std::iter::DoubleEndedIterator,3552,7,4
62,::std::ops,19,::std::ops::RangeInclusiveIter,::std::iter::ExactSizeIterator,828,2,1
62,::std::ops,20,::std::ops::RangeInclusiveIter,::std::iter::DoubleEndedIterator,2555,7,4
62,::std::ops,21,::std::ops::RangeInclusiveIter,::std::iter::ExactSizeIterator,789,2,1
62,::std::ops,22,::std::ops::RangeInclusiveIter,::std::iter::DoubleEndedIterator,2530,7,4
62,::std::ops,23,::std::ops::RangeToInclusive,::std::cmp::PartialEq,1761,4,2
62,::std::ops,24,::std::ops::RangeToInclusive,::std::cmp::Eq,65,0,0
62,::std::ops,25,::std::ops::RangeToInclusive,::std::cmp::PartialOrd,4315,14,9
62,::std::ops,26,::std::ops::RangeToInclusive,::std::cmp::Ord,2781,8,5
62,::std::ops,27,::std::ops::RangeTo,::std::cmp::PartialEq,1849,4,2
62,::std::ops,28,::std::ops::RangeTo,::std::cmp::Eq,74,0,0
62,::std::ops,29,::std::ops::RangeTo,::std::cmp::PartialOrd,4818,14,9
62,::std::ops,30,::std::ops::RangeTo,::std::cmp::Ord,69749,8,5
62,::std::ops,31,::std::ops::Range,::std::cmp::PartialEq,1868,4,2
62,::std::ops,32,::std::ops::Range,::std::cmp::Eq,71,0,0
62,::std::ops,33,::std::ops::Range,::std::cmp::PartialOrd,5478,14,9
62,::std::ops,34,::std::ops::Range,::std::cmp::Ord,3426,8,5
62,::std::ops,35,::std::ops::RangeIter,::std::iter::Iterator,30869,66,34
62,::std::ops,36,::std::ops::RangeIter,::std::iter::Iterator,28444,66,34
62,::std::ops,37,::std::ops::RangeIter,::std::iter::Iterator,28557,66,34
62,::std::ops,38,::std::ops::RangeIter,::std::iter::DoubleEndedIterator,3337,7,4
62,::std::ops,39,::std::ops::RangeIter,::std::iter::ExactSizeIterator,953,2,1
62,::std::ops,40,::std::ops::RangeIter,::std::iter::DoubleEndedIterator,2504,7,4
62,::std::ops,41,::std::ops::RangeIter,::std::iter::ExactSizeIterator,784,2,1
62,::std::ops,42,::std::ops::RangeIter,::std::iter::DoubleEndedIterator,2577,7,4
62,::std::ops,43,::std::ops::ControlFlow,::std::cmp::PartialEq,59388,4,2
62,::std::ops,44,::std::ops::ControlFlow,::std::cmp::Eq,57,0,0
62,::std::ops,45,::std::ops::ControlFlow,::std::clone::Clone,972,2,1
62,::std::ops,46,::std::ops::Function,::std::clone::Clone,931,2,1
63,::std::iter,0,::std::iter::Rev,::std::iter::Iterator,45204,66,34
63,::std::iter,1,::std::iter::Rev,::std::iter::DoubleEndedIterator,3243,7,4
63,::std::iter,2,::std::iter::Rev,::std::iter::ExactSizeIterator,818,2,1
63,::std::iter,3,::std::iter::Chain,::std::iter::Iterator,30566,66,34
63,::std::iter,4,::std::iter::Chain,::std::iter::DoubleEndedIterator,2856,7,4
63,::std::iter,5,::std::iter::Chain,::std::iter::ExactSizeIterator,807,2,1
63,::std::iter,6,::std::iter::Enumerate,::std::iter::Iterator,40583,66,34
63,::std::iter,7,::std::iter::Enumerate,::std::iter::DoubleEndedIterator,2747,7,4
63,::std::iter,8,::std::iter::Enumerate,::std::iter::ExactSizeIterator,855,2,1
63,::std::iter,9,::std::iter::Filter,::std::iter::Iterator,29879,66,34
63,::std::iter,10,::std::iter::Filter,::std::iter::DoubleEndedIterator,2915,7,4
63,::std::iter,11,::std::iter::Map,::std::iter::Iterator,33427,66,34
63,::std::iter,12,::std::iter::Map,::std::iter::DoubleEndedIterator,2799,7,4
63,::std::iter,13,::std::iter::Map,::std::iter::ExactSizeIterator,1646,2,1
63,::std::iter,14,::std::iter::FilterMap,::std::iter::Iterator,42263,67,35
63,::std::iter,15,::std::iter::FilterMap,::std::iter::DoubleEndedIterator,3342,7,4
63,::std::iter,16,::std::iter::FlatMap,::std::iter::Iterator,26067,66,34
63,::std::iter,17,::std::iter::FlatMap,::std::iter::DoubleEndedIterator,10694,7,4
63,::std::iter,18,::std::iter::Peekable,::std::iter::Iterator,34351,66,34
63,::std::iter,19,::std::iter::Peekable,::std::iter::DoubleEndedIterator,2658,7,4
63,::std::iter,20,::std::iter::Peekable,::std::iter::ExactSizeIterator,869,2,1
63,::std::iter,21,::std::iter::Skip,::std::iter::Iterator,26821,66,34
63,::std::iter,22,::std::iter::Skip,::std::iter::DoubleEndedIterator,3813,7,4
63,::std::iter,23,::std::iter::Skip,::std::iter::ExactSizeIterator,1039,2,1
63,::std::iter,24,::std::iter::Take,::std::iter::Iterator,38719,66,34
63,::std::iter,25,::std::iter::Take,::std::iter::DoubleEndedIterator,2651,7,4
63,::std::iter,26,::std::iter::Take,::std::iter::ExactSizeIterator,751,2,1
63,::std::iter,27,::std::iter::Empty,::std::iter::Iterator,42345,66,34
63,::std::iter,28,::std::iter::Empty,::std::iter::DoubleEndedIterator,2562,7,4
63,::std::iter,29,::std::iter::Once,::std::iter::Iterator,40785,66,34
63,::std::iter,30,::std::iter::Once,::std::iter::DoubleEndedIterator,2391,7,4
63,::std::ops,0,::std::ops::RangeFrom,::std::cmp::PartialEq,1929,4,2
63,::std::ops,1,::std::ops::RangeFrom,::std::cmp::Eq,80,0,0
63,::std::ops,2,::std::ops::RangeFrom,::std::cmp::PartialOrd,5672,14,9
63,::std::ops,3,::std::ops::RangeFrom,::std::cmp::Ord,2932,8,5
63,::std::ops,4,::std::ops::RangeFromIter,::std::iter::Iterator,69449,66,34
63,::std::ops,5,::std::ops::RangeFromIter,::std::iter::Iterator,27978,66,34
63,::std::ops,6,::std::ops::RangeFromIter,::std::iter::Iterator,27420,66,34
63,::std::ops,7,::std::ops::RangeFull,::std::cmp::PartialEq,1815,4,2
63,::std::ops,8,::std::ops::RangeFull,::std::cmp::Eq,85,0,0
63,::std::ops,9,::std::ops::RangeFull,::std::cmp::PartialOrd,4980,14,9
63,::std::ops,10,::std::ops::RangeFull,::std::cmp::Ord,2855,8,5
63,::std::ops,11,::std::ops::RangeInclusive,::std::cmp::PartialEq,1786,4,2
63,::std::ops,12,::std::ops::RangeInclusive,::std::cmp::Eq,55,0,0
63,::std::ops,13,::std::ops::RangeInclusive,::std::cmp::PartialOrd,5398,14,9
63,::std::ops,14,::std::ops::RangeInclusive,::std::cmp::Ord,2828,8,5
63,::std::ops,15,::std::ops::RangeInclusiveIter,::std::iter::Iterator,26395,66,34
63,::std::ops,16,::std::ops::RangeInclusiveIter,::std::iter::Iterator,26092,66,34
63,::std::ops,17,::std::ops::RangeInclusiveIter,::std::iter::Iterator,25511,66,34
63,::std::ops,18,::std::ops::RangeInclusiveIter,::std::iter::DoubleEndedIterator,3489,7,4
63,::std::ops,19,::std::ops::RangeInclusiveIter,::std::iter::ExactSizeIterator,888,2,1
63,::std::ops,20,::std::ops::RangeInclusiveIter,::std::iter::DoubleEndedIterator,2614,7,4
63,::std::ops,21,::std::ops::RangeInclusiveIter,::std::iter::ExactSizeIterator,789,2,1
63,::std::ops,22,::std::ops::RangeInclusiveIter,::std::iter::DoubleEndedIterator,2482,7,4
63,::std::ops,23,::std::ops::RangeToInclusive,::std::cmp::PartialEq,1713,4,2
63,::std::ops,24,::std::ops::RangeToInclusive,::std::cmp::Eq,57,0,0
63,::std::ops,25,::std::ops::RangeToInclusive,::std::cmp::PartialOrd,4487,14,9
63,::std::ops,26,::std::ops::RangeToInclusive,::std::cmp::Ord,2708,8,5
63,::std::ops,27,::std::ops::RangeTo,::std::cmp::PartialEq,1856,4,2
63,::std::ops,28,::std::ops::RangeTo,::std::cmp::Eq,74,0,0
63,::std::ops,29,::std::ops::RangeTo,::std::cmp::PartialOrd,4839,14,9
63,::std::ops,30,::std::ops::RangeTo,::std::cmp::Ord,66704,8,5
63,::std::ops,31,::std::ops::Range,::std::cmp::PartialEq,1878,4,2
63,::std::ops,32,::std::ops::Range,::std::cmp::Eq,66,0,0
63,::std::ops,33,::std::ops::Range,::std::cmp::PartialOrd,5554,14,9
63,::std::ops,34,::std::ops::Range,::std::cmp::Ord,3431,8,5
63,::std::ops,35,::std::ops::RangeIter,::std::iter::Iterator,30702,66,34
63,::std::ops,36,::std::ops::RangeIter,::std::iter::Iterator,28766,66,34
63,::std::ops,37,::std::ops::RangeIter,::std::iter::Iterator,28344,66,34
63,::std::ops,38,::std::ops::RangeIter,::std::iter::DoubleEndedIterator,3378,7,4
63,::std::ops,39,::std::ops::RangeIter,::std::iter::ExactSizeIterator,982,2,1
63,::std::ops,40,::std::ops::RangeIter,::std::iter::DoubleEndedIterator,2598,7,4
63,::std::ops,41,::std::ops::RangeIter,::std::iter::ExactSizeIterator,775,2,1
63,::std::ops,42,::std::ops::RangeIter,::std::iter::DoubleEndedIterator,2434,7,4
63,::std::ops,43,::std::ops::ControlFlow,::std::cmp::PartialEq,59664,4,2
63,::std::ops,44,::std::ops::ControlFlow,::std::cmp::Eq,64,0,0
63,::std::ops,45,::std::ops::ControlFlow,::std::clone::Clone,977,2,1
63,::std::ops,46,::std::ops::Function,::std::clone::Clone,910,2,1
64,::std::iter,0,::std::iter::Rev,::std::iter::Iterator,42703,66,34
64,::std::iter,1,::std::iter::Rev,::std::iter::DoubleEndedIterator,3251,7,4
64,::std::iter,2,::std::iter::Rev,::std::iter::ExactSizeIterator,846,2,1
64,::std::iter,3,::std::iter::Chain,::std::iter::Iterator,29635,66,34
64,::std::iter,4,::std::iter::Chain,::std::iter::DoubleEndedIterator,2884,7,4
64,::std::iter,5,::std::iter::Chain,::std::iter::ExactSizeIterator,796,2,1
64,::std::iter,6,::std::iter::Enumerate,::std::iter::Iterator,49232,66,34
64,::std::iter,7,::std::iter::Enumerate,::std::iter::DoubleEndedIterator,2807,7,4
64,::std::iter,8,::std::iter::Enumerate,::std::iter::ExactSizeIterator,834,2,1
64,::std::iter,9,::std::iter::Filter,::std::iter::Iterator,29640,66,34
64,::std::iter,10,::std::iter::Filter,::std::iter::DoubleEndedIterator,2784,7,4
64,::std::iter,11,::std::iter::Map,::std::iter::Iterator,38048,66,34
64,::std::iter,12,::std::iter::Map,::std::iter::DoubleEndedIterator,2801,7,4
64,::std::iter,13,::std::iter::Map,::std::iter::ExactSizeIterator,1609,2,1
64,::std::iter,14,::std::iter::FilterMap,::std::iter::Iterator,42068,67,35
64,::std::iter,15,::std::iter::FilterMap,::std::iter::DoubleEndedIterator,3276,7,4
64,::std::iter,16,::std::iter::FlatMap,::std::iter::Iterator,25833,66,34
64,::std::iter,17,::std::iter::FlatMap,::std::iter::DoubleEndedIterator,10676,7,4
64,::std::iter,18,::std::iter::Peekable,::std::iter::Iterator,26138,66,34
64,::std::iter,19,::std::iter::Peekable,::std::iter::DoubleEndedIterator,2782,7,4
64,::std::iter,20,::std::iter::Peekable,::std::iter::ExactSizeIterator,873,2,1
64,::std::iter,21,::std::iter::Skip,::std::iter::Iterator,26411,66,34
64,::std::iter,22,::std::iter::Skip,::std::iter::DoubleEndedIterator,3732,7,4
64,::std::iter,23,::std::iter::Skip,::std::iter::ExactSizeIterator,1035,2,1
64,::std::iter,24,::std::iter::Take,::std::iter::Iterator,34074,66,34
64,::std::iter,25,::std::iter::Take,::std::iter::DoubleEndedIterator,2570,7,4
64,::std::iter,26,::std::iter::Take,::std::iter::ExactSizeIterator,792,2,1
64,::std::iter,27,::std::iter::Empty,::std::iter::Iterator,41866,66,34
64,::std::iter,28,::std::iter::Empty,::std::iter::DoubleEndedIterator,2481,7,4
64,::std::iter,29,::std::iter::Once,::std::iter::Iterator,40364,66,34
64,::std::iter,30,::std::iter::Once,::std::iter::DoubleEndedIterator,2382,7,4
64,::std::ops,0,::std::ops::RangeFrom,::std::cmp::PartialEq,1985,4,2
64,::std::ops,1,::std::ops::RangeFrom,::std::cmp::Eq,74,0,0
64,::std::ops,2,::std::ops::RangeFrom,::std::cmp::PartialOrd,5660,14,9
64,::std::ops,3,::std::ops::RangeFrom,::std::cmp::Ord,2800,8,5
64,::std::ops,4,::std::ops::RangeFromIter,::std::iter::Iterator,70895,66,34
64,::std::ops,5,::std::ops::RangeFromIter,::std::iter::Iterator,28257,66,34
64,::std::ops,6,::std::ops::RangeFromIter,::std::iter::Iterator,27583,66,34
64,::std::ops,7,::std::ops::RangeFull,::std::cmp::PartialEq,1919,4,2
64,::std::ops,8,::std::ops::RangeFull,::std::cmp::Eq,84,0,0
64,::std::ops,9,::std::ops::RangeFull,::std::cmp::PartialOrd,4960,14,9
64,::std::ops,10,::std::ops::RangeFull,::std::cmp::Ord,2715,8,5
64,::std::ops,11,::std::ops::RangeInclusive,::std::cmp::PartialEq,1805,4,2
64,::std::ops,12,::std::ops::RangeInclusive,::std::cmp::Eq,47,0,0
64,::std::ops,13,::std::ops::RangeInclusive,::std::cmp::PartialOrd,5348,14,9
64,::std::ops,14,::std::ops::RangeInclusive,::std::cmp::Ord,2887,8,5
64,::std::ops,15,::std::ops::RangeInclusiveIter,::std::iter::Iterator,26435,66,34
64,::std::ops,16,::std::ops::RangeInclusiveIter,::std::iter::Iterator,26120,66,34
64,::std::ops,17,::std::ops::RangeInclusiveIter,::std::iter::Iterator,25349,66,34
64,::std::ops,18,::std::ops::RangeInclusiveIter,::std::iter::DoubleEndedIterator,3516,7,4
64,::std::ops,19,::std::ops::RangeInclusiveIter,::std::iter::ExactSizeIterator,822,2,1
64,::std::ops,20,::std::ops::RangeInclusiveIter,::std::iter::DoubleEndedIterator,2620,7,4
64,::std::ops,21,::std::ops::RangeInclusiveIter,::std::iter::ExactSizeIterator,798,2,1
64,::std::ops,22,::std::ops::RangeInclusiveIter,::std::iter::DoubleEndedIterator,2477,7,4
64,::std::ops,23,::std::ops::RangeToInclusive,::std::cmp::PartialEq,1754,4,2
64,::std::ops,24,::std::ops::RangeToInclusive,::std::cmp::Eq,79,0,0
64,::std::ops,25,::std::ops::RangeToInclusive,::std::cmp::PartialOrd,4555,14,9
64,::std::ops,26,::std::ops::RangeToInclusive,::std::cmp::Ord,2692,8,5
64,::std::ops,27,::std::ops::RangeTo,::std::cmp::PartialEq,1894,4,2
64,::std::ops,28,::std::ops::RangeTo,::std::cmp::Eq,61,0,0
64,::std::ops,29,::std::ops::RangeTo,::std::cmp::PartialOrd,5113,14,9
64,::std::ops,30,::std::ops::RangeTo,::std::cmp::Ord,70977,8,5
64,::std::ops,31,::std::ops::Range,::std::cmp::PartialEq,1786,4,2
64,::std::ops,32,::std::ops::Range,::std::cmp::Eq,53,0,0
64,::std::ops,33,::std::ops::Range,::std::cmp::PartialOrd,5587,14,9
64,::std::ops,34,::std::ops::Range,::std::cmp::Ord,3539,8,5
64,::std::ops,35,::std::ops::RangeIter,::std::iter::Iterator,30696,66,34
64,::std::ops,36,::std::ops::RangeIter,::std::iter::Iterator,49483,66,34
64,::std::ops,37,::std::ops::RangeIter,::std::iter::Iterator,28927,66,34
64,::std::ops,38,::std::ops::RangeIter,::std::iter::DoubleEndedIterator,3511,7,4
64,::std::ops,39,::std::ops::RangeIter,::std::iter::ExactSizeIterator,946,2,1
64,::std::ops,40,::std::ops::RangeIter,::std::iter::DoubleEndedIterator,2594,7,4
64,::std::ops,41,::std::ops::RangeIter,::std::iter::ExactSizeIterator,806,2,1
64,::std::ops,42,::std::ops::RangeIter,::std::iter::DoubleEndedIterator,2577,7,4
64,::std::ops,43,::std::ops::ControlFlow,::std::cmp::PartialEq,59915,4,2
64,::std::ops,44,::std::ops::ControlFlow,::std::cmp::Eq,71,0,0
64,::std::ops,45,::std::ops::ControlFlow,::std::clone::Clone,928,2,1
64,::std::ops,46,::std::ops::Function,::std::clone::Clone,864,2,1
65,::std::iter,0,::std::iter::Rev,::std::iter::Iterator,44101,66,34
65,::std::iter,1,::std::iter::Rev,::std::iter::DoubleEndedIterator,3193,7,4
65,::std::iter,2,::std::iter::Rev,::std::iter::ExactSizeIterator,857,2,1
65,::std::iter,3,::std::iter::Chain,::std::iter::Iterator,30004,66,34
65,::std::iter,4,::std::iter::Chain,::std::iter::DoubleEndedIterator,2814,7,4
65,::std::iter,5,::std::iter::Chain,::std::iter::ExactSizeIterator,748,2,1
65,::std::iter,6,::std::iter::Enumerate,::std::iter::Iterator,42104,66,34
65,::std::iter,7,::std::iter::Enumerate,::std::iter::DoubleEndedIterator,2752,7,4
65,::std::iter,8,::std::iter::Enumerate,::std::iter::ExactSizeIterator,798,2,1
65,::std::iter,9,::std::iter::Filter,::std::iter::Iterator,30417,66,34
65,::std::iter,10,::std::iter::Filter,::std::iter::DoubleEndedIterator,2856,7,4
65,::std::iter,11,::std::iter::Map,::std::iter::Iterator,32717,66,34
65,::std::iter,12,::std::iter::Map,::std::iter::DoubleEndedIterator,2693,7,4
65,::std::iter,13,::std::iter::Map,::std::iter::ExactSizeIterator,1612,2,1
65,::std::iter,14,::std::iter::FilterMap,::std::iter::Iterator,40582,67,35
65,::std::iter,15,::std::iter::FilterMap,::std::iter::DoubleEndedIterator,3331,7,4
65,::std::iter,16,::std::iter::FlatMap,::std::iter::Iterator,26276,66,34
65,::std::iter,17,::std::iter::FlatMap,::std::iter::DoubleEndedIterator,12228,7,4
65,::std::iter,18,::std::iter::Peekable,::std::iter::Iterator,25747,66,34
65,::std::iter,19,::std::iter::Peekable,::std::iter::DoubleEndedIterator,2616,7,4
65,::std::iter,20,::std::iter::Peekable,::std::iter::ExactSizeIterator,803,2,1
65,::std::iter,21,::std::iter::Skip,::std::iter::Iterator,30680,66,34
65,::std::iter,22,::std::iter::Skip,::std::iter::DoubleEndedIterator,3661,7,4
65,::std::iter,23,::std::iter::Skip,::std::iter::ExactSizeIterator,952,2,1
65,::std::iter,24,::std::iter::Take,::std::iter::Iterator,34611,66,34
65,::std::iter,25,::std::iter::Take,::std::iter::DoubleEndedIterator,2619,7,4
65,::std::iter,26,::std::iter::Take,::std::iter::ExactSizeIterator,724,2,1
65,::std::iter,27,::std::iter::Empty,::std::iter::Iterator,42039,66,34
65,::std::iter,28,::std::iter::Empty,::std::iter::DoubleEndedIterator,2507,7,4
65,::std::iter,29,::std::iter::Once,::std::iter::Iterator,40478,66,34
65,::std::iter,30,::std::iter::Once,::std::iter::DoubleEndedIterator,2450,7,4
65,::std::ops,0,::std::ops::RangeFrom,::std::cmp::PartialEq,1925,4,2
65,::std::ops,1,::std::ops::RangeFrom,::std::cmp::Eq,81,0,0
65,::std::ops,2,::std::ops::RangeFrom,::std::cmp::PartialOrd,5460,14,9
65,::std::ops,3,::std::ops::RangeFrom,::std::cmp::Ord,2895,8,5
65,::std::ops,4,::std::ops::RangeFromIter,::std::iter::Iterator,69291,66,34
65,::std::ops,5,::std::ops::RangeFromIter,::std::iter::Iterator,29510,66,34
65,::std::ops,6,::std::ops::RangeFromIter,::std::iter::Iterator,27440,66,34
65,::std::ops,7,::std::ops::RangeFull,::std::cmp::PartialEq,1881,4,2
65,::std::ops,8,::std::ops::RangeFull,::std::cmp::Eq,83,0,0
65,::std::ops,9,::std::ops::RangeFull,::std::cmp::PartialOrd,4907,14,9
65,::std::ops,10,::std::ops::RangeFull,::std::cmp::Ord,2634,8,5
65,::std::ops,11,::std::ops::RangeInclusive,::std::cmp::PartialEq,1909,4,2
65,::std::ops,12,::std::ops::RangeInclusive,::std::cmp::Eq,56,0,0
65,::std::ops,13,::std::ops::RangeInclusive,::std::cmp::PartialOrd,5374,14,9
65,::std::ops,14,::std::ops::RangeInclusive,::std::cmp::Ord,2873,8,5
65,::std::ops,15,::std::ops::RangeInclusiveIter,::std::iter::Iterator,25956,66,34
65,::std::ops,16,::std::ops::RangeInclusiveIter,::std::iter::Iterator,30568,66,34
65,::std::ops,17,::std::ops::RangeInclusiveIter,::std::iter::Iterator,26299,66,34
65,::std::ops,18,::std::ops::RangeInclusiveIter,::std::iter::DoubleEndedIterator,3576,7,4
65,::std::ops,19,::std::ops::RangeInclusiveIter,::std::iter::ExactSizeIterator,837,2,1
65,::std::ops,20,::std::ops::RangeInclusiveIter,::std::iter::DoubleEndedIterator,2575,7,4
65,::std::ops,21,::std::ops::RangeInclusiveIter,::std::iter::ExactSizeIterator,783,2,1
65,::std::ops,22,::std::ops::RangeInclusiveIter,::std::iter::DoubleEndedIterator,2550,7,4
65,::std::ops,23,::std::ops::RangeToInclusive,::std::cmp::PartialEq,1733,4,2
65,::std::ops,24,::std::ops::RangeToInclusive,::std::cmp::Eq,60,0,0
65,::std::ops,25,::std::ops::RangeToInclusive,::std::cmp::PartialOrd,4451,14,9
65,::std::ops,26,::std::ops::RangeToInclusive,::std::cmp::Ord,2672,8,5
65,::std::ops,27,::std::ops::RangeTo,::std::cmp::PartialEq,1955,4,2
65,::std::ops,28,::std::ops::RangeTo,::std::cmp::Eq,66,0,0
65,::std::ops,29,::std::ops::RangeTo,::std::cmp::PartialOrd,5040,14,9
65,::std::ops,30,::std::ops::RangeTo,::std::cmp::Ord,67137,8,5
65,::std::ops,31,::std::ops::Range,::std::cmp::PartialEq,1821,4,2
65,::std::ops,32,::std::ops::Range,::std::cmp::Eq,72,0,0
65,::std::ops,33,::std::ops::Range,::std::cmp::PartialOrd,5628,14,9
65,::std::ops,34,::std::ops::Range,::std::cmp::Ord,3399,8,5
65,::std::ops,35,::std::ops::RangeIter,::std::iter::Iterator,32234,66,34
65,::std::ops,36,::std::ops::RangeIter,::std::iter::Iterator,28492,66,34
65,::std::ops,37,::std::ops::RangeIter,::std::iter::Iterator,29061,66,34
65,::std::ops,38,::std::ops::RangeIter,::std::iter::DoubleEndedIterator,3422,7,4
65,::std::ops,39,::std::ops::RangeIter,::std::iter::ExactSizeIterator,972,2,1
65,::std::ops,40,::std::ops::RangeIter,::std::iter::DoubleEndedIterator,2573,7,4
65,::std::ops,41,::std::ops::RangeIter,::std::iter::ExactSizeIterator,772,2,1
65,::std::ops,42,::std::ops::RangeIter,::std::iter::DoubleEndedIterator,2441,7,4
65,::std::ops,43,::std::ops::ControlFlow,::std::cmp::PartialEq,58103,4,2
65,::std::ops,44,::std::ops::ControlFlow,::std::cmp::Eq,60,0,0
65,::std::ops,45,::std::ops::ControlFlow,::std::clone::Clone,967,2,1
65,::std::ops,46,::std::ops::Function,::std::clone::Clone,928,2,1
66,::std::iter,0,::std::iter::Rev,::std::iter::Iterator,43723,66,34
66,::std::iter,1,::std::iter::Rev,::std::iter::DoubleEndedIterator,3164,7,4
66,::std::iter,2,::std::iter::Rev,::std::iter::ExactSizeIterator,821,2,1
66,::std::iter,3,::std::iter::Chain,::std::iter::Iterator,30240,66,34
66,::std::iter,4,::std::iter::Chain,::std::iter::DoubleEndedIterator,2933,7,4
66,::std::iter,5,::std::iter::Chain,::std::iter::ExactSizeIterator,762,2,1
66,::std::iter,6,::std::iter::Enumerate,::std::iter::Iterator,40371,66,34
66,::std::iter,7,::std::iter::Enumerate,::std::iter::DoubleEndedIterator,2719,7,4
66,::std::iter,8,::std::iter::Enumerate,::std::iter::ExactSizeIterator,816,2,1
66,::std::iter,9,::std::iter::Filter,::std::iter::Iterator,31245,66,34
66,::std::iter,10,::std::iter::Filter,::std::iter::DoubleEndedIterator,2756,7,4
66,::std::iter,11,::std::iter::Map,::std::iter::Iterator,33287,66,34
66,::std::iter,12,::std::iter::Map,::std::iter::DoubleEndedIterator,2700,7,4
66,::std::iter,13,::std::iter::Map,::std::iter::ExactSizeIterator,1590,2,1
66,::std::iter,14,::std::iter::FilterMap,::std::iter::Iterator,40467,67,35
66,::std::iter,15,::std::iter::FilterMap,::std::iter::DoubleEndedIterator,3286,7,4
66,::std::iter,16,::std::iter::FlatMap,::std::iter::Iterator,30971,66,34
66,::std::iter,17,::std::iter::FlatMap,::std::iter::DoubleEndedIterator,10717,7,4
66,::std::iter,18,::std::iter::Peekable,::std::iter::Iterator,25588,66,34
66,::std::iter,19,::std::iter::Peekable,::std::iter::DoubleEndedIterator,2641,7,4
66,::std::iter,20,::std::iter::Peekable,::std::iter::ExactSizeIterator,863,2,1
66,::std::iter,21,::std::iter::Skip,::std::iter::Iterator,27956,66,34
66,::std::iter,22,::std::iter::Skip,::std::iter::DoubleEndedIterator,3869,7,4
66,::std::iter,23,::std::iter::Skip,::std::iter::ExactSizeIterator,956,2,1
66,::std::iter,24,::std::iter::Take,::std::iter::Iterator,33863,66,34
66,::std::iter,25,::std::iter::Take,::std::iter::DoubleEndedIterator,2561,7,4
66,::std::iter,26,::std::iter::Take,::std::iter::ExactSizeIterator,802,2,1
66,::std::iter,27,::std::iter::Empty,::std::iter::Iterator,40396,66,34
66,::std::iter,28,::std::iter::Empty,::std::iter::DoubleEndedIterator,2581,7,4
66,::std::iter,29,::std::iter::Once,::std::iter::Iterator,41767,66,34
66,::std::iter,30,::std::iter::Once,::std::iter::DoubleEndedIterator,2397,7,4
66,::std::ops,0,::std::ops::RangeFrom,::std::cmp::PartialEq,1976,4,2
66,::std::ops,1,::std::ops::RangeFrom,::std::cmp::Eq,77,0,0
66,::std::ops,2,::std::ops::RangeFrom,::std::cmp::PartialOrd,5589,14,9
66,::std::ops,3,::std::ops::RangeFrom,::std::cmp::Ord,2926,8,5
66,::std::ops,4,::std::ops::RangeFromIter,::std::iter::Iterator,74379,66,34
66,::std::ops,5,::std::ops::RangeFromIter,::std::iter::Iterator,27926,66,34
66,::std::ops,6,::std::ops::RangeFromIter,::std::iter::Iterator,27417,66,34
66,::std::ops,7,::std::ops::RangeFull,::std::cmp::PartialEq,1897,4,2
66,::std::ops,8,::std::ops::RangeFull,::std::cmp::Eq,70,0,0
66,::std::ops,9,::std::ops::RangeFull,::std::cmp::PartialOrd,4917,14,9
66,::std::ops,10,::std::ops::RangeFull,::std::cmp::Ord,2626,8,5
66,::std::ops,11,::std::ops::RangeInclusive,::std::cmp::PartialEq,1743,4,2
66,::std::ops,12,::std::ops::RangeInclusive,::std::cmp::Eq,56,0,0
66,::std::ops,13,::std::ops::RangeInclusive,::std::cmp::PartialOrd,5299,14,9
66,::std::ops,14,::std::ops::RangeInclusive,::std::cmp::Ord,2803,8,5
66,::std::ops,15,::std::ops::RangeInclusiveIter,::std::iter::Iterator,26598,66,34
66,::std::ops,16,::std::ops::RangeInclusiveIter,::std::iter::Iterator,26154,66,34
66,::std::ops,17,::std::ops::RangeInclusiveIter,::std::iter::Iterator,25863,66,34
66,::std::ops,18,::std::ops::RangeInclusiveIter,::std::iter::DoubleEndedIterator,3625,7,4
66,::std::ops,19,::std::ops::RangeInclusiveIter,::std::iter::ExactSizeIterator,831,2,1
66,::std::ops,20,::std::ops::RangeInclusiveIter,::std::iter::DoubleEndedIterator,2654,7,4
66,::std::ops,21,::std::ops::RangeInclusiveIter,::std::iter::ExactSizeIterator,811,2,1
66,::std::ops,22,::std::ops::RangeInclusiveIter,::std::iter::DoubleEndedIterator,2417,7,4
66,::std::ops,23,::std::ops::RangeToInclusive,::std::cmp::PartialEq,1795,4,2
66,::std::ops,24,::std::ops::RangeToInclusive,::std::cmp::Eq,55,0,0
66,::std::ops,25,::std::ops::RangeToInclusive,::std::cmp::PartialOrd,4511,14,9
66,::std::ops,26,::std::ops::RangeToInclusive,::std::cmp::Ord,2781,8,5
66,::std::ops,27,::std::ops::RangeTo,::std::cmp::PartialEq,1825,4,2
66,::std::ops,28,::std::ops::RangeTo,::std::cmp::Eq,74,0,0
66,::std::ops,29,::std::ops::RangeTo,::std::cmp::PartialOrd,4981,14,9
66,::std::ops,30,::std::ops::RangeTo,::std::cmp::Ord,70225,8,5
66,::std::ops,31,::std::ops::Range,::std::cmp::PartialEq,1849,4,2
66,::std::ops,32,::std::ops::Range,::std::cmp::Eq,56,0,0
66,::std::ops,33,::std::ops::Range,::std::cmp::PartialOrd,5323,14,9
66,::std::ops,34,::std::ops::Range,::std::cmp::Ord,3410,8,5
66,::std::ops,35,::std::ops::RangeIter,::std::iter::Iterator,30757,66,34
66,::std::ops,36,::std::ops::RangeIter,::std::iter::Iterator,28979,66,34
66,::std::ops,37,::std::ops::RangeIter,::std::iter::Iterator,30158,66,34
66,::std::ops,38,::std::ops::RangeIter,::std::iter::DoubleEndedIterator,3309,7,4
66,::std::ops,39,::std::ops::RangeIter,::std::iter::ExactSizeIterator,950,2,1
66,::std::ops,40,::std::ops::RangeIter,::std::iter::DoubleEndedIterator,2624,7,4
66,::std::ops,41,::std::ops::RangeIter,::std::iter::ExactSizeIterator,774,2,1
66,::std::ops,42,::std::ops::RangeIter,::std::iter::DoubleEndedIterator,2492,7,4
66,::std::ops,43,::std::ops::ControlFlow,::std::cmp::PartialEq,58345,4,2
66,::std::ops,44,::std::ops::ControlFlow,::std::cmp::Eq,57,0,0
66,::std::ops,45,::std::ops::ControlFlow,::std::clone::Clone,984,2,1
66,::std::ops,46,::std::ops::Function,::std::clone::Clone,886,2,1
67,::std::iter,0,::std::iter::Rev,::std::iter::Iterator,44657,66,34
67,::std::iter,1,::std::iter::Rev,::std::iter::DoubleEndedIterator,3326,7,4
67,::std::iter,2,::std::iter::Rev,::std::iter::ExactSizeIterator,867,2,1
67,::std::iter,3,::std::iter::Chain,::std::iter::Iterator,30352,66,34
67,::std::iter,4,::std::iter::Chain,::std::iter::DoubleEndedIterator,2863,7,4
67,::std::iter,5,::std::iter::Chain,::std::iter::ExactSizeIterator,841,2,1
67,::std::iter,6,::std::iter::Enumerate,::std::iter::Iterator,41135,66,34
67,::std::iter,7,::std::iter::Enumerate,::std::iter::DoubleEndedIterator,2810,7,4
67,::std::iter,8,::std::iter::Enumerate,::std::iter::ExactSizeIterator,899,2,1
67,::std::iter,9,::std::iter::Filter,::std::iter::Iterator,29998,66,34
67,::std::iter,10,::std::iter::Filter,::std::iter::DoubleEndedIterator,2803,7,4
67,::std::iter,11,::std::iter::Map,::std::iter::Iterator,39239,66,34
67,::std::iter,12,::std::iter::Map,::std::iter::DoubleEndedIterator,2692,7,4
67,::std::iter,13,::std::iter::Map,::std::iter::ExactSizeIterator,1617,2,1
67,::std::iter,14,::std::iter::FilterMap,::std::iter::Iterator,40738,67,35
67,::std::iter,15,::std::iter::FilterMap,::std::iter::DoubleEndedIterator,3366,7,4
67,::std::iter,16,::std::iter::FlatMap,::std::iter::Iterator,26023,66,34
67,::std::iter,17,::std::iter::FlatMap,::std::iter::DoubleEndedIterator,10496,7,4
67,::std::iter,18,::std::iter::Peekable,::std::iter::Iterator,25560,66,34
67,::std::iter,19,::std::iter::Peekable,::std::iter::DoubleEndedIterator,2614,7,4
67,::std::iter,20,::std::iter::Peekable,::std::iter::ExactSizeIterator,795,2,1
67,::std::iter,21,::std::iter::Skip,::std::iter::Iterator,26264,66,34
67,::std::iter,22,::std::iter::Skip,::std::iter::DoubleEndedIterator,3777,7,4
67,::std::iter,23,::std::iter::Skip,::std::iter::ExactSizeIterator,1005,2,1
67,::std::iter,24,::std::iter::Take,::std::iter::Iterator,36124,66,34
67,::std::iter,25,::std::iter::Take,::std::iter::DoubleEndedIterator,2613,7,4
67,::std::iter,26,::std::iter::Take,::std::iter::ExactSizeIterator,787,2,1
67,::std::iter,27,::std::iter::Empty,::std::iter::Iterator,40427,66,34
67,::std::iter,28,::std::iter::Empty,::std::iter::DoubleEndedIterator,2555,7,4
67,::std::iter,29,::std::iter::Once,::std::iter::Iterator,42566,66,34
67,::std::iter,30,::std::iter::Once,::std::iter::DoubleEndedIterator,2515,7,4
67,::std::ops,0,::std::ops::RangeFrom,::std::cmp::PartialEq,1881,4,2
67,::std::ops,1,::std::ops::RangeFrom,::std::cmp::Eq,81,0,0
67,::std::ops,2,::std::ops::RangeFrom,::std::cmp::PartialOrd,5499,14,9
67,::std::ops,3,::std::ops::RangeFrom,::std::cmp::Ord,2860,8,5
67,::std::ops,4,::std::ops::RangeFromIter,::std::iter::Iterator,69101,66,34
67,::std::ops,5,::std::ops::RangeFromIter,::std::iter::Iterator,27599,66,34
67,::std::ops,6,::std::ops::RangeFromIter,::std::iter::Iterator,27331,66,34
67,::std::ops,7,::std::ops::RangeFull,::std::cmp::PartialEq,1897,4,2
67,::std::ops,8,::std::ops::RangeFull,::std::cmp::Eq,57,0,0
67,::std::ops,9,::std::ops::RangeFull,::std::cmp::PartialOrd,4906,14,9
67,::std::ops,10,::std::ops::RangeFull,::std::cmp::Ord,2688,8,5
67,::std::ops,11,::std::ops::RangeInclusive,::std::cmp::PartialEq,1820,4,2
67,::std::ops,12,::std::ops::RangeInclusive,::std::cmp::Eq,51,0,0
67,::std::ops,13,::std::ops::RangeInclusive,::std::cmp::PartialOrd,5229,14,9
67,::std::ops,14,::std::ops::RangeInclusive,::std::cmp::Ord,2730,8,5
67,::std::ops,15,::std::ops::RangeInclusiveIter,::std::iter::Iterator,26414,66,34
67,::std::ops,16,::std::ops::RangeInclusiveIter,::std::iter::Iterator,26023,66,34
67,::std::ops,17,::std::ops::RangeInclusiveIter,::std::iter::Iterator,25265,66,34
67,::std::ops,18,::std::ops::RangeInclusiveIter,::std::iter::DoubleEndedIterator,3540,7,4
67,::std::ops,19,::std::ops::RangeInclusiveIter,::std::iter::ExactSizeIterator,847,2,1
67,::std::ops,20,::std::ops::RangeInclusiveIter,::std::iter::DoubleEndedIterator,2665,7,4
67,::std::ops,21,::std::ops::RangeInclusiveIter,::std::iter::ExactSizeIterator,794,2,1
67,::std::ops,22,::std::ops::RangeInclusiveIter,::std::iter::DoubleEndedIterator,2499,7,4
67,::std::ops,23,::std::ops::RangeToInclusive,::std::cmp::PartialEq,1767,4,2
67,::std::ops,24,::std::ops::RangeToInclusive,::std::cmp::Eq,78,0,0
67,::std::ops,25,::std::ops::RangeToInclusive,::std::cmp::PartialOrd,4580,14,9
67,::std::ops,26,::std::ops::RangeToInclusive,::std::cmp::Ord,2726,8,5
67,::std::ops,27,::std::ops::RangeTo,::std::cmp::PartialEq,1870,4,2
67,::std::ops,28,::std::ops::RangeTo,::std::cmp::Eq,69,0,0
67,::std::ops,29,::std::ops::RangeTo,::std::cmp::PartialOrd,4825,14,9
67,::std::ops,30,::std::ops::RangeTo,::std::cmp::Ord,70344,8,5
67,::std::ops,31,::std::ops::Range,::std::cmp::PartialEq,1903,4,2
67,::std::ops,32,::std::ops::Range,::std::cmp::Eq,58,0,0
67,::std::ops,33,::std::ops::Range,::std::cmp::PartialOrd,5519,14,9
67,::std::ops,34,::std::ops::Range,::std::cmp::Ord,3606,8,5
67,::std::ops,35,::std::ops::RangeIter,::std::iter::Iterator,30767,66,34
67,::std::ops,36,::std::ops::RangeIter,::std::iter::Iterator,28698,66,34
67,::std::ops,37,::std::ops::RangeIter,::std::iter::Iterator,28550,66,34
67,::std::ops,38,::std::ops::RangeIter,::std::iter::DoubleEndedIterator,3446,7,4
67,::std::ops,39,::std::ops::RangeIter,::std::iter::ExactSizeIterator,922,2,1
67,::std::ops,40,::std::ops::RangeIter,::std::iter::DoubleEndedIterator,2502,7,4
67,::std::ops,41,::std::ops::RangeIter,::std::iter::ExactSizeIterator,809,2,1
67,::std::ops,42,::std::ops::RangeIter,::std::iter::DoubleEndedIterator,2464,7,4
67,::std::ops,43,::std::ops::ControlFlow,::std::cmp::PartialEq,60120,4,2
67,::std::ops,44,::std::ops::ControlFlow,::std::cmp::Eq,61,0,0
67,::std::ops,45,::std::ops::ControlFlow,::std::clone::Clone,935,2,1
67,::std::ops,46,::std::ops::Function,::std::clone::Clone,983,2,1
68,::std::iter,0,::std::iter::Rev,::std::iter::Iterator,42635,66,34
68,::std::iter,1,::std::iter::Rev,::std::iter::DoubleEndedIterator,3213,7,4
68,::std::iter,2,::std::iter::Rev,::std::iter::ExactSizeIterator,836,2,1
68,::std::iter,3,::std::iter::Chain,::std::iter::Iterator,31253,66,34
68,::std::iter,4,::std::iter::Chain,::std::iter::DoubleEndedIterator,2818,7,4
68,::std::iter,5,::std::iter::Chain,::std::iter::ExactSizeIterator,796,2,1
68,::std::iter,6,::std::iter::Enumerate,::std::iter::Iterator,40575,66,34
68,::std::iter,7,::std::iter::Enumerate,::std::iter::DoubleEndedIterator,2763,7,4
68,::std::iter,8,::std::iter::Enumerate,::std::iter::ExactSizeIterator,854,2,1
68,::std::iter,9,::std::iter::Filter,::std::iter::Iterator,29621,66,34
68,::std::iter,10,::std::iter::Filter,::std::iter::DoubleEndedIterator,2794,7,4
68,::std::iter,11,::std::iter::Map,::std::iter::Iterator,33039,66,34
68,::std::iter,12,::std::iter::Map,::std::iter::DoubleEndedIterator,2632,7,4
68,::std::iter,13,::std::iter::Map,::std::iter::ExactSizeIterator,1597,2,1
68,::std::iter,14,::std::iter::FilterMap,::std::iter::Iterator,42051,67,35
68,::std::iter,15,::std::iter::FilterMap,::std::iter::DoubleEndedIterator,3336,7,4
68,::std::iter,16,::std::iter::FlatMap,::std::iter::Iterator,25970,66,34
68,::std::iter,17,::std::iter::FlatMap,::std::iter::DoubleEndedIterator,14939,7,4
68,::std::iter,18,::std::iter::Peekable,::std::iter::Iterator,26460,66,34
68,::std::iter,19,::std::iter::Peekable,::std::iter::DoubleEndedIterator,2732,7,4
68,::std::iter,20,::std::iter::Peekable,::std::iter::ExactSizeIterator,824,2,1
68,::std::iter,21,::std::iter::Skip,::std::iter::Iterator,26247,66,34
68,::std::iter,22,::std::iter::Skip,::std::iter::DoubleEndedIterator,3646,7,4
68,::std::iter,23,::std::iter::Skip,::std::iter::ExactSizeIterator,943,2,1
68,::std::iter,24,::std::iter::Take,::std::iter::Iterator,34061,66,34
68,::std::iter,25,::std::iter::Take,::std::iter::DoubleEndedIterator,2617,7,4
68,::std::iter,26,::std::iter::Take,::std::iter::ExactSizeIterator,723,2,1
68,::std::iter,27,::std::iter::Empty,::std::iter::Iterator,41825,66,34
68,::std::iter,28,::std::iter::Empty,::std::iter::DoubleEndedIterator,2490,7,4
68,::std::iter,29,::std::iter::Once,::std::iter::Iterator,40757,66,34
68,::std::iter,30,::std::iter::Once,::std::iter::DoubleEndedIterator,2468,7,4
68,::std::ops,0,::std::ops::RangeFrom,::std::cmp::PartialEq,1981,4,2
68,::std::ops,1,::std::ops::RangeFrom,::std::cmp::Eq,91,0,0
68,::std::ops,2,::std::ops::RangeFrom,::std::cmp::PartialOrd,5610,14,9
68,::std::ops,3,::std::ops::RangeFrom,::std::cmp::Ord,2969,8,5
68,::std::ops,4,::std::ops::RangeFromIter,::std::iter::Iterator,69055,66,34
68,::std::ops,5,::std::ops::RangeFromIter,::std::iter::Iterator,27986,66,34
68,::std::ops,6,::std::ops::RangeFromIter,::std::iter::Iterator,27350,66,34
68,::std::ops,7,::std::ops::RangeFull,::std::cmp::PartialEq,1806,4,2
68,::std::ops,8,::std::ops::RangeFull,::std::cmp::Eq,73,0,0
68,::std::ops,9,::std::ops::RangeFull,::std::cmp::PartialOrd,4863,14,9
68,::std::ops,10,::std::ops::RangeFull,::std::cmp::Ord,2616,8,5
68,::std::ops,11,::std::ops::RangeInclusive,::std::cmp::PartialEq,1750,4,2
68,::std::ops,12,::std::ops::RangeInclusive,::std::cmp::Eq,58,0,0
68,::std::ops,13,::std::ops::RangeInclusive,::std::cmp::PartialOrd,5263,14,9
68,::std::ops,14,::std::ops::RangeInclusive,::std::cmp::Ord,2631,8,5
68,::std::ops,15,::std::ops::RangeInclusiveIter,::std::iter::Iterator,26331,66,34
68,::std::ops,16,::std::ops::RangeInclusiveIter,::std::iter::Iterator,25997,66,34
68,::std::ops,17,::std::ops::RangeInclusiveIter,::std::iter::Iterator,25735,66,34
68,::std::ops,18,::std::ops::RangeInclusiveIter,::std::iter::DoubleEndedIterator,3466,7,4
68,::std::ops,19,::std::ops::RangeInclusiveIter,::std::iter::ExactSizeIterator,817,2,1
68,::std::ops,20,::std::ops::RangeInclusiveIter,::std::iter::DoubleEndedIterator,2563,7,4
68,::std::ops,21,::std::ops::RangeInclusiveIter,::std::iter::ExactSizeIterator,816,2,1
68,::std::ops,22,::std::ops::RangeInclusiveIter,::std::iter::DoubleEndedIterator,2472,7,4
68,::std::ops,23,::std::ops::RangeToInclusive,::std::cmp::PartialEq,1814,4,2
68,::std::ops,24,::std::ops::RangeToInclusive,::std::cmp::Eq,62,0,0
68,::std::ops,25,::std::ops::RangeToInclusive,::std::cmp::PartialOrd,4396,14,9
68,::std::ops,26,::std::ops::RangeToInclusive,::std::cmp::Ord,2629,8,5
68,::std::ops,27,::std::ops::RangeTo,::std::cmp::PartialEq,1866,4,2
68,::std::ops,28,::std::ops::RangeTo,::std::cmp::Eq,74,0,0
68,::std::ops,29,::std::ops::RangeTo,::std::cmp::PartialOrd,4921,14,9
68,::std::ops,30,::std::ops::RangeTo,::std::cmp::Ord,74186,8,5
68,::std::ops,31,::std::ops::Range,::std::cmp::PartialEq,1786,4,2
68,::std::ops,32,::std::ops::Range,::std::cmp::Eq,55,0,0
68,::std::ops,33,::std::ops::Range,::std::cmp::PartialOrd,5377,14,9
68,::std::ops,34,::std::ops::Range,::std::cmp::Ord,3401,8,5
68,::std::ops,35,::std::ops::RangeIter,::std::iter::Iterator,30500,66,34
68,::std::ops,36,::std::ops::RangeIter,::std::iter::Iterator,28190,66,34
68,::std::ops,37,::std::ops::RangeIter,::std::iter::Iterator,28315,66,34
68,::std::ops,38,::std::ops::RangeIter,::std::iter::DoubleEndedIterator,3306,7,4
68,::std::ops,39,::std::ops::RangeIter,::std::iter::ExactSizeIterator,946,2,1
68,::std::ops,40,::std::ops::RangeIter,::std::iter::DoubleEndedIterator,2531,7,4
68,::std::ops,41,::std::ops::RangeIter,::std::iter::ExactSizeIterator,770,2,1
68,::std::ops,42,::std::ops::RangeIter,::std::iter::DoubleEndedIterator,2504,7,4
68,::std::ops,43,::std::ops::ControlFlow,::std::cmp::PartialEq,59289,4,2
68,::std::ops,44,::std::ops::ControlFlow,::std::cmp::Eq,72,0,0
68,::std::ops,45,::std::ops::ControlFlow,::std::clone::Clone,1043,2,1
68,::std::ops,46,::std::ops::Function,::std::clone::Clone,937,2,1
69,::std::iter,0,::std::iter::Rev,::std::iter::Iterator,44125,66,34
69,::std::iter,1,::std::iter::Rev,::std::iter::DoubleEndedIterator,3142,7,4
69,::std::iter,2,::std::iter::Rev,::std::iter::ExactSizeIterator,816,2,1
69,::std::iter,3,::std::iter::Chain,::std::iter::Iterator,29930,66,34
69,::std::iter,4,::std::iter::Chain,::std::iter::DoubleEndedIterator,2857,7,4
69,::std::iter,5,::std::iter::Chain,::std::iter::ExactSizeIterator,812,2,1
69,::std::iter,6,::std::iter::Enumerate,::std::iter::Iterator,42050,66,34
69,::std::iter,7,::std::iter::Enumerate,::std::iter::DoubleEndedIterator,2720,7,4
69,::std::iter,8,::std::iter::Enumerate,::std::iter::ExactSizeIterator,812,2,1
69,::std::iter,9,::std::iter::Filter,::std::iter::Iterator,30130,66,34
69,::std::iter,10,::std::iter::Filter,::std::iter::DoubleEndedIterator,2775,7,4
69,::std::iter,11,::std::iter::Map,::std::iter::Iterator,33727,66,34
69,::std::iter,12,::std::iter::Map,::std::iter::DoubleEndedIterator,2716,7,4
69,::std::iter,13,::std::iter::Map,::std::iter::ExactSizeIterator,1609,2,1
69,::std::iter,14,::std::iter::FilterMap,::std::iter::Iterator,41966,67,35
69,::std::iter,15,::std::iter::FilterMap,::std::iter::DoubleEndedIterator,3341,7,4
69,::std::iter,16,::std::iter::FlatMap,::std::iter::Iterator,25799,66,34
69,::std::iter,17,::std::iter::FlatMap,::std::iter::DoubleEndedIterator,10273,7,4
69,::std::iter,18,::std::iter::Peekable,::std::iter::Iterator,25998,66,34
69,::std::iter,19,::std::iter::Peekable,::std::iter::DoubleEndedIterator,2680,7,4
69,::std::iter,20,::std::iter::Peekable,::std::iter::ExactSizeIterator,780,2,1
69,::std::iter,21,::std::iter::Skip,::std::iter::Iterator,26644,66,34
69,::std::iter,22,::std::iter::Skip,::std::iter::DoubleEndedIterator,3725,7,4
69,::std::iter,23,::std::iter::Skip,::std::iter::ExactSizeIterator,1004,2,1
69,::std::iter,24,::std::iter::Take,::std::iter::Iterator,34128,66,34
69,::std::iter,25,::std::iter::Take,::std::iter::DoubleEndedIterator,7149,7,4
69,::std::iter,26,::std::iter::Take,::std::iter::ExactSizeIterator,716,2,1
69,::std::iter,27,::std::iter::Empty,::std::iter::Iterator,42240,66,34
69,::std::iter,28,::std::iter::Empty,::std::iter::DoubleEndedIterator,2560,7,4
69,::std::iter,29,::std::iter::Once,::std::iter::Iterator,40264,66,34
69,::std::iter,30,::std::iter::Once,::std::iter::DoubleEndedIterator,2370,7,4
69,::std::ops,0,::std::ops::RangeFrom,::std::cmp::PartialEq,1986,4,2
69,::std::ops,1,::std::ops::RangeFrom,::std::cmp::Eq,75,0,0
69,::std::ops,2,::std::ops::RangeFrom,::std::cmp::PartialOrd,5609,14,9
69,::std::ops,3,::std::ops::RangeFrom,::std::cmp::Ord,3008,8,5
69,::std::ops,4,::std::ops::RangeFromIter,::std::iter::Iterator,70518,66,34
69,::std::ops,5,::std::ops::RangeFromIter,::std::iter::Iterator,27750,66,34
69,::std::ops,6,::std::ops::RangeFromIter,::std::iter::Iterator,27212,66,34
69,::std::ops,7,::std::ops::RangeFull,::std::cmp::PartialEq,1870,4,2
69,::std::ops,8,::std::ops::RangeFull,::std::cmp::Eq,74,0,0
69,::std::ops,9,::std::ops::RangeFull,::std::cmp::PartialOrd,4897,14,9
69,::std::ops,10,::std::ops::RangeFull,::std::cmp::Ord,2781,8,5
69,::std::ops,11,::std::ops::RangeInclusive,::std::cmp::PartialEq,1842,4,2
69,::std::ops,12,::std::ops::RangeInclusive,::std::cmp::Eq,77,0,0
69,::std::ops,13,::std::ops::RangeInclusive,::std::cmp::PartialOrd,5328,14,9
69,::std::ops,14,::std::ops::RangeInclusive,::std::cmp::Ord,2777,8,5
69,::std::ops,15,::std::ops::RangeInclusiveIter,::std::iter::Iterator,26510,66,34
69,::std::ops,16,::std::ops::RangeInclusiveIter,::std::iter::Iterator,26333,66,34
69,::std::ops,17,::std::ops::RangeInclusiveIter,::std::iter::Iterator,25983,66,34
69,::std::ops,18,::std::ops::RangeInclusiveIter,::std::iter::DoubleEndedIterator,3527,7,4
69,::std::ops,19,::std::ops::RangeInclusiveIter,::std::iter::ExactSizeIterator,866,2,1
69,::std::ops,20,::std::ops::RangeInclusiveIter,::std::iter::DoubleEndedIterator,2632,7,4
69,::std::ops,21,::std::ops::RangeInclusiveIter,::std::iter::ExactSizeIterator,820,2,1
69,::std::ops,22,::std::ops::RangeInclusiveIter,::std::iter::DoubleEndedIterator,2486,7,4
69,::std::ops,23,::std::ops::RangeToInclusive,::std::cmp::PartialEq,1733,4,2
69,::std::ops,24,::std::ops::RangeToInclusive,::std::cmp::Eq,87,0,0
69,::std::ops,25,::std::ops::RangeToInclusive,::std::cmp::PartialOrd,4348,14,9
69,::std::ops,26,::std::ops::RangeToInclusive,::std::cmp::Ord,2780,8,5
69,::std::ops,27,::std::ops::RangeTo,::std::cmp::PartialEq,1874,4,2
69,::std::ops,28,::std::ops::RangeTo,::std::cmp::Eq,103,0,0
69,::std::ops,29,::std::ops::RangeTo,::std::cmp::PartialOrd,5009,14,9
69,::std::ops,30,::std::ops::RangeTo,::std::cmp::Ord,69376,8,5
69,::std::ops,31,::std::ops::Range,::std::cmp::PartialEq,1787,4,2
69,::std::ops,32,::std::ops::Range,::std::cmp::Eq,62,0,0
69,::std::ops,33,::std::ops::Range,::std::cmp::PartialOrd,5520,14,9
69,::std::ops,34,::std::ops::Range,::std::cmp::Ord,3559,8,5
69,::std::ops,35,::std::ops::RangeIter,::std::iter::Iterator,31087,66,34
69,::std::ops,36,::std::ops::RangeIter,::std::iter::Iterator,28565,66,34
69,::std::ops,37,::std::ops::RangeIter,::std::iter::Iterator,28397,66,34
69,::std::ops,38,::std::ops::RangeIter,::std::iter::DoubleEndedIterator,3263,7,4
69,::std::ops,39,::std::ops::RangeIter,::std::iter::ExactSizeIterator,977,2,1
69,::std::ops,40,::std::ops::RangeIter,::std::iter::DoubleEndedIterator,2548,7,4
69,::std::ops,41,::std::ops::RangeIter,::std::iter::ExactSizeIterator,826,2,1
69,::std::ops,42,::std::ops::RangeIter,::std::iter::DoubleEndedIterator,2511,7,4
69,::std::ops,43,::std::ops::ControlFlow,::std::cmp::PartialEq,59441,4,2
69,::std::ops,44,::std::ops::ControlFlow,::std::cmp::Eq,90,0,0
69,::std::ops,45,::std::ops::ControlFlow,::std::clone::Clone,1000,2,1
69,::std::ops,46,::std::ops::Function,::std::clone::Clone,938,2,1
70,::std::iter,0,::std::iter::Rev,::std::iter::Iterator,43669,66,34
70,::std::iter,1,::std::iter::Rev,::std::iter::DoubleEndedIterator,3185,7,4
70,::std::iter,2,::std::iter::Rev,::std::iter::ExactSizeIterator,849,2,1
70,::std::iter,3,::std::iter::Chain,::std::iter::Iterator,30190,66,34
70,::std::iter,4,::std::iter::Chain,::std::iter::DoubleEndedIterator,2829,7,4
70,::std::iter,5,::std::iter::Chain,::std::iter::ExactSizeIterator,826,2,1
70,::std::iter,6,::std::iter::Enumerate,::std::iter::Iterator,42445,66,34
70,::std::iter,7,::std::iter::Enumerate,::std::iter::DoubleEndedIterator,2733,7,4
70,::std::iter,8,::std::iter::Enumerate,::std::iter::ExactSizeIterator,807,2,1
70,::std::iter,9,::std::iter::Filter,::std::iter::Iterator,29945,66,34
70,::std::iter,10,::std::iter::Filter,::std::iter::DoubleEndedIterator,2841,7,4
70,::std::iter,11,::std::iter::Map,::std::iter::Iterator,33576,66,34
70,::std::iter,12,::std::iter::Map,::std::iter::DoubleEndedIterator,2777,7,4
70,::std::iter,13,::std::iter::Map,::std::iter::ExactSizeIterator,1621,2,1
70,::std::iter,14,::std::iter::FilterMap,::std::iter::Iterator,41072,67,35
70,::std::iter,15,::std::iter::FilterMap,::std::iter::DoubleEndedIterator,3517,7,4
70,::std::iter,16,::std::iter::FlatMap,::std::iter::Iterator,30788,66,34
70,::std::iter,17,::std::iter::FlatMap,::std::iter::DoubleEndedIterator,11899,7,4
70,::std::iter,18,::std::iter::Peekable,::std::iter::Iterator,25572,66,34
70,::std::iter,19,::std::iter::Peekable,::std::iter::DoubleEndedIterator,2725,7,4
70,::std::iter,20,::std::iter::Peekable,::std::iter::ExactSizeIterator,818,2,1
70,::std::iter,21,::std::iter::Skip,::std::iter::Iterator,26303,66,34
70,::std::iter,22,::std::iter::Skip,::std::iter::DoubleEndedIterator,3713,7,4
70,::std::iter,23,::std::iter::Skip,::std::iter::ExactSizeIterator,1009,2,1
70,::std::iter,24,::std::iter::Take,::std::iter::Iterator,33950,66,34
70,::std::iter,25,::std::iter::Take,::std::iter::DoubleEndedIterator,2564,7,4
70,::std::iter,26,::std::iter::Take,::std::iter::ExactSizeIterator,726,2,1
70,::std::iter,27,::std::iter::Empty,::std::iter::Iterator,67438,66,34
70,::std::iter,28,::std::iter::Empty,::std::iter::DoubleEndedIterator,2574,7,4
70,::std::iter,29,::std::iter::Once,::std::iter::Iterator,42721,66,34
70,::std::iter,30,::std::iter::Once,::std::iter::DoubleEndedIterator,2546,7,4
70,::std::ops,0,::std::ops::RangeFrom,::std::cmp::PartialEq,2000,4,2
70,::std::ops,1,::std::ops::RangeFrom,::std::cmp::Eq,82,0,0
70,::std::ops,2,::std::ops::RangeFrom,::std::cmp::PartialOrd,5621,14,9
70,::std::ops,3,::std::ops::RangeFrom,::std::cmp::Ord,2907,8,5
70,::std::ops,4,::std::ops::RangeFromIter,::std::iter::Iterator,69055,66,34
70,::std::ops,5,::std::ops::RangeFromIter,::std::iter::Iterator,27940,66,34
70,::std::ops,6,::std::ops::RangeFromIter,::std::iter::Iterator,27695,66,34
70,::std::ops,7,::std::ops::RangeFull,::std::cmp::PartialEq,1941,4,2
70,::std::ops,8,::std::ops::RangeFull,::std::cmp::Eq,71,0,0
70,::std::ops,9,::std::ops::RangeFull,::std::cmp::PartialOrd,4875,14,9
70,::std::ops,10,::std::ops::RangeFull,::std::cmp::Ord,2721,8,5
70,::std::ops,11,::std::ops::RangeInclusive,::std::cmp::PartialEq,1843,4,2
70,::std::ops,12,::std::ops::RangeInclusive,::std::cmp::Eq,57,0,0
70,::std::ops,13,::std::ops::RangeInclusive,::std::cmp::PartialOrd,5287,14,9
70,::std::ops,14,::std::ops::RangeInclusive,::std::cmp::Ord,2930,8,5
70,::std::ops,15,::std::ops::RangeInclusiveIter,::std::iter::Iterator,27783,66,34
70,::std::ops,16,::std::ops::RangeInclusiveIter,::std::iter::Iterator,26180,66,34
70,::std::ops,17,::std::ops::RangeInclusiveIter,::std::iter::Iterator,25502,66,34
70,::std::ops,18,::std::ops::RangeInclusiveIter,::std::iter::DoubleEndedIterator,3490,7,4
70,::std::ops,19,::std::ops::RangeInclusiveIter,::std::iter::ExactSizeIterator,833,2,1
70,::std::ops,20,::std::ops::RangeInclusiveIter,::std::iter::DoubleEndedIterator,2650,7,4
70,::std::ops,21,::std::ops::RangeInclusiveIter,::std::iter::ExactSizeIterator,779,2,1
70,::std::ops,22,::std::ops::RangeInclusiveIter,::std::iter::DoubleEndedIterator,2532,7,4
70,::std::ops,23,::std::ops::RangeToInclusive,::std::cmp::PartialEq,1724,4,2
70,::std::ops,24,::std::ops::RangeToInclusive,::std::cmp::Eq,56,0,0
70,::std::ops,25,::std::ops::RangeToInclusive,::std::cmp::PartialOrd,4396,14,9
70,::std::ops,26,::std::ops::RangeToInclusive,::std::cmp::Ord,2752,8,5
70,::std::ops,27,::std::ops::RangeTo,::std::cmp::PartialEq,1873,4,2
70,::std::ops,28,::std::ops::RangeTo,::std::cmp::Eq,60,0,0
70,::std::ops,29,::std::ops::RangeTo,::std::cmp::PartialOrd,4858,14,9
70,::std::ops,30,::std::ops::RangeTo,::std::cmp::Ord,67707,8,5
70,::std::ops,31,::std::ops::Range,::std::cmp::PartialEq,1770,4,2
70,::std::ops,32,::std::ops::Range,::std::cmp::Eq,52,0,0
70,::std::ops,33,::std::ops::Range,::std::cmp::PartialOrd,5416,14,9
70,::std::ops,34,::std::ops::Range,::std::cmp::Ord,3339,8,5
70,::std::ops,35,::std::ops::RangeIter,::std::iter::Iterator,32516,66,34
70,::std::ops,36,::std::ops::RangeIter,::std::iter::Iterator,28913,66,34
70,::std::ops,37,::std::ops::RangeIter,::std::iter::Iterator,28475,66,34
70,::std::ops,38,::std::ops::RangeIter,::std::iter::DoubleEndedIterator,3305,7,4
70,::std::ops,39,::std::ops::RangeIter,::std::iter::ExactSizeIterator,933,2,1
70,::std::ops,40,::std::ops::RangeIter,::std::iter::DoubleEndedIterator,2690,7,4
70,::std::ops,41,::std::ops::RangeIter,::std::iter::ExactSizeIterator,797,2,1
70,::std::ops,42,::std::ops::RangeIter,::std::iter::DoubleEndedIterator,2436,7,4
70,::std::ops,43,::std::ops::ControlFlow,::std::cmp::PartialEq,57983,4,2
70,::std::ops,44,::std::ops::ControlFlow,::std::cmp::Eq,62,0,0
70,::std::ops,45,::std::ops::ControlFlow,::std::clone::Clone,918,2,1
70,::std::ops,46,::std::ops::Function,::std::clone::Clone,888,2,1
71,::std::iter,0,::std::iter::Rev,::std::iter::Iterator,45157,66,34
71,::std::iter,1,::std::iter::Rev,::std::iter::DoubleEndedIterator,3188,7,4
71,::std::iter,2,::std::iter::Rev,::std::iter::ExactSizeIterator,835,2,1
71,::std::iter,3,::std::iter::Chain,::std::iter::Iterator,29806,66,34
71,::std::iter,4,::std::iter::Chain,::std::iter::DoubleEndedIterator,2866,7,4
71,::std::iter,5,::std::iter::Chain,::std::iter::ExactSizeIterator,778,2,1
71,::std::iter,6,::std::iter::Enumerate,::std::iter::Iterator,40103,66,34
71,::std::iter,7,::std::iter::Enumerate,::std::iter::DoubleEndedIterator,2691,7,4
71,::std::iter,8,::std::iter::Enumerate,::std::iter::ExactSizeIterator,825,2,1
71,::std::iter,9,::std::iter::Filter,::std::iter::Iterator,30228,66,34
71,::std::iter,10,::std::iter::Filter,::std::iter::DoubleEndedIterator,2860,7,4
71,::std::iter,11,::std::iter::Map,::std::iter::Iterator,34798,66,34
71,::std::iter,12,::std::iter::Map,::std::iter::DoubleEndedIterator,2844,7,4
71,::std::iter,13,::std::iter::Map,::std::iter::ExactSizeIterator,1639,2,1
71,::std::iter,14,::std::iter::FilterMap,::std::iter::Iterator,63239,67,35
71,::std::iter,15,::std::iter::FilterMap,::std::iter::DoubleEndedIterator,3383,7,4
71,::std::iter,16,::std::iter::FlatMap,::std::iter::Iterator,26750,66,34
71,::std::iter,17,::std::iter::FlatMap,::std::iter::DoubleEndedIterator,11024,7,4
71,::std::iter,18,::std::iter::Peekable,::std::iter::Iterator,25919,66,34
71,::std::iter,19,::std::iter::Peekable,::std::iter::DoubleEndedIterator,2707,7,4
71,::std::iter,20,::std::iter::Peekable,::std::iter::ExactSizeIterator,797,2,1
71,::std::iter,21,::std::iter::Skip,::std::iter::Iterator,30801,66,34
71,::std::iter,22,::std::iter::Skip,::std::iter::DoubleEndedIterator,3756,7,4
71,::std::iter,23,::std::iter::Skip,::std::iter::ExactSizeIterator,961,2,1
71,::std::iter,24,::std::iter::Take,::std::iter::Iterator,35890,66,34
71,::std::iter,25,::std::iter::Take,::std::iter::DoubleEndedIterator,2577,7,4
71,::std::iter,26,::std::iter::Take,::std::iter::ExactSizeIterator,761,2,1
71,::std::iter,27,::std::iter::Empty,::std::iter::Iterator,40707,66,34
71,::std::iter,28,::std::iter::Empty,::std::iter::DoubleEndedIterator,2445,7,4
71,::std::iter,29,::std::iter::Once,::std::iter::Iterator,42430,66,34
71,::std::iter,30,::std::iter::Once,::std::iter::DoubleEndedIterator,2481,7,4
71,::std::ops,0,::std::ops::RangeFrom,::std::cmp::PartialEq,1856,4,2
71,::std::ops,1,::std::ops::RangeFrom,::std::cmp::Eq,99,0,0
71,::std::ops,2,::std::ops::RangeFrom,::std::cmp::PartialOrd,5444,14,9
71,::std::ops,3,::std::ops::RangeFrom,::std::cmp::Ord,2940,8,5
71,::std::ops,4,::std::ops::RangeFromIter,::std::iter::Iterator,68896,66,34
71,::std::ops,5,::std::ops::RangeFromIter,::std::iter::Iterator,27662,66,34
71,::std::ops,6,::std::ops::RangeFromIter,::std::iter::Iterator,27125,66,34
71,::std::ops,7,::std::ops::RangeFull,::std::cmp::PartialEq,1830,4,2
71,::std::ops,8,::std::ops::RangeFull,::std::cmp::Eq,56,0,0
71,::std::ops,9,::std::ops::RangeFull,::std::cmp::PartialOrd,4778,14,9
71,::std::ops,10,::std::ops::RangeFull,::std::cmp::Ord,2686,8,5
71,::std::ops,11,::std::ops::RangeInclusive,::std::cmp::PartialEq,1726,4,2
71,::std::ops,12,::std::ops::RangeInclusive,::std::cmp::Eq,55,0,0
71,::std::ops,13,::std::ops::RangeInclusive,::std::cmp::PartialOrd,5395,14,9
71,::std::ops,14,::std::ops::RangeInclusive,::std::cmp::Ord,2845,8,5
71,::std::ops,15,::std::ops::RangeInclusiveIter,::std::iter::Iterator,26270,66,34
71,::std::ops,16,::std::ops::RangeInclusiveIter,::std::iter::Iterator,25882,66,34
71,::std::ops,17,::std::ops::RangeInclusiveIter,::std::iter::Iterator,25918,66,34
71,::std::ops,18,::std::ops::RangeInclusiveIter,::std::iter::DoubleEndedIterator,3515,7,4
71,::std::ops,19,::std::ops::RangeInclusiveIter,::std::iter::ExactSizeIterator,858,2,1
71,::std::ops,20,::std::ops::RangeInclusiveIter,::std::iter::DoubleEndedIterator,2564,7,4
71,::std::ops,21,::std::ops::RangeInclusiveIter,::std::iter::ExactSizeIterator,811,2,1
71,::std::ops,22,::std::ops::RangeInclusiveIter,::std::iter::DoubleEndedIterator,2615,7,4
71,::std::ops,23,::std::ops::RangeToInclusive,::std::cmp::PartialEq,1708,4,2
71,::std::ops,24,::std::ops::RangeToInclusive,::std::cmp::Eq,59,0,0
71,::std::ops,25,::std::ops::RangeToInclusive,::std::cmp::PartialOrd,4422,14,9
71,::std::ops,26,::std::ops::RangeToInclusive,::std::cmp::Ord,2753,8,5
71,::std::ops,27,::std::ops::RangeTo,::std::cmp::PartialEq,1840,4,2
71,::std::ops,28,::std::ops::RangeTo,::std::cmp::Eq,80,0,0
71,::std::ops,29,::std::ops::RangeTo,::std::cmp::PartialOrd,4874,14,9
71,::std::ops,30,::std::ops::RangeTo,::std::cmp::Ord,69296,8,5
71,::std::ops,31,::std::ops::Range,::std::cmp::PartialEq,1884,4,2
71,::std::ops,32,::std::ops::Range,::std::cmp::Eq,55,0,0
71,::std::ops,33,::std::ops::Range,::std::cmp::PartialOrd,5443,14,9
71,::std::ops,34,::std::ops::Range,::std::cmp::Ord,3357,8,5
71,::std::ops,35,::std::ops::RangeIter,::std::iter::Iterator,30889,66,34
71,::std::ops,36,::std::ops::RangeIter,::std::iter::Iterator,28592,66,34
71,::std::ops,37,::std::ops::RangeIter,::std::iter::Iterator,28488,66,34
71,::std::ops,38,::std::ops::RangeIter,::std::iter::DoubleEndedIterator,3482,7,4
71,::std::ops,39,::std::ops::RangeIter,::std::iter::ExactSizeIterator,958,2,1
71,::std::ops,40,::std::ops::RangeIter,::std::iter::DoubleEndedIterator,2549,7,4
71,::std::ops,41,::std::ops::RangeIter,::std::iter::ExactSizeIterator,799,2,1
71,::std::ops,42,::std::ops::RangeIter,::std::iter::DoubleEndedIterator,2508,7,4
71,::std::ops,43,::std::ops::ControlFlow,::std::cmp::PartialEq,63938,4,2
71,::std::ops,44,::std::ops::ControlFlow,::std::cmp::Eq,71,0,0
71,::std::ops,45,::std::ops::ControlFlow,::std::clone::Clone,984,2,1
71,::std::ops,46,::std::ops::Function,::std::clone::Clone,934,2,1
72,::std::iter,0,::std::iter::Rev,::std::iter::Iterator,66577,66,34
72,::std::iter,1,::std::iter::Rev,::std::iter::DoubleEndedIterator,3248,7,4
72,::std::iter,2,::std::iter::Rev,::std::iter::ExactSizeIterator,837,2,1
72,::std::iter,3,::std::iter::Chain,::std::iter::Iterator,29940,66,34
72,::std::iter,4,::std::iter::Chain,::std::iter::DoubleEndedIterator,2885,7,4
72,::std::iter,5,::std::iter::Chain,::std::iter::ExactSizeIterator,758,2,1
72,::std::iter,6,::std::iter::Enumerate,::std::iter::Iterator,40553,66,34
72,::std::iter,7,::std::iter::Enumerate,::std::iter::DoubleEndedIterator,2699,7,4
72,::std::iter,8,::std::iter::Enumerate,::std::iter::ExactSizeIterator,851,2,1
72,::std::iter,9,::std::iter::Filter,::std::iter::Iterator,29869,66,34
72,::std::iter,10,::std::iter::Filter,::std::iter::DoubleEndedIterator,2732,7,4
72,::std::iter,11,::std::iter::Map,::std::iter::Iterator,33077,66,34
72,::std::iter,12,::std::iter::Map,::std::iter::DoubleEndedIterator,2688,7,4
72,::std::iter,13,::std::iter::Map,::std::iter::ExactSizeIterator,1578,2,1
72,::std::iter,14,::std::iter::FilterMap,::std::iter::Iterator,46709,67,35
72,::std::iter,15,::std::iter::FilterMap,::std::iter::DoubleEndedIterator,3403,7,4
72,::std::iter,16,::std::iter::FlatMap,::std::iter::Iterator,25775,66,34
72,::std::iter,17,::std::iter::FlatMap,::std::iter::DoubleEndedIterator,10623,7,4
72,::std::iter,18,::std::iter::Peekable,::std::iter::Iterator,26033,66,34
72,::std::iter,19,::std::iter::Peekable,::std::iter::DoubleEndedIterator,2661,7,4
72,::std::iter,20,::std::iter::Peekable,::std::iter::ExactSizeIterator,824,2,1
72,::std::iter,21,::std::iter::Skip,::std::iter::Iterator,26030,66,34
72,::std::iter,22,::std::iter::Skip,::std::iter::DoubleEndedIterator,3736,7,4
72,::std::iter,23,::std::iter::Skip,::std::iter::ExactSizeIterator,1015,2,1
72,::std::iter,24,::std::iter::Take,::std::iter::Iterator,35311,66,34
72,::std::iter,25,::std::iter::Take,::std::iter::DoubleEndedIterator,2545,7,4
72,::std::iter,26,::std::iter::Take,::std::iter::ExactSizeIterator,754,2,1
72,::std::iter,27,::std::iter::Empty,::std::iter::Iterator,40552,66,34
72,::std::iter,28,::std::iter::Empty,::std::iter::DoubleEndedIterator,2484,7,4
72,::std::iter,29,::std::iter::Once,::std::iter::Iterator,40184,66,34
72,::std::iter,30,::std::iter::Once,::std::iter::DoubleEndedIterator,2476,7,4
72,::std::ops,0,::std::ops::RangeFrom,::std::cmp::PartialEq,1932,4,2
72,::std::ops,1,::std::ops::RangeFrom,::std::cmp::Eq,79,0,0
72,::std::ops,2,::std::ops::RangeFrom,::std::cmp::PartialOrd,7751,14,9
72,::std::ops,3,::std::ops::RangeFrom,::std::cmp::Ord,4451,8,5
72,::std::ops,4,::std::ops::RangeFromIter,::std::iter::Iterator,75219,66,34
72,::std::ops,5,::std::ops::RangeFromIter,::std::iter::Iterator,28119,66,34
72,::std::ops,6,::std::ops::RangeFromIter,::std::iter::Iterator,27512,66,34
72,::std::ops,7,::std::ops::RangeFull,::std::cmp::PartialEq,1888,4,2
72,::std::ops,8,::std::ops::RangeFull,::std::cmp::Eq,70,0,0
72,::std::ops,9,::std::ops::RangeFull,::std::cmp::PartialOrd,4902,14,9
72,::std::ops,10,::std::ops::RangeFull,::std::cmp::Ord,2691,8,5
72,::std::ops,11,::std::ops::RangeInclusive,::std::cmp::PartialEq,1722,4,2
72,::std::ops,12,::std::ops::RangeInclusive,::std::cmp::Eq,57,0,0
72,::std::ops,13,::std::ops::RangeInclusive,::std::cmp::PartialOrd,5445,14,9
72,::std::ops,14,::std::ops::RangeInclusive,::std::cmp::Ord,2827,8,5
72,::std::ops,15,::std::ops::RangeInclusiveIter,::std::iter::Iterator,25953,66,34
72,::std::ops,16,::std::ops::RangeInclusiveIter,::std::iter::Iterator,25636,66,34
72,::std::ops,17,::std::ops::RangeInclusiveIter,::std::iter::Iterator,25469,66,34
72,::std::ops,18,::std::ops::RangeInclusiveIter,::std::iter::DoubleEndedIterator,3515,7,4
72,::std::ops,19,::std::ops::RangeInclusiveIter,::std::iter::ExactSizeIterator,897,2,1
72,::std::ops,20,::std::ops::RangeInclusiveIter,::std::iter::DoubleEndedIterator,2602,7,4
72,::std::ops,21,::std::ops::RangeInclusiveIter,::std::iter::ExactSizeIterator,812,2,1
72,::std::ops,22,::std::ops::RangeInclusiveIter,::std::iter::DoubleEndedIterator,2594,7,4
72,::std::ops,23,::std::ops::RangeToInclusive,::std::cmp::PartialEq,1841,4,2
72,::std::ops,24,::std::ops::RangeToInclusive,::std::cmp::Eq,66,0,0
72,::std::ops,25,::std::ops::RangeToInclusive,::std::cmp::PartialOrd,4568,14,9
72,::std::ops,26,::std::ops::RangeToInclusive,::std::cmp::Ord,2750,8,5
72,::std::ops,27,::std::ops::RangeTo,::std::cmp::PartialEq,1966,4,2
72,::std::ops,28,::std::ops::RangeTo,::std::cmp::Eq,66,0,0
72,::std::ops,29,::std::ops::RangeTo,::std::cmp::PartialOrd,5145,14,9
72,::std::ops,30,::std::ops::RangeTo,::std::cmp::Ord,75266,8,5
72,::std::ops,31,::std::ops::Range,::std::cmp::PartialEq,1772,4,2
72,::std::ops,32,::std::ops::Range,::std::cmp::Eq,84,0,0
72,::std::ops,33,::std::ops::Range,::std::cmp::PartialOrd,5699,14,9
72,::std::ops,34,::std::ops::Range,::std::cmp::Ord,3641,8,5
72,::std::ops,35,::std::ops::RangeIter,::std::iter::Iterator,30454,66,34
72,::std::ops,36,::std::ops::RangeIter,::std::iter::Iterator,28598,66,34
72,::std::ops,37,::std::ops::RangeIter,::std::iter::Iterator,28268,66,34
72,::std::ops,38,::std::ops::RangeIter,::std::iter::DoubleEndedIterator,3441,7,4
72,::std::ops,39,::std::ops::RangeIter,::std::iter::ExactSizeIterator,971,2,1
72,::std::ops,40,::std::ops::RangeIter,::std::iter::DoubleEndedIterator,2627,7,4
72,::std::ops,41,::std::ops::RangeIter,::std::iter::ExactSizeIterator,771,2,1
72,::std::ops,42,::std::ops::RangeIter,::std::iter::DoubleEndedIterator,2591,7,4
72,::std::ops,43,::std::ops::ControlFlow,::std::cmp::PartialEq,59623,4,2
72,::std::ops,44,::std::ops::ControlFlow,::std::cmp::Eq,58,0,0
72,::std::ops,45,::std::ops::ControlFlow,::std::clone::Clone,1025,2,1
72,::std::ops,46,::std::ops::Function,::std::clone::Clone,939,2,1
73,::std::iter,0,::std::iter::Rev,::std::iter::Iterator,44045,66,34
73,::std::iter,1,::std::iter::Rev,::std::iter::DoubleEndedIterator,3175,7,4
73,::std::iter,2,::std::iter::Rev,::std::iter::ExactSizeIterator,864,2,1
73,::std::iter,3,::std::iter::Chain,::std::iter::Iterator,30105,66,34
73,::std::iter,4,::std::iter::Chain,::std::iter::DoubleEndedIterator,3030,7,4
73,::std::iter,5,::std::iter::Chain,::std::iter::ExactSizeIterator,849,2,1
73,::std::iter,6,::std::iter::Enumerate,::std::iter::Iterator,42732,66,34
73,::std::iter,7,::std::iter::Enumerate,::std::iter::DoubleEndedIterator,2778,7,4
73,::std::iter,8,::std::iter::Enumerate,::std::iter::ExactSizeIterator,845,2,1
73,::std::iter,9,::std::iter::Filter,::std::iter::Iterator,30098,66,34
73,::std::iter,10,::std::iter::Filter,::std::iter::DoubleEndedIterator,2733,7,4
73,::std::iter,11,::std::iter::Map,::std::iter::Iterator,33236,66,34
73,::std::iter,12,::std::iter::Map,::std::iter::DoubleEndedIterator,2730,7,4
73,::std::iter,13,::std::iter::Map,::std::iter::ExactSizeIterator,1661,2,1
73,::std::iter,14,::std::iter::FilterMap,::std::iter::Iterator,42044,67,35
73,::std::iter,15,::std::iter::FilterMap,::std::iter::DoubleEndedIterator,3399,7,4
73,::std::iter,16,::std::iter::FlatMap,::std::iter::Iterator,26121,66,34
73,::std::iter,17,::std::iter::FlatMap,::std::iter::DoubleEndedIterator,10328,7,4
73,::std::iter,18,::std::iter::Peekable,::std::iter::Iterator,26444,66,34
73,::std::iter,19,::std::iter::Peekable,::std::iter::DoubleEndedIterator,2743,7,4
73,::std::iter,20,::std::iter::Peekable,::std::iter::ExactSizeIterator,846,2,1
73,::std::iter,21,::std::iter::Skip,::std::iter::Iterator,31412,66,34
73,::std::iter,22,::std::iter::Skip,::std::iter::DoubleEndedIterator,3714,7,4
73,::std::iter,23,::std::iter::Skip,::std::iter::ExactSizeIterator,982,2,1
73,::std::iter,24,::std::iter::Take,::std::iter::Iterator,34112,66,34
73,::std::iter,25,::std::iter::Take,::std::iter::DoubleEndedIterator,2566,7,4
73,::std::iter,26,::std::iter::Take,::std::iter::ExactSizeIterator,731,2,1
73,::std::iter,27,::std::iter::Empty,::std::iter::Iterator,41827,66,34
73,::std::iter,28,::std::iter::Empty,::std::iter::DoubleEndedIterator,2449,7,4
73,::std::iter,29,::std::iter::Once,::std::iter::Iterator,40112,66,34
73,::std::iter,30,::std::iter::Once,::std::iter::DoubleEndedIterator,2491,7,4
73,::std::ops,0,::std::ops::RangeFrom,::std::cmp::PartialEq,1868,4,2
73,::std::ops,1,::std::ops::RangeFrom,::std::cmp::Eq,78,0,0
73,::std::ops,2,::std::ops::RangeFrom,::std::cmp::PartialOrd,5613,14,9
73,::std::ops,3,::std::ops::RangeFrom,::std::cmp::Ord,2873,8,5
73,::std::ops,4,::std::ops::RangeFromIter,::std::iter::Iterator,70604,66,34
73,::std::ops,5,::std::ops::RangeFromIter,::std::iter::Iterator,28034,66,34
73,::std::ops,6,::std::ops::RangeFromIter,::std::iter::Iterator,32559,66,34
73,::std::ops,7,::std::ops::RangeFull,::std::cmp::PartialEq,1968,4,2
73,::std::ops,8,::std::ops::RangeFull,::std::cmp::Eq,67,0,0
73,::std::ops,9,::std::ops::RangeFull,::std::cmp::PartialOrd,5063,14,9
73,::std::ops,10,::std::ops::RangeFull,::std::cmp::Ord,2702,8,5
73,::std::ops,11,::std::ops::RangeInclusive,::std::cmp::PartialEq,1790,4,2
73,::std::ops,12,::std::ops::RangeInclusive,::std::cmp::Eq,54,0,0
73,::std::ops,13,::std::ops::RangeInclusive,::std::cmp::PartialOrd,5462,14,9
73,::std::ops,14,::std::ops::RangeInclusive,::std::cmp::Ord,2990,8,5
73,::std::ops,15,::std::ops::RangeInclusiveIter,::std::iter::Iterator,26169,66,34
73,::std::ops,16,::std::ops::RangeInclusiveIter,::std::iter::Iterator,26010,66,34
73,::std::ops,17,::std::ops::RangeInclusiveIter,::std::iter::Iterator,25477,66,34
73,::std::ops,18,::std::ops::RangeInclusiveIter,::std::iter::DoubleEndedIterator,3520,7,4
73,::std::ops,19,::std::ops::RangeInclusiveIter,::std::iter::ExactSizeIterator,882,2,1
73,::std::ops,20,::std::ops::RangeInclusiveIter,::std::iter::DoubleEndedIterator,2712,7,4
73,::std::ops,21,::std::ops::RangeInclusiveIter,::std::iter::ExactSizeIterator,801,2,1
73,::std::ops,22,::std::ops::RangeInclusiveIter,::std::iter::DoubleEndedIterator,2532,7,4
73,::std::ops,23,::std::ops::RangeToInclusive,::std::cmp::PartialEq,1765,4,2
73,::std::ops,24,::std::ops::RangeToInclusive,::std::cmp::Eq,72,0,0
73,::std::ops,25,::std::ops::RangeToInclusive,::std::cmp::PartialOrd,4466,14,9
73,::std::ops,26,::std::ops::RangeToInclusive,::std::cmp::Ord,2697,8,5
73,::std::ops,27,::std::ops::RangeTo,::std::cmp::PartialEq,1885,4,2
73,::std::ops,28,::std::ops::RangeTo,::std::cmp::Eq,82,0,0
73,::std::ops,29,::std::ops::RangeTo,::std::cmp::PartialOrd,5011,14,9
73,::std::ops,30,::std::ops::RangeTo,::std::cmp::Ord,69660,8,5
73,::std::ops,31,::std::ops::Range,::std::cmp::PartialEq,1794,4,2
73,::std::ops,32,::std::ops::Range,::std::cmp::Eq,52,0,0
73,::std::ops,33,::std::ops::Range,::std::cmp::PartialOrd,5591,14,9
73,::std::ops,34,::std::ops::Range,::std::cmp::Ord,3497,8,5
73,::std::ops,35,::std::ops::RangeIter,::std::iter::Iterator,30727,66,34
73,::std::ops,36,::std::ops::RangeIter,::std::iter::Iterator,28306,66,34
73,::std::ops,37,::std::ops::RangeIter,::std::iter::Iterator,28397,66,34
73,::std::ops,38,::std::ops::RangeIter,::std::iter::DoubleEndedIterator,3310,7,4
73,::std::ops,39,::std::ops::RangeIter,::std::iter::ExactSizeIterator,998,2,1
73,::std::ops,40,::std::ops::RangeIter,::std::iter::DoubleEndedIterator,2490,7,4
73,::std::ops,41,::std::ops::RangeIter,::std::iter::ExactSizeIterator,811,2,1
73,::std::ops,42,::std::ops::RangeIter,::std::iter::DoubleEndedIterator,2502,7,4
73,::std::ops,43,::std::ops::ControlFlow,::std::cmp::PartialEq,59586,4,2
73,::std::ops,44,::std::ops::ControlFlow,::std::cmp::Eq,67,0,0
73,::std::ops,45,::std::ops::ControlFlow,::std::clone::Clone,960,2,1
73,::std::ops,46,::std::ops::Function,::std::clone::Clone,939,2,1
74,::std::iter,0,::std::iter::Rev,::std::iter::Iterator,42945,66,34
74,::std::iter,1,::std::iter::Rev,::std::iter::DoubleEndedIterator,3228,7,4
74,::std::iter,2,::std::iter::Rev,::std::iter::ExactSizeIterator,829,2,1
74,::std::iter,3,::std::iter::Chain,::std::iter::Iterator,29953,66,34
74,::std::iter,4,::std::iter::Chain,::std::iter::DoubleEndedIterator,2871,7,4
74,::std::iter,5,::std::iter::Chain,::std::iter::ExactSizeIterator,818,2,1
74,::std::iter,6,::std::iter::Enumerate,::std::iter::Iterator,42201,66,34
74,::std::iter,7,::std::iter::Enumerate,::std::iter::DoubleEndedIterator,2712,7,4
74,::std::iter,8,::std::iter::Enumerate,::std::iter::ExactSizeIterator,821,2,1
74,::std::iter,9,::std::iter::Filter,::std::iter::Iterator,29785,66,34
74,::std::iter,10,::std::iter::Filter,::std::iter::DoubleEndedIterator,2829,7,4
74,::std::iter,11,::std::iter::Map,::std::iter::Iterator,33745,66,34
74,::std::iter,12,::std::iter::Map,::std::iter::DoubleEndedIterator,2699,7,4
74,::std::iter,13,::std::iter::Map,::std::iter::ExactSizeIterator,1736,2,1
74,::std::iter,14,::std::iter::FilterMap,::std::iter::Iterator,40790,67,35
74,::std::iter,15,::std::iter::FilterMap,::std::iter::DoubleEndedIterator,3342,7,4
74,::std::iter,16,::std::iter::FlatMap,::std::iter::Iterator,25982,66,34
74,::std::iter,17,::std::iter::FlatMap,::std::iter::DoubleEndedIterator,12369,7,4
74,::std::iter,18,::std::iter::Peekable,::std::iter::Iterator,25736,66,34
74,::std::iter,19,::std::iter::Peekable,::std::iter::DoubleEndedIterator,2681,7,4
74,::std::iter,20,::std::iter::Peekable,::std::iter::ExactSizeIterator,824,2,1
74,::std::iter,21,::std::iter::Skip,::std::iter::Iterator,26282,66,34
74,::std::iter,22,::std::iter::Skip,::std::iter::DoubleEndedIterator,3711,7,4
74,::std::iter,23,::std::iter::Skip,::std::iter::ExactSizeIterator,1070,2,1
74,::std::iter,24,::std::iter::Take,::std::iter::Iterator,33988,66,34
74,::std::iter,25,::std::iter::Take,::std::iter::DoubleEndedIterator,2511,7,4
74,::std::iter,26,::std::iter::Take,::std::iter::ExactSizeIterator,726,2,1
74,::std::iter,27,::std::iter::Empty,::std::iter::Iterator,46442,66,34
74,::std::iter,28,::std::iter::Empty,::std::iter::DoubleEndedIterator,2503,7,4
74,::std::iter,29,::std::iter::Once,::std::iter::Iterator,40107,66,34
74,::std::iter,30,::std::iter::Once,::std::iter::DoubleEndedIterator,2431,7,4
74,::std::ops,0,::std::ops::RangeFrom,::std::cmp::PartialEq,1948,4,2
74,::std::ops,1,::std::ops::RangeFrom,::std::cmp::Eq,96,0,0
74,::std::ops,2,::std::ops::RangeFrom,::std::cmp::PartialOrd,5450,14,9
74,::std::ops,3,::std::ops::RangeFrom,::std::cmp::Ord,2853,8,5
74,::std::ops,4,::std::ops::RangeFromIter,::std::iter::Iterator,70649,66,34
74,::std::ops,5,::std::ops::RangeFromIter,::std::iter::Iterator,27957,66,34
74,::std::ops,6,::std::ops::RangeFromIter,::std::iter::Iterator,27517,66,34
74,::std::ops,7,::std::ops::RangeFull,::std::cmp::PartialEq,1815,4,2
74,::std::ops,8,::std::ops::RangeFull,::std::cmp::Eq,51,0,0
74,::std::ops,9,::std::ops::RangeFull,::std::cmp::PartialOrd,5003,14,9
74,::std::ops,10,::std::ops::RangeFull,::std::cmp::Ord,2594,8,5
74,::std::ops,11,::std::ops::RangeInclusive,::std::cmp::PartialEq,1764,4,2
74,::std::ops,12,::std::ops::RangeInclusive,::std::cmp::Eq,59,0,0
74,::std::ops,13,::std::ops::RangeInclusive,::std::cmp::PartialOrd,5315,14,9
74,::std::ops,14,::std::ops::RangeInclusive,::std::cmp::Ord,2766,8,5
74,::std::ops,15,::std::ops::RangeInclusiveIter,::std::iter::Iterator,26507,66,34
74,::std::ops,16,::std::ops::RangeInclusiveIter,::std::iter::Iterator,25869,66,34
74,::std::ops,17,::std::ops::RangeInclusiveIter,::std::iter::Iterator,25817,66,34
74,::std::ops,18,::std::ops::RangeInclusiveIter,::std::iter::DoubleEndedIterator,3584,7,4
74,::std::ops,19,::std::ops::RangeInclusiveIter,::std::iter::ExactSizeIterator,931,2,1
74,::std::ops,20,::std::ops::RangeInclusiveIter,::std::iter::DoubleEndedIterator,2663,7,4
74,::std::ops,21,::std::ops::RangeInclusiveIter,::std::iter::ExactSizeIterator,799,2,1
74,::std::ops,22,::std::ops::RangeInclusiveIter,::std::iter::DoubleEndedIterator,2509,7,4
74,::std::ops,23,::std::ops::RangeToInclusive,::std::cmp::PartialEq,1738,4,2
74,::std::ops,24,::std::ops::RangeToInclusive,::std::cmp::Eq,70,0,0
74,::std::ops,25,::std::ops::RangeToInclusive,::std::cmp::PartialOrd,4394,14,9
74,::std::ops,26,::std::ops::RangeToInclusive,::std::cmp::Ord,2805,8,5
74,::std::ops,27,::std::ops::RangeTo,::std::cmp::PartialEq,1911,4,2
74,::std::ops,28,::std::ops::RangeTo,::std::cmp::Eq,76,0,0
74,::std::ops,29,::std::ops::RangeTo,::std::cmp::PartialOrd,5056,14,9
74,::std::ops,30,::std::ops::RangeTo,::std::cmp::Ord,68980,8,5
74,::std::ops,31,::std::ops::Range,::std::cmp::PartialEq,1692,4,2
74,::std::ops,32,::std::ops::Range,::std::cmp::Eq,51,0,0
74,::std::ops,33,::std::ops::Range,::std::cmp::PartialOrd,5436,14,9
74,::std::ops,34,::std::ops::Range,::std::cmp::Ord,4935,8,5
74,::std::ops,35,::std::ops::RangeIter,::std::iter::Iterator,31458,66,34
74,::std::ops,36,::std::ops::RangeIter,::std::iter::Iterator,28728,66,34
74,::std::ops,37,::std::ops::RangeIter,::std::iter::Iterator,28561,66,34
74,::std::ops,38,::std::ops::RangeIter,::std::iter::DoubleEndedIterator,3390,7,4
74,::std::ops,39,::std::ops::RangeIter,::std::iter::ExactSizeIterator,958,2,1
74,::std::ops,40,::std::ops::RangeIter,::std::iter::DoubleEndedIterator,2498,7,4
74,::std::ops,41,::std::ops::RangeIter,::std::iter::ExactSizeIterator,756,2,1
74,::std::ops,42,::std::ops::RangeIter,::std::iter::DoubleEndedIterator,2540,7,4
74,::std::ops,43,::std::ops::ControlFlow,::std::cmp::PartialEq,58003,4,2
74,::std::ops,44,::std::ops::ControlFlow,::std::cmp::Eq,66,0,0
74,::std::ops,45,::std::ops::ControlFlow,::std::clone::Clone,992,2,1
74,::std::ops,46,::std::ops::Function,::std::clone::Clone,913,2,1
75,::std::iter,0,::std::iter::Rev,::std::iter::Iterator,44515,66,34
75,::std::iter,1,::std::iter::Rev,::std::iter::DoubleEndedIterator,3132,7,4
75,::std::iter,2,::std::iter::Rev,::std::iter::ExactSizeIterator,835,2,1
75,::std::iter,3,::std::iter::Chain,::std::iter::Iterator,30156,66,34
75,::std::iter,4,::std::iter::Chain,::std::iter::DoubleEndedIterator,2860,7,4
75,::std::iter,5,::std::iter::Chain,::std::iter::ExactSizeIterator,747,2,1
75,::std::iter,6,::std::iter::Enumerate,::std::iter::Iterator,40439,66,34
75,::std::iter,7,::std::iter::Enumerate,::std::iter::DoubleEndedIterator,2830,7,4
75,::std::iter,8,::std::iter::Enumerate,::std::iter::ExactSizeIterator,829,2,1
75,::std::iter,9,::std::iter::Filter,::std::iter::Iterator,31295,66,34
75,::std::iter,10,::std::iter::Filter,::std::iter::DoubleEndedIterator,2755,7,4
75,::std::iter,11,::std::iter::Map,::std::iter::Iterator,32689,66,34
75,::std::iter,12,::std::iter::Map,::std::iter::DoubleEndedIterator,2756,7,4
75,::std::iter,13,::std::iter::Map,::std::iter::ExactSizeIterator,1643,2,1
75,::std::iter,14,::std::iter::FilterMap,::std::iter::Iterator,40475,67,35
75,::std::iter,15,::std::iter::FilterMap,::std::iter::DoubleEndedIterator,3293,7,4
75,::std::iter,16,::std::iter::FlatMap,::std::iter::Iterator,25968,66,34
75,::std::iter,17,::std::iter::FlatMap,::std::iter::DoubleEndedIterator,11756,7,4
75,::std::iter,18,::std::iter::Peekable,::std::iter::Iterator,26091,66,34
75,::std::iter,19,::std::iter::Peekable,::std::iter::DoubleEndedIterator,2641,7,4
75,::std::iter,20,::std::iter::Peekable,::std::iter::ExactSizeIterator,806,2,1
75,::std::iter,21,::std::iter::Skip,::std::iter::Iterator,31119,66,34
75,::std::iter,22,::std::iter::Skip,::std::iter::DoubleEndedIterator,3667,7,4
75,::std::iter,23,::std::iter::Skip,::std::iter::ExactSizeIterator,957,2,1
75,::std::iter,24,::std::iter::Take,::std::iter::Iterator,34351,66,34
75,::std::iter,25,::std::iter::Take,::std::iter::DoubleEndedIterator,2577,7,4
75,::std::iter,26,::std::iter::Take,::std::iter::ExactSizeIterator,721,2,1
75,::std::iter,27,::std::iter::Empty,::std::iter::Iterator,40642,66,34
75,::std::iter,28,::std::iter::Empty,::std::iter::DoubleEndedIterator,2612,7,4
75,::std::iter,29,::std::iter::Once,::std::iter::Iterator,42411,66,34
75,::std::iter,30,::std::iter::Once,::std::iter::DoubleEndedIterator,2455,7,4
75,::std::ops,0,::std::ops::RangeFrom,::std::cmp::PartialEq,1898,4,2
75,::std::ops,1,::std::ops::RangeFrom,::std::cmp::Eq,98,0,0
75,::std::ops,2,::std::ops::RangeFrom,::std::cmp::PartialOrd,5508,14,9
75,::std::ops,3,::std::ops::RangeFrom,::std::cmp::Ord,2854,8,5
75,::std::ops,4,::std::ops::RangeFromIter,::std::iter::Iterator,69273,66,34
75,::std::ops,5,::std::ops::RangeFromIter,::std::iter::Iterator,28047,66,34
75,::std::ops,6,::std::ops::RangeFromIter,::std::iter::Iterator,28114,66,34
75,::std::ops,7,::std::ops::RangeFull,::std::cmp::PartialEq,2008,4,2
75,::std::ops,8,::std::ops::RangeFull,::std::cmp::Eq,84,0,0
75,::std::ops,9,::std::ops::RangeFull,::std::cmp::PartialOrd,4952,14,9
75,::std::ops,10,::std::ops::RangeFull,::std::cmp::Ord,2725,8,5
75,::std::ops,11,::std::ops::RangeInclusive,::std::cmp::PartialEq,1802,4,2
75,::std::ops,12,::std::ops::RangeInclusive,::std::cmp::Eq,61,0,0
75,::std::ops,13,::std::ops::RangeInclusive,::std::cmp::PartialOrd,5305,14,9
75,::std::ops,14,::std::ops::RangeInclusive,::std::cmp::Ord,2843,8,5
75,::std::ops,15,::std::ops::RangeInclusiveIter,::std::iter::Iterator,26517,66,34
75,::std::ops,16,::std::ops::RangeInclusiveIter,::std::iter::Iterator,26434,66,34
75,::std::ops,17,::std::ops::RangeInclusiveIter,::std::iter::Iterator,25511,66,34
75,::std::ops,18,::std::ops::RangeInclusiveIter,::std::iter::DoubleEndedIterator,4986,7,4
75,::std::ops,19,::std::ops::RangeInclusiveIter,::std::iter::ExactSizeIterator,888,2,1
75,::std::ops,20,::std::ops::RangeInclusiveIter,::std::iter::DoubleEndedIterator,2727,7,4
75,::std::ops,21,::std::ops::RangeInclusiveIter,::std::iter::ExactSizeIterator,816,2,1
75,::std::ops,22,::std::ops::RangeInclusiveIter,::std::iter::DoubleEndedIterator,2622,7,4
75,::std::ops,23,::std::ops::RangeToInclusive,::std::cmp::PartialEq,1748,4,2
75,::std::ops,24,::std::ops::RangeToInclusive,::std::cmp::Eq,68,0,0
75,::std::ops,25,::std::ops::RangeToInclusive,::std::cmp::PartialOrd,4301,14,9
75,::std::ops,26,::std::ops::RangeToInclusive,::std::cmp::Ord,2719,8,5
75,::std::ops,27,::std::ops::RangeTo,::std::cmp::PartialEq,1918,4,2
75,::std::ops,28,::std::ops::RangeTo,::std::cmp::Eq,76,0,0
75,::std::ops,29,::std::ops::RangeTo,::std::cmp::PartialOrd,4889,14,9
75,::std::ops,30,::std::ops::RangeTo,::std::cmp::Ord,65911,8,5
75,::std::ops,31,::std::ops::Range,::std::cmp::PartialEq,1844,4,2
75,::std::ops,32,::std::ops::Range,::std::cmp::Eq,71,0,0
75,::std::ops,33,::std::ops::Range,::std::cmp::PartialOrd,5440,14,9
75,::std::ops,34,::std::ops::Range,::std::cmp::Ord,3416,8,5
75,::std::ops,35,::std::ops::RangeIter,::std::iter::Iterator,30553,66,34
75,::std::ops,36,::std::ops::RangeIter,::std::iter::Iterator,29877,66,34
75,::std::ops,37,::std::ops::RangeIter,::std::iter::Iterator,28508,66,34
75,::std::ops,38,::std::ops::RangeIter,::std::iter::DoubleEndedIterator,3316,7,4
75,::std::ops,39,::std::ops::RangeIter,::std::iter::ExactSizeIterator,964,2,1
75,::std::ops,40,::std::ops::RangeIter,::std::iter::DoubleEndedIterator,2509,7,4
75,::std::ops,41,::std::ops::RangeIter,::std::iter::ExactSizeIterator,782,2,1
75,::std::ops,42,::std::ops::RangeIter,::std::iter::DoubleEndedIterator,2426,7,4
75,::std::ops,43,::std::ops::ControlFlow,::std::cmp::PartialEq,57763,4,2
75,::std::ops,44,::std::ops::ControlFlow,::std::cmp::Eq,60,0,0
75,::std::ops,45,::std::ops::ControlFlow,::std::clone::Clone,935,2,1
75,::std::ops,46,::std::ops::Function,::std::clone::Clone,941,2,1
76,::std::iter,0,::std::iter::Rev,::std::iter::Iterator,45589,66,34
76,::std::iter,1,::std::iter::Rev,::std::iter::DoubleEndedIterator,3145,7,4
76,::std::iter,2,::std::iter::Rev,::std::iter::ExactSizeIterator,832,2,1
76,::std::iter,3,::std::iter::Chain,::std::iter::Iterator,29958,66,34
76,::std::iter,4,::std::iter::Chain,::std::iter::DoubleEndedIterator,2924,7,4
76,::std::iter,5,::std::iter::Chain,::std::iter::ExactSizeIterator,799,2,1
76,::std::iter,6,::std::iter::Enumerate,::std::iter::Iterator,40439,66,34
76,::std::iter,7,::std::iter::Enumerate,::std::iter::DoubleEndedIterator,2797,7,4
76,::std::iter,8,::std::iter::Enumerate,::std::iter::ExactSizeIterator,826,2,1
76,::std::iter,9,::std::iter::Filter,::std::iter::Iterator,30034,66,34
76,::std::iter,10,::std::iter::Filter,::std::iter::DoubleEndedIterator,2948,7,4
76,::std::iter,11,::std::iter::Map,::std::iter::Iterator,35210,66,34
76,::std::iter,12,::std::iter::Map,::std::iter::DoubleEndedIterator,2745,7,4
76,::std::iter,13,::std::iter::Map,::std::iter::ExactSizeIterator,1598,2,1
76,::std::iter,14,::std::iter::FilterMap,::std::iter::Iterator,40519,67,35
76,::std::iter,15,::std::iter::FilterMap,::std::iter::DoubleEndedIterator,7821,7,4
76,::std::iter,16,::std::iter::FlatMap,::std::iter::Iterator,25812,66,34
76,::std::iter,17,::std::iter::FlatMap,::std::iter::DoubleEndedIterator,10449,7,4
76,::std::iter,18,::std::iter::Peekable,::std::iter::Iterator,25733,66,34
76,::std::iter,19,::std::iter::Peekable,::std::iter::DoubleEndedIterator,2672,7,4
76,::std::iter,20,::std::iter::Peekable,::std::iter::ExactSizeIterator,790,2,1
76,::std::iter,21,::std::iter::Skip,::std::iter::Iterator,26804,66,34
76,::std::iter,22,::std::iter::Skip,::std::iter::DoubleEndedIterator,3760,7,4
76,::std::iter,23,::std::iter::Skip,::std::iter::ExactSizeIterator,998,2,1
76,::std::iter,24,::std::iter::Take,::std::iter::Iterator,35762,66,34
76,::std::iter,25,::std::iter::Take,::std::iter::DoubleEndedIterator,2564,7,4
76,::std::iter,26,::std::iter::Take,::std::iter::ExactSizeIterator,732,2,1
76,::std::iter,27,::std::iter::Empty,::std::iter::Iterator,40680,66,34
76,::std::iter,28,::std::iter::Empty,::std::iter::DoubleEndedIterator,2475,7,4
76,::std::iter,29,::std::iter::Once,::std::iter::Iterator,41846,66,34
76,::std::iter,30,::std::iter::Once,::std::iter::DoubleEndedIterator,2352,7,4
76,::std::ops,0,::std::ops::RangeFrom,::std::cmp::PartialEq,2008,4,2
76,::std::ops,1,::std::ops::RangeFrom,::std::cmp::Eq,114,0,0
76,::std::ops,2,::std::ops::RangeFrom,::std::cmp::PartialOrd,5601,14,9
76,::std::ops,3,::std::ops::RangeFrom,::std::cmp::Ord,2931,8,5
76,::std::ops,4,::std::ops::RangeFromIter,::std::iter::Iterator,68663,66,34
76,::std::ops,5,::std::ops::RangeFromIter,::std::iter::Iterator,28287,66,34
76,::std::ops,6,::std::ops::RangeFromIter,::std::iter::Iterator,27559,66,34
76,::std::ops,7,::std::ops::RangeFull,::std::cmp::PartialEq,1867,4,2
76,::std::ops,8,::std::ops::RangeFull,::std::cmp::Eq,66,0,0
76,::std::ops,9,::std::ops::RangeFull,::std::cmp::PartialOrd,4954,14,9
76,::std::ops,10,::std::ops::RangeFull,::std::cmp::Ord,2675,8,5
76,::std::ops,11,::std::ops::RangeInclusive,::std::cmp::PartialEq,1872,4,2
76,::std::ops,12,::std::ops::RangeInclusive,::std::cmp::Eq,55,0,0
76,::std::ops,13,::std::ops::RangeInclusive,::std::cmp::PartialOrd,5310,14,9
76,::std::ops,14,::std::ops::RangeInclusive,::std::cmp::Ord,2808,8,5
76,::std::ops,15,::std::ops::RangeInclusiveIter,::std::iter::Iterator,26201,66,34
76,::std::ops,16,::std::ops::RangeInclusiveIter,::std::iter::Iterator,25683,66,34
76,::std::ops,17,::std::ops::RangeInclusiveIter,::std::iter::Iterator,25484,66,34
76,::std::ops,18,::std::ops::RangeInclusiveIter,::std::iter::DoubleEndedIterator,3457,7,4
76,::std::ops,19,::std::ops::RangeInclusiveIter,::std::iter::ExactSizeIterator,816,2,1
76,::std::ops,20,::std::ops::RangeInclusiveIter,::std::iter::DoubleEndedIterator,2529,7,4
76,::std::ops,21,::std::ops::RangeInclusiveIter,::std::iter::ExactSizeIterator,794,2,1
76,::std::ops,22,::std::ops::RangeInclusiveIter,::std::iter::DoubleEndedIterator,2452,7,4
76,::std::ops,23,::std::ops::RangeToInclusive,::std::cmp::PartialEq,1722,4,2
76,::std::ops,24,::std::ops::RangeToInclusive,::std::cmp::Eq,55,0,0
76,::std::ops,25,::std::ops::RangeToInclusive,::std::cmp::PartialOrd,4445,14,9
76,::std::ops,26,::std::ops::RangeToInclusive,::std::cmp::Ord,2661,8,5
76,::std::ops,27,::std::ops::RangeTo,::std::cmp::PartialEq,1828,4,2
76,::std::ops,28,::std::ops::RangeTo,::std::cmp::Eq,72,0,0
76,::std::ops,29,::std::ops::RangeTo,::std::cmp::PartialOrd,4933,14,9
76,::std::ops,30,::std::ops::RangeTo,::std::cmp::Ord,71746,8,5
76,::std::ops,31,::std::ops::Range,::std::cmp::PartialEq,1802,4,2
76,::std::ops,32,::std::ops::Range,::std::cmp::Eq,71,0,0
76,::std::ops,33,::std::ops::Range,::std::cmp::PartialOrd,5489,14,9
76,::std::ops,34,::std::ops::Range,::std::cmp::Ord,3523,8,5
76,::std::ops,35,::std::ops::RangeIter,::std::iter::Iterator,30639,66,34
76,::std::ops,36,::std::ops::RangeIter,::std::iter::Iterator,28782,66,34
76,::std::ops,37,::std::ops::RangeIter,::std::iter::Iterator,28262,66,34
76,::std::ops,38,::std::ops::RangeIter,::std::iter::DoubleEndedIterator,3369,7,4
76,::std::ops,39,::std::ops::RangeIter,::std::iter::ExactSizeIterator,1036,2,1
76,::std::ops,40,::std::ops::RangeIter,::std::iter::DoubleEndedIterator,2479,7,4
76,::std::ops,41,::std::ops::RangeIter,::std::iter::ExactSizeIterator,796,2,1
76,::std::ops,42,::std::ops::RangeIter,::std::iter::DoubleEndedIterator,2405,7,4
76,::std::ops,43,::std::ops::ControlFlow,::std::cmp::PartialEq,59275,4,2
76,::std::ops,44,::std::ops::ControlFlow,::std::cmp::Eq,57,0,0
76,::std::ops,45,::std::ops::ControlFlow,::std::clone::Clone,991,2,1
76,::std::ops,46,::std::ops::Function,::std::clone::Clone,949,2,1
77,::std::iter,0,::std::iter::Rev,::std::iter::Iterator,44023,66,34
77,::std::iter,1,::std::iter::Rev,::std::iter::DoubleEndedIterator,3205,7,4
77,::std::iter,2,::std::iter::Rev,::std::iter::ExactSizeIterator,835,2,1
77,::std::iter,3,::std::iter::Chain,::std::iter::Iterator,29961,66,34
77,::std::iter,4,::std::iter::Chain,::std::iter::DoubleEndedIterator,2916,7,4
77,::std::iter,5,::std::iter::Chain,::std::iter::ExactSizeIterator,894,2,1
77,::std::iter,6,::std::iter::Enumerate,::std::iter::Iterator,40595,66,34
77,::std::iter,7,::std::iter::Enumerate,::std::iter::DoubleEndedIterator,2866,7,4
77,::std::iter,8,::std::iter::Enumerate,::std::iter::ExactSizeIterator,859,2,1
77,::std::iter,9,::std::iter::Filter,::std::iter::Iterator,29422,66,34
77,::std::iter,10,::std::iter::Filter,::std::iter::DoubleEndedIterator,2787,7,4
77,::std::iter,11,::std::iter::Map,::std::iter::Iterator,33007,66,34
77,::std::iter,12,::std::iter::Map,::std::iter::DoubleEndedIterator,2672,7,4
77,::std::iter,13,::std::iter::Map,::std::iter::ExactSizeIterator,1616,2,1
77,::std::iter,14,::std::iter::FilterMap,::std::iter::Iterator,42041,67,35
77,::std::iter,15,::std::iter::FilterMap,::std::iter::DoubleEndedIterator,3268,7,4
77,::std::iter,16,::std::iter::FlatMap,::std::iter::Iterator,25938,66,34
77,::std::iter,17,::std::iter::FlatMap,::std::iter::DoubleEndedIterator,10249,7,4
77,::std::iter,18,::std::iter::Peekable,::std::iter::Iterator,25612,66,34
77,::std::iter,19,::std::iter::Peekable,::std::iter::DoubleEndedIterator,2629,7,4
77,::std::iter,20,::std::iter::Peekable,::std::iter::ExactSizeIterator,836,2,1
77,::std::iter,21,::std::iter::Skip,::std::iter::Iterator,26204,66,34
77,::std::iter,22,::std::iter::Skip,::std::iter::DoubleEndedIterator,3732,7,4
77,::std::iter,23,::std::iter::Skip,::std::iter::ExactSizeIterator,979,2,1
77,::std::iter,24,::std::iter::Take,::std::iter::Iterator,39947,66,34
77,::std::iter,25,::std::iter::Take,::std::iter::DoubleEndedIterator,2658,7,4
77,::std::iter,26,::std::iter::Take,::std::iter::ExactSizeIterator,722,2,1
77,::std::iter,27,::std::iter::Empty,::std::iter::Iterator,40461,66,34
77,::std::iter,28,::std::iter::Empty,::std::iter::DoubleEndedIterator,2487,7,4
77,::std::iter,29,::std::iter::Once,::std::iter::Iterator,45891,66,34
77,::std::iter,30,::std::iter::Once,::std::iter::DoubleEndedIterator,2552,7,4
77,::std::ops,0,::std::ops::RangeFrom,::std::cmp::PartialEq,2057,4,2
77,::std::ops,1,::std::ops::RangeFrom,::std::cmp::Eq,74,0,0
77,::std::ops,2,::std::ops::RangeFrom,::std::cmp::PartialOrd,5574,14,9
77,::std::ops,3,::std::ops::RangeFrom,::std::cmp::Ord,2870,8,5
77,::std::ops,4,::std::ops::RangeFromIter,::std::iter::Iterator,68567,66,34
77,::std::ops,5,::std::ops::RangeFromIter,::std::iter::Iterator,28063,66,34
77,::std::ops,6,::std::ops::RangeFromIter,::std::iter::Iterator,27457,66,34
77,::std::ops,7,::std::ops::RangeFull,::std::cmp::PartialEq,1821,4,2
77,::std::ops,8,::std::ops::RangeFull,::std::cmp::Eq,72,0,0
77,::std::ops,9,::std::ops::RangeFull,::std::cmp::PartialOrd,4791,14,9
77,::std::ops,10,::std::ops::RangeFull,::std::cmp::Ord,2657,8,5
77,::std::ops,11,::std::ops::RangeInclusive,::std::cmp::PartialEq,1782,4,2
77,::std::ops,12,::std::ops::RangeInclusive,::std::cmp::Eq,60,0,0
77,::std::ops,13,::std::ops::RangeInclusive,::std::cmp::PartialOrd,5253,14,9
77,::std::ops,14,::std::ops::RangeInclusive,::std::cmp::Ord,2747,8,5
77,::std::ops,15,::std::ops::RangeInclusiveIter,::std::iter::Iterator,26701,66,34
77,::std::ops,16,::std::ops::RangeInclusiveIter,::std::iter::Iterator,25823,66,34
77,::std::ops,17,::std::ops::RangeInclusiveIter,::std::iter::Iterator,26390,66,34
77,::std::ops,18,::std::ops::RangeInclusiveIter,::std::iter::DoubleEndedIterator,3521,7,4
77,::std::ops,19,::std::ops::RangeInclusiveIter,::std::iter::ExactSizeIterator,893,2,1
77,::std::ops,20,::std::ops::RangeInclusiveIter,::std::iter::DoubleEndedIterator,2557,7,4
77,::std::ops,21,::std::ops::RangeInclusiveIter,::std::iter::ExactSizeIterator,804,2,1
77,::std::ops,22,::std::ops::RangeInclusiveIter,::std::iter::DoubleEndedIterator,2531,7,4
77,::std::ops,23,::std::ops::RangeToInclusive,::std::cmp::PartialEq,1710,4,2
77,::std::ops,24,::std::ops::RangeToInclusive,::std::cmp::Eq,77,0,0
77,::std::ops,25,::std::ops::RangeToInclusive,::std::cmp::PartialOrd,4313,14,9
77,::std::ops,26,::std::ops::RangeToInclusive,::std::cmp::Ord,2659,8,5
77,::std::ops,27,::std::ops::RangeTo,::std::cmp::PartialEq,1871,4,2
77,::std::ops,28,::std::ops::RangeTo,::std::cmp::Eq,83,0,0
77,::std::ops,29,::std::ops::RangeTo,::std::cmp::PartialOrd,4831,14,9
77,::std::ops,30,::std::ops::RangeTo,::std::cmp::Ord,72242,8,5
77,::std::ops,31,::std::ops::Range,::std::cmp::PartialEq,1825,4,2
77,::std::ops,32,::std::ops::Range,::std::cmp::Eq,62,0,0
77,::std::ops,33,::std::ops::Range,::std::cmp::PartialOrd,5496,14,9
77,::std::ops,34,::std::ops::Range,::std::cmp::Ord,3570,8,5
77,::std::ops,35,::std::ops::RangeIter,::std::iter::Iterator,31201,66,34
77,::std::ops,36,::std::ops::RangeIter,::std::iter::Iterator,28934,66,34
77,::std::ops,37,::std::ops::RangeIter,::std::iter::Iterator,28372,66,34
77,::std::ops,38,::std::ops::RangeIter,::std::iter::DoubleEndedIterator,3354,7,4
77,::std::ops,39,::std::ops::RangeIter,::std::iter::ExactSizeIterator,954,2,1
77,::std::ops,40,::std::ops::RangeIter,::std::iter::DoubleEndedIterator,2554,7,4
77,::std::ops,41,::std::ops::RangeIter,::std::iter::ExactSizeIterator,772,2,1
77,::std::ops,42,::std::ops::RangeIter,::std::iter::DoubleEndedIterator,2547,7,4
77,::std::ops,43,::std::ops::ControlFlow,::std::cmp::PartialEq,59464,4,2
77,::std::ops,44,::std::ops::ControlFlow,::std::cmp::Eq,86,0,0
77,::std::ops,45,::std::ops::ControlFlow,::std::clone::Clone,939,2,1
77,::std::ops,46,::std::ops::Function,::std::clone::Clone,894,2,1
78,::std::iter,0,::std::iter::Rev,::std::iter::Iterator,42212,66,34
78,::std::iter,1,::std::iter::Rev,::std::iter::DoubleEndedIterator,3254,7,4
78,::std::iter,2,::std::iter::Rev,::std::iter::ExactSizeIterator,823,2,1
78,::std::iter,3,::std::iter::Chain,::std::iter::Iterator,29779,66,34
78,::std::iter,4,::std::iter::Chain,::std::iter::DoubleEndedIterator,2713,7,4
78,::std::iter,5,::std::iter::Chain,::std::iter::ExactSizeIterator,849,2,1
78,::std::iter,6,::std::iter::Enumerate,::std::iter::Iterator,41704,66,34
78,::std::iter,7,::std::iter::Enumerate,::std::iter::DoubleEndedIterator,2680,7,4
78,::std::iter,8,::std::iter::Enumerate,::std::iter::ExactSizeIterator,797,2,1
78,::std::iter,9,::std::iter::Filter,::std::iter::Iterator,29427,66,34
78,::std::iter,10,::std::iter::Filter,::std::iter::DoubleEndedIterator,2808,7,4
78,::std::iter,11,::std::iter::Map,::std::iter::Iterator,33383,66,34
78,::std::iter,12,::std::iter::Map,::std::iter::DoubleEndedIterator,2665,7,4
78,::std::iter,13,::std::iter::Map,::std::iter::ExactSizeIterator,1593,2,1
78,::std::iter,14,::std::iter::FilterMap,::std::iter::Iterator,41986,67,35
78,::std::iter,15,::std::iter::FilterMap,::std::iter::DoubleEndedIterator,3325,7,4
78,::std::iter,16,::std::iter::FlatMap,::std::iter::Iterator,30092,66,34
78,::std::iter,17,::std::iter::FlatMap,::std::iter::DoubleEndedIterator,10344,7,4
78,::std::iter,18,::std::iter::Peekable,::std::iter::Iterator,25761,66,34
78,::std::iter,19,::std::iter::Peekable,::std::iter::DoubleEndedIterator,2684,7,4
78,::std::iter,20,::std::iter::Peekable,::std::iter::ExactSizeIterator,792,2,1
78,::std::iter,21,::std::iter::Skip,::std::iter::Iterator,26821,66,34
78,::std::iter,22,::std::iter::Skip,::std::iter::DoubleEndedIterator,3745,7,4
78,::std::iter,23,::std::iter::Skip,::std::iter::ExactSizeIterator,982,2,1
78,::std::iter,24,::std::iter::Take,::std::iter::Iterator,33990,66,34
78,::std::iter,25,::std::iter::Take,::std::iter::DoubleEndedIterator,2523,7,4
78,::std::iter,26,::std::iter::Take,::std::iter::ExactSizeIterator,712,2,1
78,::std::iter,27,::std::iter::Empty,::std::iter::Iterator,47279,66,34
78,::std::iter,28,::std::iter::Empty,::std::iter::DoubleEndedIterator,2480,7,4
78,::std::iter,29,::std::iter::Once,::std::iter::Iterator,40870,66,34
78,::std::iter,30,::std::iter::Once,::std::iter::DoubleEndedIterator,2416,7,4
78,::std::ops,0,::std::ops::RangeFrom,::std::cmp::PartialEq,2039,4,2
78,::std::ops,1,::std::ops::RangeFrom,::std::cmp::Eq,78,0,0
78,::std::ops,2,::std::ops::RangeFrom,::std::cmp::PartialOrd,5639,14,9
78,::std::ops,3,::std::ops::RangeFrom,::std::cmp::Ord,2958,8,5
78,::std::ops,4,::std::ops::RangeFromIter,::std::iter::Iterator,70408,66,34
78,::std::ops,5,::std::ops::RangeFromIter,::std::iter::Iterator,27424,66,34
78,::std::ops,6,::std::ops::RangeFromIter,::std::iter::Iterator,27480,66,34
78,::std::ops,7,::std::ops::RangeFull,::std::cmp::PartialEq,1767,4,2
78,::std::ops,8,::std::ops::RangeFull,::std::cmp::Eq,64,0,0
78,::std::ops,9,::std::ops::RangeFull,::std::cmp::PartialOrd,4850,14,9
78,::std::ops,10,::std::ops::RangeFull,::std::cmp::Ord,2594,8,5
78,::std::ops,11,::std::ops::RangeInclusive,::std::cmp::PartialEq,1765,4,2
78,::std::ops,12,::std::ops::RangeInclusive,::std::cmp::Eq,57,0,0
78,::std::ops,13,::std::ops::RangeInclusive,::std::cmp::PartialOrd,5296,14,9
78,::std::ops,14,::std::ops::RangeInclusive,::std::cmp::Ord,2924,8,5
78,::std::ops,15,::std::ops::RangeInclusiveIter,::std::iter::Iterator,26215,66,34
78,::std::ops,16,::std::ops::RangeInclusiveIter,::std::iter::Iterator,26024,66,34
78,::std::ops,17,::std::ops::RangeInclusiveIter,::std::iter::Iterator,25519,66,34
78,::std::ops,18,::std::ops::RangeInclusiveIter,::std::iter::DoubleEndedIterator,3572,7,4
78,::std::ops,19,::std::ops::RangeInclusiveIter,::std::iter::ExactSizeIterator,921,2,1
78,::std::ops,20,::std::ops::RangeInclusiveIter,::std::iter::DoubleEndedIterator,2631,7,4
78,::std::ops,21,::std::ops::RangeInclusiveIter,::std::iter::ExactSizeIterator,777,2,1
78,::std::ops,22,::std::ops::RangeInclusiveIter,::std::iter::DoubleEndedIterator,2510,7,4
78,::std::ops,23,::std::ops::RangeToInclusive,::std::cmp::PartialEq,1762,4,2
78,::std::ops,24,::std::ops::RangeToInclusive,::std::cmp::Eq,56,0,0
78,::std::ops,25,::std::ops::RangeToInclusive,::std::cmp::PartialOrd,4507,14,9
78,::std::ops,26,::std::ops::RangeToInclusive,::std::cmp::Ord,2699,8,5
78,::std::ops,27,::std::ops::RangeTo,::std::cmp::PartialEq,1787,4,2
78,::std::ops,28,::std::ops::RangeTo,::std::cmp::Eq,67,0,0
78,::std::ops,29,::std::ops::RangeTo,::std::cmp::PartialOrd,4973,14,9
78,::std::ops,30,::std::ops::RangeTo,::std::cmp::Ord,71247,8,5
78,::std::ops,31,::std::ops::Range,::std::cmp::PartialEq,1821,4,2
78,::std::ops,32,::std::ops::Range,::std::cmp::Eq,66,0,0
78,::std::ops,33,::std::ops::Range,::std::cmp::PartialOrd,5564,14,9
78,::std::ops,34,::std::ops::Range,::std::cmp::Ord,3458,8,5
78,::std::ops,35,::std::ops::RangeIter,::std::iter::Iterator,30180,66,34
78,::std::ops,36,::std::ops::RangeIter,::std::iter::Iterator,28717,66,34
78,::std::ops,37,::std::ops::RangeIter,::std::iter::Iterator,28056,66,34
78,::std::ops,38,::std::ops::RangeIter,::std::iter::DoubleEndedIterator,3330,7,4
78,::std::ops,39,::std::ops::RangeIter,::std::iter::ExactSizeIterator,944,2,1
78,::std::ops,40,::std::ops::RangeIter,::std::iter::DoubleEndedIterator,2592,7,4
78,::std::ops,41,::std::ops::RangeIter,::std::iter::ExactSizeIterator,793,2,1
78,::std::ops,42,::std::ops::RangeIter,::std::iter::DoubleEndedIterator,2646,7,4
78,::std::ops,43,::std::ops::ControlFlow,::std::cmp::PartialEq,59388,4,2
78,::std::ops,44,::std::ops::ControlFlow,::std::cmp::Eq,68,0,0
78,::std::ops,45,::std::ops::ControlFlow,::std::clone::Clone,995,2,1
78,::std::ops,46,::std::ops::Function,::std::clone::Clone,944,2,1
79,::std::iter,0,::std::iter::Rev,::std::iter::Iterator,43240,66,34
79,::std::iter,1,::std::iter::Rev,::std::iter::DoubleEndedIterator,3119,7,4
79,::std::iter,2,::std::iter::Rev,::std::iter::ExactSizeIterator,884,2,1
79,::std::iter,3,::std::iter::Chain,::std::iter::Iterator,30253,66,34
79,::std::iter,4,::std::iter::Chain,::std::iter::DoubleEndedIterator,2907,7,4
79,::std::iter,5,::std::iter::Chain,::std::iter::ExactSizeIterator,764,2,1
79,::std::iter,6,::std::iter::Enumerate,::std::iter::Iterator,42457,66,34
79,::std::iter,7,::std::iter::Enumerate,::std::iter::DoubleEndedIterator,2738,7,4
79,::std::iter,8,::std::iter::Enumerate,::std::iter::ExactSizeIterator,839,2,1
79,::std::iter,9,::std::iter::Filter,::std::iter::Iterator,29952,66,34
79,::std::iter,10,::std::iter::Filter,::std::iter::DoubleEndedIterator,2767,7,4
79,::std::iter,11,::std::iter::Map,::std::iter::Iterator,33172,66,34
79,::std::iter,12,::std::iter::Map,::std::iter::DoubleEndedIterator,2642,7,4
79,::std::iter,13,::std::iter::Map,::std::iter::ExactSizeIterator,1589,2,1
79,::std::iter,14,::std::iter::FilterMap,::std::iter::Iterator,40291,67,35
79,::std::iter,15,::std::iter::FilterMap,::std::iter::DoubleEndedIterator,3415,7,4
79,::std::iter,16,::std::iter::FlatMap,::std::iter::Iterator,25761,66,34
79,::std::iter,17,::std::iter::FlatMap,::std::iter::DoubleEndedIterator,12149,7,4
79,::std::iter,18,::std::iter::Peekable,::std::iter::Iterator,31874,66,34
79,::std::iter,19,::std::iter::Peekable,::std::iter::DoubleEndedIterator,2787,7,4
79,::std::iter,20,::std::iter::Peekable,::std::iter::ExactSizeIterator,791,2,1
79,::std::iter,21,::std::iter::Skip,::std::iter::Iterator,26410,66,34
79,::std::iter,22,::std::iter::Skip,::std::iter::DoubleEndedIterator,3756,7,4
79,::std::iter,23,::std::iter::Skip,::std::iter::ExactSizeIterator,939,2,1
79,::std::iter,24,::std::iter::Take,::std::iter::Iterator,38751,66,34
79,::std::iter,25,::std::iter::Take,::std::iter::DoubleEndedIterator,2571,7,4
79,::std::iter,26,::std::iter::Take,::std::iter::ExactSizeIterator,713,2,1
79,::std::iter,27,::std::iter::Empty,::std::iter::Iterator,42189,66,34
79,::std::iter,28,::std::iter::Empty,::std::iter::DoubleEndedIterator,2527,7,4
79,::std::iter,29,::std::iter::Once,::std::iter::Iterator,40604,66,34
79,::std::iter,30,::std::iter::Once,::std::iter::DoubleEndedIterator,2432,7,4
79,::std::ops,0,::std::ops::RangeFrom,::std::cmp::PartialEq,1980,4,2
79,::std::ops,1,::std::ops::RangeFrom,::std::cmp::Eq,101,0,0
79,::std::ops,2,::std::ops::RangeFrom,::std::cmp::PartialOrd,5626,14,9
79,::std::ops,3,::std::ops::RangeFrom,::std::cmp::Ord,2937,8,5
79,::std::ops,4,::std::ops::RangeFromIter,::std::iter::Iterator,71234,66,34
79,::std::ops,5,::std::ops::RangeFromIter,::std::iter::Iterator,28190,66,34
79,::std::ops,6,::std::ops::RangeFromIter,::std::iter::Iterator,27678,66,34
79,::std::ops,7,::std::ops::RangeFull,::std::cmp::PartialEq,1831,4,2
79,::std::ops,8,::std::ops::RangeFull,::std::cmp::Eq,82,0,0
79,::std::ops,9,::std::ops::RangeFull,::std::cmp::PartialOrd,4954,14,9
79,::std::ops,10,::std::ops::RangeFull,::std::cmp::Ord,2665,8,5
79,::std::ops,11,::std::ops::RangeInclusive,::std::cmp::PartialEq,1786,4,2
79,::std::ops,12,::std::ops::RangeInclusive,::std::cmp::Eq,57,0,0
79,::std::ops,13,::std::ops::RangeInclusive,::std::cmp::PartialOrd,5464,14,9
79,::std::ops,14,::std::ops::RangeInclusive,::std::cmp::Ord,2731,8,5
79,::std::ops,15,::std::ops::RangeInclusiveIter,::std::iter::Iterator,26501,66,34
79,::std::ops,16,::std::ops::RangeInclusiveIter,::std::iter::Iterator,26107,66,34
79,::std::ops,17,::std::ops::RangeInclusiveIter,::std::iter::Iterator,25222,66,34
79,::std::ops,18,::std::ops::RangeInclusiveIter,::std::iter::DoubleEndedIterator,3507,7,4
79,::std::ops,19,::std::ops::RangeInclusiveIter,::std::iter::ExactSizeIterator,840,2,1
79,::std::ops,20,::std::ops::RangeInclusiveIter,::std::iter::DoubleEndedIterator,2625,7,4
79,::std::ops,21,::std::ops::RangeInclusiveIter,::std::iter::ExactSizeIterator,772,2,1
79,::std::ops,22,::std::ops::RangeInclusiveIter,::std::iter::DoubleEndedIterator,2553,7,4
79,::std::ops,23,::std::ops::RangeToInclusive,::std::cmp::PartialEq,1765,4,2
79,::std::ops,24,::std::ops::RangeToInclusive,::std::cmp::Eq,78,0,0
79,::std::ops,25,::std::ops::RangeToInclusive,::std::cmp::PartialOrd,4457,14,9
79,::std::ops,26,::std::ops::RangeToInclusive,::std::cmp::Ord,2621,8,5
79,::std::ops,27,::std::ops::RangeTo,::std::cmp::PartialEq,1868,4,2
79,::std::ops,28,::std::ops::RangeTo,::std::cmp::Eq,76,0,0
79,::std::ops,29,::std::ops::RangeTo,::std::cmp::PartialOrd,4863,14,9
79,::std::ops,30,::std::ops::RangeTo,::std::cmp::Ord,68119,8,5
79,::std::ops,31,::std::ops::Range,::std::cmp::PartialEq,1825,4,2
79,::std::ops,32,::std::ops::Range,::std::cmp::Eq,77,0,0
79,::std::ops,33,::std::ops::Range,::std::cmp::PartialOrd,5435,14,9
79,::std::ops,34,::std::ops::Range,::std::cmp::Ord,5058,8,5
79,::std::ops,35,::std::ops::RangeIter,::std::iter::Iterator,30809,66,34
79,::std::ops,36,::std::ops::RangeIter,::std::iter::Iterator,28511,66,34
79,::std::ops,37,::std::ops::RangeIter,::std::iter::Iterator,28421,66,34
79,::std::ops,38,::std::ops::RangeIter,::std::iter::DoubleEndedIterator,3276,7,4
79,::std::ops,39,::std::ops::RangeIter,::std::iter::ExactSizeIterator,937,2,1
79,::std::ops,40,::std::ops::RangeIter,::std::iter::DoubleEndedIterator,2551,7,4
79,::std::ops,41,::std::ops::RangeIter,::std::iter::ExactSizeIterator,805,2,1
79,::std::ops,42,::std::ops::RangeIter,::std::iter::DoubleEndedIterator,2602,7,4
79,::std::ops,43,::std::ops::ControlFlow,::std::cmp::PartialEq,58101,4,2
79,::std::ops,44,::std::ops::ControlFlow,::std::cmp::Eq,59,0,0
79,::std::ops,45,::std::ops::ControlFlow,::std::clone::Clone,1023,2,1
79,::std::ops,46,::std::ops::Function,::std::clone::Clone,936,2,1
80,::std::iter,0,::std::iter::Rev,::std::iter::Iterator,42441,66,34
80,::std::iter,1,::std::iter::Rev,::std::iter::DoubleEndedIterator,3126,7,4
80,::std::iter,2,::std::iter::Rev,::std::iter::ExactSizeIterator,830,2,1
80,::std::iter,3,::std::iter::Chain,::std::iter::Iterator,30026,66,34
80,::std::iter,4,::std::iter::Chain,::std::iter::DoubleEndedIterator,2837,7,4
80,::std::iter,5,::std::iter::Chain,::std::iter::ExactSizeIterator,763,2,1
80,::std::iter,6,::std::iter::Enumerate,::std::iter::Iterator,40947,66,34
80,::std::iter,7,::std::iter::Enumerate,::std::iter::DoubleEndedIterator,2861,7,4
80,::std::iter,8,::std::iter::Enumerate,::std::iter::ExactSizeIterator,850,2,1
80,::std::iter,9,::std::iter::Filter,::std::iter::Iterator,31946,66,34
80,::std::iter,10,::std::iter::Filter,::std::iter::DoubleEndedIterator,2783,7,4
80,::std::iter,11,::std::iter::Map,::std::iter::Iterator,41871,66,34
80,::std::iter,12,::std::iter::Map,::std::iter::DoubleEndedIterator,2660,7,4
80,::std::iter,13,::std::iter::Map,::std::iter::ExactSizeIterator,1732,2,1
80,::std::iter,14,::std::iter::FilterMap,::std::iter::Iterator,40966,67,35
80,::std::iter,15,::std::iter::FilterMap,::std::iter::DoubleEndedIterator,3411,7,4
80,::std::iter,16,::std::iter::FlatMap,::std::iter::Iterator,25884,66,34
80,::std::iter,17,::std::iter::FlatMap,::std::iter::DoubleEndedIterator,12084,7,4
80,::std::iter,18,::std::iter::Peekable,::std::iter::Iterator,25885,66,34
80,::std::iter,19,::std::iter::Peekable,::std::iter::DoubleEndedIterator,2718,7,4
80,::std::iter,20,::std::iter::Peekable,::std::iter::ExactSizeIterator,835,2,1
80,::std::iter,21,::std::iter::Skip,::std::iter::Iterator,26626,66,34
80,::std::iter,22,::std::iter::Skip,::std::iter::DoubleEndedIterator,3806,7,4
80,::std::iter,23,::std::iter::Skip,::std::iter::ExactSizeIterator,957,2,1
80,::std::iter,24,::std::iter::Take,::std::iter::Iterator,38762,66,34
80,::std::iter,25,::std::iter::Take,::std::iter::DoubleEndedIterator,2611,7,4
80,::std::iter,26,::std::iter::Take,::std::iter::ExactSizeIterator,757,2,1
80,::std::iter,27,::std::iter::Empty,::std::iter::Iterator,40924,66,34
80,::std::iter,28,::std::iter::Empty,::std::iter::DoubleEndedIterator,2517,7,4
80,::std::iter,29,::std::iter::Once,::std::iter::Iterator,42677,66,34
80,::std::iter,30,::std::iter::Once,::std::iter::DoubleEndedIterator,2498,7,4
80,::std::ops,0,::std::ops::RangeFrom,::std::cmp::PartialEq,2004,4,2
80,::std::ops,1,::std::ops::RangeFrom,::std::cmp::Eq,93,0,0
80,::std::ops,2,::std::ops::RangeFrom,::std::cmp::PartialOrd,5403,14,9
80,::std::ops,3,::std::ops::RangeFrom,::std::cmp::Ord,2962,8,5
80,::std::ops,4,::std::ops::RangeFromIter,::std::iter::Iterator,68300,66,34
80,::std::ops,5,::std::ops::RangeFromIter,::std::iter::Iterator,27778,66,34
80,::std::ops,6,::std::ops::RangeFromIter,::std::iter::Iterator,27426,66,34
80,::std::ops,7,::std::ops::RangeFull,::std::cmp::PartialEq,1842,4,2
80,::std::ops,8,::std::ops::RangeFull,::std::cmp::Eq,96,0,0
80,::std::ops,9,::std::ops::RangeFull,::std::cmp::PartialOrd,5000,14,9
80,::std::ops,10,::std::ops::RangeFull,::std::cmp::Ord,2633,8,5
80,::std::ops,11,::std::ops::RangeInclusive,::std::cmp::PartialEq,1848,4,2
80,::std::ops,12,::std::ops::RangeInclusive,::std::cmp::Eq,57,0,0
80,::std::ops,13,::std::ops::RangeInclusive,::std::cmp::PartialOrd,5440,14,9
80,::std::ops,14,::std::ops::RangeInclusive,::std::cmp::Ord,2763,8,5
80,::std::ops,15,::std::ops::RangeInclusiveIter,::std::iter::Iterator,26225,66,34
80,::std::ops,16,::std::ops::RangeInclusiveIter,::std::iter::Iterator,25931,66,34
80,::std::ops,17,::std::ops::RangeInclusiveIter,::std::iter::Iterator,25626,66,34
80,::std::ops,18,::std::ops::RangeInclusiveIter,::std::iter::DoubleEndedIterator,5097,7,4
80,::std::ops,19,::std::ops::RangeInclusiveIter,::std::iter::ExactSizeIterator,857,2,1
80,::std::ops,20,::std::ops::RangeInclusiveIter,::std::iter::DoubleEndedIterator,2616,7,4
80,::std::ops,21,::std::ops::RangeInclusiveIter,::std::iter::ExactSizeIterator,820,2,1
80,::std::ops,22,::std::ops::RangeInclusiveIter,::std::iter::DoubleEndedIterator,2535,7,4
80,::std::ops,23,::std::ops::RangeToInclusive,::std::cmp::PartialEq,1765,4,2
80,::std::ops,24,::std::ops::RangeToInclusive,::std::cmp::Eq,60,0,0
80,::std::ops,25,::std::ops::RangeToInclusive,::std::cmp::PartialOrd,4519,14,9
80,::std::ops,26,::std::ops::RangeToInclusive,::std::cmp::Ord,2750,8,5
80,::std::ops,27,::std::ops::RangeTo,::std::cmp::PartialEq,1871,4,2
80,::std::ops,28,::std::ops::RangeTo,::std::cmp::Eq,73,0,0
80,::std::ops,29,::std::ops::RangeTo,::std::cmp::PartialOrd,5070,14,9
80,::std::ops,30,::std::ops::RangeTo,::std::cmp::Ord,68895,8,5
80,::std::ops,31,::std::ops::Range,::std::cmp::PartialEq,1835,4,2
80,::std::ops,32,::std::ops::Range,::std::cmp::Eq,80,0,0
80,::std::ops,33,::std::ops::Range,::std::cmp::PartialOrd,5613,14,9
80,::std::ops,34,::std::ops::Range,::std::cmp::Ord,3519,8,5
80,::std::ops,35,::std::ops::RangeIter,::std::iter::Iterator,31143,66,34
80,::std::ops,36,::std::ops::RangeIter,::std::iter::Iterator,30119,66,34
80,::std::ops,37,::std::ops::RangeIter,::std::iter::Iterator,28534,66,34
80,::std::ops,38,::std::ops::RangeIter,::std::iter::DoubleEndedIterator,3452,7,4
80,::std::ops,39,::std::ops::RangeIter,::std::iter::ExactSizeIterator,1004,2,1
80,::std::ops,40,::std::ops::RangeIter,::std::iter::DoubleEndedIterator,2630,7,4
80,::std::ops,41,::std::ops::RangeIter,::std::iter::ExactSizeIterator,809,2,1
80,::std::ops,42,::std::ops::RangeIter,::std::iter::DoubleEndedIterator,2580,7,4
80,::std::ops,43,::std::ops::ControlFlow,::std::cmp::PartialEq,83814,4,2
80,::std::ops,44,::std::ops::ControlFlow,::std::cmp::Eq,58,0,0
80,::std::ops,45,::std::ops::ControlFlow,::std::clone::Clone,1093,2,1
80,::std::ops,46,::std::ops::Function,::std::clone::Clone,963,2,1
81,::std::iter,0,::std::iter::Rev,::std::iter::Iterator,45201,66,34
81,::std::iter,1,::std::iter::Rev,::std::iter::DoubleEndedIterator,3221,7,4
81,::std::iter,2,::std::iter::Rev,::std::iter::ExactSizeIterator,842,2,1
81,::std::iter,3,::std::iter::Chain,::std::iter::Iterator,29739,66,34
81,::std::iter,4,::std::iter::Chain,::std::iter::DoubleEndedIterator,2808,7,4
81,::std::iter,5,::std::iter::Chain,::std::iter::ExactSizeIterator,827,2,1
81,::std::iter,6,::std::iter::Enumerate,::std::iter::Iterator,40167,66,34
81,::std::iter,7,::std::iter::Enumerate,::std::iter::DoubleEndedIterator,2741,7,4
81,::std::iter,8,::std::iter::Enumerate,::std::iter::ExactSizeIterator,841,2,1
81,::std::iter,9,::std::iter::Filter,::std::iter::Iterator,29924,66,34
81,::std::iter,10,::std::iter::Filter,::std::iter::DoubleEndedIterator,2853,7,4
81,::std::iter,11,::std::iter::Map,::std::iter::Iterator,34811,66,34
81,::std::iter,12,::std::iter::Map,::std::iter::DoubleEndedIterator,2675,7,4
81,::std::iter,13,::std::iter::Map,::std::iter::ExactSizeIterator,1659,2,1
81,::std::iter,14,::std::iter::FilterMap,::std::iter::Iterator,40384,67,35
81,::std::iter,15,::std::iter::FilterMap,::std::iter::DoubleEndedIterator,3397,7,4
81,::std::iter,16,::std::iter::FlatMap,::std::iter::Iterator,30453,66,34
81,::std::iter,17,::std::iter::FlatMap,::std::iter::DoubleEndedIterator,10603,7,4
81,::std::iter,18,::std::iter::Peekable,::std::iter::Iterator,25784,66,34
81,::std::iter,19,::std::iter::Peekable,::std::iter::DoubleEndedIterator,2692,7,4
81,::std::iter,20,::std::iter::Peekable,::std::iter::ExactSizeIterator,817,2,1
81,::std::iter,21,::std::iter::Skip,::std::iter::Iterator,25952,66,34
81,::std::iter,22,::std::iter::Skip,::std::iter::DoubleEndedIterator,3758,7,4
81,::std::iter,23,::std::iter::Skip,::std::iter::ExactSizeIterator,939,2,1
81,::std::iter,24,::std::iter::Take,::std::iter::Iterator,35539,66,34
81,::std::iter,25,::std::iter::Take,::std::iter::DoubleEndedIterator,2517,7,4
81,::std::iter,26,::std::iter::Take,::std::iter::ExactSizeIterator,728,2,1
81,::std::iter,27,::std::iter::Empty,::std::iter::Iterator,40543,66,34
81,::std::iter,28,::std::iter::Empty,::std::iter::DoubleEndedIterator,2527,7,4
81,::std::iter,29,::std::iter::Once,::std::iter::Iterator,43045,66,34
81,::std::iter,30,::std::iter::Once,::std::iter::DoubleEndedIterator,2561,7,4
81,::std::ops,0,::std::ops::RangeFrom,::std::cmp::PartialEq,1906,4,2
81,::std::ops,1,::std::ops::RangeFrom,::std::cmp::Eq,100,0,0
81,::std::ops,2,::std::ops::RangeFrom,::std::cmp::PartialOrd,5589,14,9
81,::std::ops,3,::std::ops::RangeFrom,::std::cmp::Ord,2957,8,5
81,::std::ops,4,::std::ops::RangeFromIter,::std::iter::Iterator,69381,66,34
81,::std::ops,5,::std::ops::RangeFromIter,::std::iter::Iterator,27583,66,34
81,::std::ops,6,::std::ops::RangeFromIter,::std::iter::Iterator,26726,66,34
81,::std::ops,7,::std::ops::RangeFull,::std::cmp::PartialEq,1904,4,2
81,::std::ops,8,::std::ops::RangeFull,::std::cmp::Eq,82,0,0
81,::std::ops,9,::std::ops::RangeFull,::std::cmp::PartialOrd,4972,14,9
81,::std::ops,10,::std::ops::RangeFull,::std::cmp::Ord,2662,8,5
81,::std::ops,11,::std::ops::RangeInclusive,::std::cmp::PartialEq,1832,4,2
81,::std::ops,12,::std::ops::RangeInclusive,::std::cmp::Eq,61,0,0
81,::std::ops,13,::std::ops::RangeInclusive,::std::cmp::PartialOrd,5326,14,9
81,::std::ops,14,::std::ops::RangeInclusive,::std::cmp::Ord,2922,8,5
81,::std::ops,15,::std::ops::RangeInclusiveIter,::std::iter::Iterator,26441,66,34
81,::std::ops,16,::std::ops::RangeInclusiveIter,::std::iter::Iterator,25870,66,34
81,::std::ops,17,::std::ops::RangeInclusiveIter,::std::iter::Iterator,25288,66,34
81,::std::ops,18,::std::ops::RangeInclusiveIter,::std::iter::DoubleEndedIterator,3410,7,4
81,::std::ops,19,::std::ops::RangeInclusiveIter,::std::iter::ExactSizeIterator,818,2,1
81,::std::ops,20,::std::ops::RangeInclusiveIter,::std::iter::DoubleEndedIterator,2584,7,4
81,::std::ops,21,::std::ops::RangeInclusiveIter,::std::iter::ExactSizeIterator,787,2,1
81,::std::ops,22,::std::ops::RangeInclusiveIter,::std::iter::DoubleEndedIterator,2513,7,4
81,::std::ops,23,::std::ops::RangeToInclusive,::std::cmp::PartialEq,1690,4,2
81,::std::ops,24,::std::ops::RangeToInclusive,::std::cmp::Eq,57,0,0
81,::std::ops,25,::std::ops::RangeToInclusive,::std::cmp::PartialOrd,4494,14,9
81,::std::ops,26,::std::ops::RangeToInclusive,::std::cmp::Ord,2781,8,5
81,::std::ops,27,::std::ops::RangeTo,::std::cmp::PartialEq,1957,4,2
81,::std::ops,28,::std::ops::RangeTo,::std::cmp::Eq,75,0,0
81,::std::ops,29,::std::ops::RangeTo,::std::cmp::PartialOrd,4943,14,9
81,::std::ops,30,::std::ops::RangeTo,::std::cmp::Ord,74843,8,5
81,::std::ops,31,::std::ops::Range,::std::cmp::PartialEq,1786,4,2
81,::std::ops,32,::std::ops::Range,::std::cmp::Eq,59,0,0
81,::std::ops,33,::std::ops::Range,::std::cmp::PartialOrd,5571,14,9
81,::std::ops,34,::std::ops::Range,::std::cmp::Ord,3413,8,5
81,::std::ops,35,::std::ops::RangeIter,::std::iter::Iterator,31033,66,34
81,::std::ops,36,::std::ops::RangeIter,::std::iter::Iterator,28620,66,34
81,::std::ops,37,::std::ops::RangeIter,::std::iter::Iterator,28194,66,34
81,::std::ops,38,::std::ops::RangeIter,::std::iter::DoubleEndedIterator,3352,7,4
81,::std::ops,39,::std::ops::RangeIter,::std::iter::ExactSizeIterator,975,2,1
81,::std::ops,40,::std::ops::RangeIter,::std::iter::DoubleEndedIterator,2580,7,4
81,::std::ops,41,::std::ops::RangeIter,::std::iter::ExactSizeIterator,794,2,1
81,::std::ops,42,::std::ops::RangeIter,::std::iter::DoubleEndedIterator,2530,7,4
81,::std::ops,43,::std::ops::ControlFlow,::std::cmp::PartialEq,59999,4,2
81,::std::ops,44,::std::ops::ControlFlow,::std::cmp::Eq,61,0,0
81,::std::ops,45,::std::ops::ControlFlow,::std::clone::Clone,972,2,1
81,::std::ops,46,::std::ops::Function,::std::clone::Clone,957,2,1
82,::std::iter,0,::std::iter::Rev,::std::iter::Iterator,42579,66,34
82,::std::iter,1,::std::iter::Rev,::std::iter::DoubleEndedIterator,3281,7,4
82,::std::iter,2,::std::iter::Rev,::std::iter::ExactSizeIterator,902,2,1
82,::std::iter,3,::std::iter::Chain,::std::iter::Iterator,31580,66,34
82,::std::iter,4,::std::iter::Chain,::std::iter::DoubleEndedIterator,2805,7,4
82,::std::iter,5,::std::iter::Chain,::std::iter::ExactSizeIterator,808,2,1
82,::std::iter,6,::std::iter::Enumerate,::std::iter::Iterator,40361,66,34
82,::std::iter,7,::std::iter::Enumerate,::std::iter::DoubleEndedIterator,2755,7,4
82,::std::iter,8,::std::iter::Enumerate,::std::iter::ExactSizeIterator,828,2,1
82,::std::iter,9,::std::iter::Filter,::std::iter::Iterator,29897,66,34
82,::std::iter,10,::std::iter::Filter,::std::iter::DoubleEndedIterator,2731,7,4
82,::std::iter,11,::std::iter::Map,::std::iter::Iterator,33481,66,34
82,::std::iter,12,::std::iter::Map,::std::iter::DoubleEndedIterator,2665,7,4
82,::std::iter,13,::std::iter::Map,::std::iter::ExactSizeIterator,1546,2,1
82,::std::iter,14,::std::iter::FilterMap,::std::iter::Iterator,41786,67,35
82,::std::iter,15,::std::iter::FilterMap,::std::iter::DoubleEndedIterator,3393,7,4
82,::std::iter,16,::std::iter::FlatMap,::std::iter::Iterator,26012,66,34
82,::std::iter,17,::std::iter::FlatMap,::std::iter::DoubleEndedIterator,10216,7,4
82,::std::iter,18,::std::iter::Peekable,::std::iter::Iterator,26128,66,34
82,::std::iter,19,::std::iter::Peekable,::std::iter::DoubleEndedIterator,2660,7,4
82,::std::iter,20,::std::iter::Peekable,::std::iter::ExactSizeIterator,793,2,1
82,::std::iter,21,::std::iter::Skip,::std::iter::Iterator,30392,66,34
82,::std::iter,22,::std::iter::Skip,::std::iter::DoubleEndedIterator,3669,7,4
82,::std::iter,23,::std::iter::Skip,::std::iter::ExactSizeIterator,1041,2,1
82,::std::iter,24,::std::iter::Take,::std::iter::Iterator,33894,66,34
82,::std::iter,25,::std::iter::Take,::std::iter::DoubleEndedIterator,2541,7,4
82,::std::iter,26,::std::iter::Take,::std::iter::ExactSizeIterator,716,2,1
82,::std::iter,27,::std::iter::Empty,::std::iter::Iterator,41945,66,34
82,::std::iter,28,::std::iter::Empty,::std::iter::DoubleEndedIterator,2505,7,4
82,::std::iter,29,::std::iter::Once,::std::iter::Iterator,40873,66,34
82,::std::iter,30,::std::iter::Once,::std::iter::DoubleEndedIterator,2454,7,4
82,::std::ops,0,::std::ops::RangeFrom,::std::cmp::PartialEq,1952,4,2
82,::std::ops,1,::std::ops::RangeFrom,::std::cmp::Eq,78,0,0
82,::std::ops,2,::std::ops::RangeFrom,::std::cmp::PartialOrd,5605,14,9
82,::std::ops,3,::std::ops::RangeFrom,::std::cmp::Ord,2795,8,5
82,::std::ops,4,::std::ops::RangeFromIter,::std::iter::Iterator,68588,66,34
82,::std::ops,5,::std::ops::RangeFromIter,::std::iter::Iterator,27677,66,34
82,::std::ops,6,::std::ops::RangeFromIter,::std::iter::Iterator,27224,66,34
82,::std::ops,7,::std::ops::RangeFull,::std::cmp::PartialEq,1881,4,2
82,::std::ops,8,::std::ops::RangeFull,::std::cmp::Eq,70,0,0
82,::std::ops,9,::std::ops::RangeFull,::std::cmp::PartialOrd,5005,14,9
82,::std::ops,10,::std::ops::RangeFull,::std::cmp::Ord,2694,8,5
82,::std::ops,11,::std::ops::RangeInclusive,::std::cmp::PartialEq,1753,4,2
82,::std::ops,12,::std::ops::RangeInclusive,::std::cmp::Eq,53,0,0
82,::std::ops,13,::std::ops::RangeInclusive,::std::cmp::PartialOrd,5455,14,9
82,::std::ops,14,::std::ops::RangeInclusive,::std::cmp::Ord,2800,8,5
82,::std::ops,15,::std::ops::RangeInclusiveIter,::std::iter::Iterator,33247,66,34
82,::std::ops,16,::std::ops::RangeInclusiveIter,::std::iter::Iterator,26331,66,34
82,::std::ops,17,::std::ops::RangeInclusiveIter,::std::iter::Iterator,25277,66,34
82,::std::ops,18,::std::ops::RangeInclusiveIter,::std::iter::DoubleEndedIterator,3494,7,4
82,::std::ops,19,::std::ops::RangeInclusiveIter,::std::iter::ExactSizeIterator,851,2,1
82,::std::ops,20,::std::ops::RangeInclusiveIter,::std::iter::DoubleEndedIterator,2462,7,4
82,::std::ops,21,::std::ops::RangeInclusiveIter,::std::iter::ExactSizeIterator,823,2,1
82,::std::ops,22,::std::ops::RangeInclusiveIter,::std::iter::DoubleEndedIterator,2482,7,4
82,::std::ops,23,::std::ops::RangeToInclusive,::std::cmp::PartialEq,1688,4,2
82,::std::ops,24,::std::ops::RangeToInclusive,::std::cmp::Eq,52,0,0
82,::std::ops,25,::std::ops::RangeToInclusive,::std::cmp::PartialOrd,4395,14,9
82,::std::ops,26,::std::ops::RangeToInclusive,::std::cmp::Ord,2716,8,5
82,::std::ops,27,::std::ops::RangeTo,::std::cmp::PartialEq,1813,4,2
82,::std::ops,28,::std::ops::RangeTo,::std::cmp::Eq,73,0,0
82,::std::ops,29,::std::ops::RangeTo,::std::cmp::PartialOrd,4971,14,9
82,::std::ops,30,::std::ops::RangeTo,::std::cmp::Ord,69518,8,5
82,::std::ops,31,::std::ops::Range,::std::cmp::PartialEq,1828,4,2
82,::std::ops,32,::std::ops::Range,::std::cmp::Eq,53,0,0
82,::std::ops,33,::std::ops::Range,::std::cmp::PartialOrd,5495,14,9
82,::std::ops,34,::std::ops::Range,::std::cmp::Ord,3541,8,5
82,::std::ops,35,::std::ops::RangeIter,::std::iter::Iterator,30708,66,34
82,::std::ops,36,::std::ops::RangeIter,::std::iter::Iterator,28389,66,34
82,::std::ops,37,::std::ops::RangeIter,::std::iter::Iterator,28530,66,34
82,::std::ops,38,::std::ops::RangeIter,::std::iter::DoubleEndedIterator,3390,7,4
82,::std::ops,39,::std::ops::RangeIter,::std::iter::ExactSizeIterator,910,2,1
82,::std::ops,40,::std::ops::RangeIter,::std::iter::DoubleEndedIterator,2587,7,4
82,::std::ops,41,::std::ops::RangeIter,::std::iter::ExactSizeIterator,760,2,1
82,::std::ops,42,::std::ops::RangeIter,::std::iter::DoubleEndedIterator,2522,7,4
82,::std::ops,43,::std::ops::ControlFlow,::std::cmp::PartialEq,59434,4,2
82,::std::ops,44,::std::ops::ControlFlow,::std::cmp::Eq,57,0,0
82,::std::ops,45,::std::ops::ControlFlow,::std::clone::Clone,1019,2,1
82,::std::ops,46,::std::ops::Function,::std::clone::Clone,895,2,1
83,::std::iter,0,::std::iter::Rev,::std::iter::Iterator,42603,66,34
83,::std::iter,1,::std::iter::Rev,::std::iter::DoubleEndedIterator,3215,7,4
83,::std::iter,2,::std::iter::Rev,::std::iter::ExactSizeIterator,851,2,1
83,::std::iter,3,::std::iter::Chain,::std::iter::Iterator,29869,66,34
83,::std::iter,4,::std::iter::Chain,::std::iter::DoubleEndedIterator,2935,7,4
83,::std::iter,5,::std::iter::Chain,::std::iter::ExactSizeIterator,750,2,1
83,::std::iter,6,::std::iter::Enumerate,::std::iter::Iterator,42565,66,34
83,::std::iter,7,::std::iter::Enumerate,::std::iter::DoubleEndedIterator,2697,7,4
83,::std::iter,8,::std::iter::Enumerate,::std::iter::ExactSizeIterator,865,2,1
83,::std::iter,9,::std::iter::Filter,::std::iter::Iterator,29879,66,34
83,::std::iter,10,::std::iter::Filter,::std::iter::DoubleEndedIterator,2794,7,4
83,::std::iter,11,::std::iter::Map,::std::iter::Iterator,32948,66,34
83,::std::iter,12,::std::iter::Map,::std::iter::DoubleEndedIterator,2701,7,4
83,::std::iter,13,::std::iter::Map,::std::iter::ExactSizeIterator,1614,2,1
83,::std::iter,14,::std::iter::FilterMap,::std::iter::Iterator,47281,67,35
83,::std::iter,15,::std::iter::FilterMap,::std::iter::DoubleEndedIterator,3386,7,4
83,::std::iter,16,::std::iter::FlatMap,::std::iter::Iterator,26299,66,34
83,::std::iter,17,::std::iter::FlatMap,::std::iter::DoubleEndedIterator,10406,7,4
83,::std::iter,18,::std::iter::Peekable,::std::iter::Iterator,26222,66,34
83,::std::iter,19,::std::iter::Peekable,::std::iter::DoubleEndedIterator,2745,7,4
83,::std::iter,20,::std::iter::Peekable,::std::iter::ExactSizeIterator,851,2,1
83,::std::iter,21,::std::iter::Skip,::std::iter::Iterator,26347,66,34
83,::std::iter,22,::std::iter::Skip,::std::iter::DoubleEndedIterator,3652,7,4
83,::std::iter,23,::std::iter::Skip,::std::iter::ExactSizeIterator,1055,2,1
83,::std::iter,24,::std::iter::Take,::std::iter::Iterator,33781,66,34
83,::std::iter,25,::std::iter::Take,::std::iter::DoubleEndedIterator,2519,7,4
83,::std::iter,26,::std::iter::Take,::std::iter::ExactSizeIterator,720,2,1
83,::std::iter,27,::std::iter::Empty,::std::iter::Iterator,41821,66,34
83,::std::iter,28,::std::iter::Empty,::std::iter::DoubleEndedIterator,2529,7,4
83,::std::iter,29,::std::iter::Once,::std::iter::Iterator,40594,66,34
83,::std::iter,30,::std::iter::Once,::std::iter::DoubleEndedIterator,2505,7,4
83,::std::ops,0,::std::ops::RangeFrom,::std::cmp::PartialEq,2040,4,2
83,::std::ops,1,::std::ops::RangeFrom,::std::cmp::Eq,99,0,0
83,::std::ops,2,::std::ops::RangeFrom,::std::cmp::PartialOrd,11676,14,9
83,::std::ops,3,::std::ops::RangeFrom,::std::cmp::Ord,2923,8,5
83,::std::ops,4,::std::ops::RangeFromIter,::std::iter::Iterator,70737,66,34
83,::std::ops,5,::std::ops::RangeFromIter,::std::iter::Iterator,28114,66,34
83,::std::ops,6,::std::ops::RangeFromIter,::std::iter::Iterator,28063,66,34
83,::std::ops,7,::std::ops::RangeFull,::std::cmp::PartialEq,1851,4,2
83,::std::ops,8,::std::ops::RangeFull,::std::cmp::Eq,61,0,0
83,::std::ops,9,::std::ops::RangeFull,::std::cmp::PartialOrd,4888,14,9
83,::std::ops,10,::std::ops::RangeFull,::std::cmp::Ord,2660,8,5
83,::std::ops,11,::std::ops::RangeInclusive,::std::cmp::PartialEq,1842,4,2
83,::std::ops,12,::std::ops::RangeInclusive,::std::cmp::Eq,52,0,0
83,::std::ops,13,::std::ops::RangeInclusive,::std::cmp::PartialOrd,5584,14,9
83,::std::ops,14,::std::ops::RangeInclusive,::std::cmp::Ord,2739,8,5
83,::std::ops,15,::std::ops::RangeInclusiveIter,::std::iter::Iterator,26619,66,34
83,::std::ops,16,::std::ops::RangeInclusiveIter,::std::iter::Iterator,25852,66,34
83,::std::ops,17,::std::ops::RangeInclusiveIter,::std::iter::Iterator,25471,66,34
83,::std::ops,18,::std::ops::RangeInclusiveIter,::std::iter::DoubleEndedIterator,3639,7,4
83,::std::ops,19,::std::ops::RangeInclusiveIter,::std::iter::ExactSizeIterator,882,2,1
83,::std::ops,20,::std::ops::RangeInclusiveIter,::std::iter::DoubleEndedIterator,2624,7,4
83,::std::ops,21,::std::ops::RangeInclusiveIter,::std::iter::ExactSizeIterator,791,2,1
83,::std::ops,22,::std::ops::RangeInclusiveIter,::std::iter::DoubleEndedIterator,2513,7,4
83,::std::ops,23,::std::ops::RangeToInclusive,::std::cmp::PartialEq,1699,4,2
83,::std::ops,24,::std::ops::RangeToInclusive,::std::cmp::Eq,58,0,0
83,::std::ops,25,::std::ops::RangeToInclusive,::std::cmp::PartialOrd,4493,14,9
83,::std::ops,26,::std::ops::RangeToInclusive,::std::cmp::Ord,2740,8,5
83,::std::ops,27,::std::ops::RangeTo,::std::cmp::PartialEq,1875,4,2
83,::std::ops,28,::std::ops::RangeTo,::std::cmp::Eq,75,0,0
83,::std::ops,29,::std::ops::RangeTo,::std::cmp::PartialOrd,5006,14,9
83,::std::ops,30,::std::ops::RangeTo,::std::cmp::Ord,69984,8,5
83,::std::ops,31,::std::ops::Range,::std::cmp::PartialEq,1903,4,2
83,::std::ops,32,::std::ops::Range,::std::cmp::Eq,59,0,0
83,::std::ops,33,::std::ops::Range,::std::cmp::PartialOrd,5596,14,9
83,::std::ops,34,::std::ops::Range,::std::cmp::Ord,3371,8,5
83,::std::ops,35,::std::ops::RangeIter,::std::iter::Iterator,31038,66,34
83,::std::ops,36,::std::ops::RangeIter,::std::iter::Iterator,28532,66,34
83,::std::ops,37,::std::ops::RangeIter,::std::iter::Iterator,28695,66,34
83,::std::ops,38,::std::ops::RangeIter,::std::iter::DoubleEndedIterator,3407,7,4
83,::std::ops,39,::std::ops::RangeIter,::std::iter::ExactSizeIterator,984,2,1
83,::std::ops,40,::std::ops::RangeIter,::std::iter::DoubleEndedIterator,2524,7,4
83,::std::ops,41,::std::ops::RangeIter,::std::iter::ExactSizeIterator,822,2,1
83,::std::ops,42,::std::ops::RangeIter,::std::iter::DoubleEndedIterator,2466,7,4
83,::std::ops,43,::std::ops::ControlFlow,::std::cmp::PartialEq,59837,4,2
83,::std::ops,44,::std::ops::ControlFlow,::std::cmp::Eq,68,0,0
83,::std::ops,45,::std::ops::ControlFlow,::std::clone::Clone,952,2,1
83,::std::ops,46,::std::ops::Function,::std::clone::Clone,921,2,1
84,::std::iter,0,::std::iter::Rev,::std::iter::Iterator,43703,66,34
84,::std::iter,1,::std::iter::Rev,::std::iter::DoubleEndedIterator,3177,7,4
84,::std::iter,2,::std::iter::Rev,::std::iter::ExactSizeIterator,839,2,1
84,::std::iter,3,::std::iter::Chain,::std::iter::Iterator,29992,66,34
84,::std::iter,4,::std::iter::Chain,::std::iter::DoubleEndedIterator,2842,7,4
84,::std::iter,5,::std::iter::Chain,::std::iter::ExactSizeIterator,815,2,1
84,::std::iter,6,::std::iter::Enumerate,::std::iter::Iterator,41997,66,34
84,::std::iter,7,::std::iter::Enumerate,::std::iter::DoubleEndedIterator,2659,7,4
84,::std::iter,8,::std::iter::Enumerate,::std::iter::ExactSizeIterator,865,2,1
84,::std::iter,9,::std::iter::Filter,::std::iter::Iterator,29836,66,34
84,::std::iter,10,::std::iter::Filter,::std::iter::DoubleEndedIterator,2851,7,4
84,::std::iter,11,::std::iter::Map,::std::iter::Iterator,33706,66,34
84,::std::iter,12,::std::iter::Map,::std::iter::DoubleEndedIterator,2675,7,4
84,::std::iter,13,::std::iter::Map,::std::iter::ExactSizeIterator,1674,2,1
84,::std::iter,14,::std::iter::FilterMap,::std::iter::Iterator,40730,67,35
84,::std::iter,15,::std::iter::FilterMap,::std::iter::DoubleEndedIterator,3440,7,4
84,::std::iter,16,::std::iter::FlatMap,::std::iter::Iterator,25969,66,34
84,::std::iter,17,::std::iter::FlatMap,::std::iter::DoubleEndedIterator,11912,7,4
84,::std::iter,18,::std::iter::Peekable,::std::iter::Iterator,30283,66,34
84,::std::iter,19,::std::iter::Peekable,::std::iter::DoubleEndedIterator,2677,7,4
84,::std::iter,20,::std::iter::Peekable,::std::iter::ExactSizeIterator,775,2,1
84,::std::iter,21,::std::iter::Skip,::std::iter::Iterator,26247,66,34
84,::std::iter,22,::std::iter::Skip,::std::iter::DoubleEndedIterator,3749,7,4
84,::std::iter,23,::std::iter::Skip,::std::iter::ExactSizeIterator,973,2,1
84,::std::iter,24,::std::iter::Take,::std::iter::Iterator,34007,66,34
84,::std::iter,25,::std::iter::Take,::std::iter::DoubleEndedIterator,2632,7,4
84,::std::iter,26,::std::iter::Take,::std::iter::ExactSizeIterator,760,2,1
84,::std::iter,27,::std::iter::Empty,::std::iter::Iterator,42167,66,34
84,::std::iter,28,::std::iter::Empty,::std::iter::DoubleEndedIterator,2513,7,4
84,::std::iter,29,::std::iter::Once,::std::iter::Iterator,40316,66,34
84,::std::iter,30,::std::iter::Once,::std::iter::DoubleEndedIterator,2476,7,4
84,::std::ops,0,::std::ops::RangeFrom,::std::cmp::PartialEq,1980,4,2
84,::std::ops,1,::std::ops::RangeFrom,::std::cmp::Eq,76,0,0
84,::std::ops,2,::std::ops::RangeFrom,::std::cmp::PartialOrd,5665,14,9
84,::std::ops,3,::std::ops::RangeFrom,::std::cmp::Ord,3000,8,5
84,::std::ops,4,::std::ops::RangeFromIter,::std::iter::Iterator,68842,66,34
84,::std::ops,5,::std::ops::RangeFromIter,::std::iter::Iterator,29407,66,34
84,::std::ops,6,::std::ops::RangeFromIter,::std::iter::Iterator,27553,66,34
84,::std::ops,7,::std::ops::RangeFull,::std::cmp::PartialEq,1913,4,2
84,::std::ops,8,::std::ops::RangeFull,::std::cmp::Eq,85,0,0
84,::std::ops,9,::std::ops::RangeFull,::std::cmp::PartialOrd,4882,14,9
84,::std::ops,10,::std::ops::RangeFull,::std::cmp::Ord,2677,8,5
84,::std::ops,11,::std::ops::RangeInclusive,::std::cmp::PartialEq,1743,4,2
84,::std::ops,12,::std::ops::RangeInclusive,::std::cmp::Eq,52,0,0
84,::std::ops,13,::std::ops::RangeInclusive,::std::cmp::PartialOrd,5222,14,9
84,::std::ops,14,::std::ops::RangeInclusive,::std::cmp::Ord,2720,8,5
84,::std::ops,15,::std::ops::RangeInclusiveIter,::std::iter::Iterator,26646,66,34
84,::std::ops,16,::std::ops::RangeInclusiveIter,::std::iter::Iterator,25606,66,34
84,::std::ops,17,::std::ops::RangeInclusiveIter,::std::iter::Iterator,25557,66,34
84,::std::ops,18,::std::ops::RangeInclusiveIter,::std::iter::DoubleEndedIterator,3556,7,4
84,::std::ops,19,::std::ops::RangeInclusiveIter,::std::iter::ExactSizeIterator,829,2,1
84,::std::ops,20,::std::ops::RangeInclusiveIter,::std::iter::DoubleEndedIterator,2607,7,4
84,::std::ops,21,::std::ops::RangeInclusiveIter,::std::iter::ExactSizeIterator,803,2,1
84,::std::ops,22,::std::ops::RangeInclusiveIter,::std::iter::DoubleEndedIterator,2487,7,4
84,::std::ops,23,::std::ops::RangeToInclusive,::std::cmp::PartialEq,1644,4,2
84,::std::ops,24,::std::ops::RangeToInclusive,::std::cmp::Eq,51,0,0
84,::std::ops,25,::std::ops::RangeToInclusive,::std::cmp::PartialOrd,4429,14,9
84,::std::ops,26,::std::ops::RangeToInclusive,::std::cmp::Ord,2683,8,5
84,::std::ops,27,::std::ops::RangeTo,::std::cmp::PartialEq,1859,4,2
84,::std::ops,28,::std::ops::RangeTo,::std::cmp::Eq,70,0,0
84,::std::ops,29,::std::ops::RangeTo,::std::cmp::PartialOrd,4872,14,9
84,::std::ops,30,::std::ops::RangeTo,::std::cmp::Ord,67955,8,5
84,::std::ops,31,::std::ops::Range,::std::cmp::PartialEq,1723,4,2
84,::std::ops,32,::std::ops::Range,::std::cmp::Eq,66,0,0
84,::std::ops,33,::std::ops::Range,::std::cmp::PartialOrd,5439,14,9
84,::std::ops,34,::std::ops::Range,::std::cmp::Ord,3525,8,5
84,::std::ops,35,::std::ops::RangeIter,::std::iter::Iterator,32560,66,34
84,::std::ops,36,::std::ops::RangeIter,::std::iter::Iterator,28571,66,34
84,::std::ops,37,::std::ops::RangeIter,::std::iter::Iterator,28303,66,34
84,::std::ops,38,::std::ops::RangeIter,::std::iter::DoubleEndedIterator,3295,7,4
84,::std::ops,39,::std::ops::RangeIter,::std::iter::ExactSizeIterator,963,2,1
84,::std::ops,40,::std::ops::RangeIter,::std::iter::DoubleEndedIterator,2537,7,4
84,::std::ops,41,::std::ops::RangeIter,::std::iter::ExactSizeIterator,818,2,1
84,::std::ops,42,::std::ops::RangeIter,::std::iter::DoubleEndedIterator,2593,7,4
84,::std::ops,43,::std::ops::ControlFlow,::std::cmp::PartialEq,57875,4,2
84,::std::ops,44,::std::ops::ControlFlow,::std::cmp::Eq,69,0,0
84,::std::ops,45,::std::ops::ControlFlow,::std::clone::Clone,981,2,1
84,::std::ops,46,::std::ops::Function,::std::clone::Clone,907,2,1
85,::std::iter,0,::std::iter::Rev,::std::iter::Iterator,43814,66,34
85,::std::iter,1,::std::iter::Rev,::std::iter::DoubleEndedIterator,3304,7,4
85,::std::iter,2,::std::iter::Rev,::std::iter::ExactSizeIterator,813,2,1
85,::std::iter,3,::std::iter::Chain,::std::iter::Iterator,30457,66,34
85,::std::iter,4,::std::iter::Chain,::std::iter::DoubleEndedIterator,2844,7,4
85,::std::iter,5,::std::iter::Chain,::std::iter::ExactSizeIterator,769,2,1
85,::std::iter,6,::std::iter::Enumerate,::std::iter::Iterator,40920,66,34
85,::std::iter,7,::std::iter::Enumerate,::std::iter::DoubleEndedIterator,2711,7,4
85,::std::iter,8,::std::iter::Enumerate,::std::iter::ExactSizeIterator,820,2,1
85,::std::iter,9,::std::iter::Filter,::std::iter::Iterator,31433,66,34
85,::std::iter,10,::std::iter::Filter,::std::iter::DoubleEndedIterator,2740,7,4
85,::std::iter,11,::std::iter::Map,::std::iter::Iterator,33304,66,34
85,::std::iter,12,::std::iter::Map,::std::iter::DoubleEndedIterator,2685,7,4
85,::std::iter,13,::std::iter::Map,::std::iter::ExactSizeIterator,1613,2,1
85,::std::iter,14,::std::iter::FilterMap,::std::iter::Iterator,40242,67,35
85,::std::iter,15,::std::iter::FilterMap,::std::iter::DoubleEndedIterator,3363,7,4
85,::std::iter,16,::std::iter::FlatMap,::std::iter::Iterator,25705,66,34
85,::std::iter,17,::std::iter::FlatMap,::std::iter::DoubleEndedIterator,10325,7,4
85,::std::iter,18,::std::iter::Peekable,::std::iter::Iterator,25652,66,34
85,::std::iter,19,::std::iter::Peekable,::std::iter::DoubleEndedIterator,2656,7,4
85,::std::iter,20,::std::iter::Peekable,::std::iter::ExactSizeIterator,775,2,1
85,::std::iter,21,::std::iter::Skip,::std::iter::Iterator,27525,66,34
85,::std::iter,22,::std::iter::Skip,::std::iter::DoubleEndedIterator,3747,7,4
85,::std::iter,23,::std::iter::Skip,::std::iter::ExactSizeIterator,987,2,1
85,::std::iter,24,::std::iter::Take,::std::iter::Iterator,34102,66,34
85,::std::iter,25,::std::iter::Take,::std::iter::DoubleEndedIterator,2493,7,4
85,::std::iter,26,::std::iter::Take,::std::iter::ExactSizeIterator,730,2,1
85,::std::iter,27,::std::iter::Empty,::std::iter::Iterator,44937,66,34
85,::std::iter,28,::std::iter::Empty,::std::iter::DoubleEndedIterator,2456,7,4
85,::std::iter,29,::std::iter::Once,::std::iter::Iterator,41997,66,34
85,::std::iter,30,::std::iter::Once,::std::iter::DoubleEndedIterator,2427,7,4
85,::std::ops,0,::std::ops::RangeFrom,::std::cmp::PartialEq,2002,4,2
85,::std::ops,1,::std::ops::RangeFrom,::std::cmp::Eq,78,0,0
85,::std::ops,2,::std::ops::RangeFrom,::std::cmp::PartialOrd,5416,14,9
85,::std::ops,3,::std::ops::RangeFrom,::std::cmp::Ord,3173,8,5
85,::std::ops,4,::std::ops::RangeFromIter,::std::iter::Iterator,70012,66,34
85,::std::ops,5,::std::ops::RangeFromIter,::std::iter::Iterator,27926,66,34
85,::std::ops,6,::std::ops::RangeFromIter,::std::iter::Iterator,27770,66,34
85,::std::ops,7,::std::ops::RangeFull,::std::cmp::PartialEq,1870,4,2
85,::std::ops,8,::std::ops::RangeFull,::std::cmp::Eq,73,0,0
85,::std::ops,9,::std::ops::RangeFull,::std::cmp::PartialOrd,5036,14,9
85,::std::ops,10,::std::ops::RangeFull,::std::cmp::Ord,2729,8,5
85,::std::ops,11,::std::ops::RangeInclusive,::std::cmp::PartialEq,1778,4,2
85,::std::ops,12,::std::ops::RangeInclusive,::std::cmp::Eq,53,0,0
85,::std::ops,13,::std::ops::RangeInclusive,::std::cmp::PartialOrd,5281,14,9
85,::std::ops,14,::std::ops::RangeInclusive,::std::cmp::Ord,2802,8,5
85,::std::ops,15,::std::ops::RangeInclusiveIter,::std::iter::Iterator,26688,66,34
85,::std::ops,16,::std::ops::RangeInclusiveIter,::std::iter::Iterator,26445,66,34
85,::std::ops,17,::std::ops::RangeInclusiveIter,::std::iter::Iterator,25388,66,34
85,::std::ops,18,::std::ops::RangeInclusiveIter,::std::iter::DoubleEndedIterator,3522,7,4
85,::std::ops,19,::std::ops::RangeInclusiveIter,::std::iter::ExactSizeIterator,871,2,1
85,::std::ops,20,::std::ops::RangeInclusiveIter,::std::iter::DoubleEndedIterator,2598,7,4
85,::std::ops,21,::std::ops::RangeInclusiveIter,::std::iter::ExactSizeIterator,752,2,1
85,::std::ops,22,::std::ops::RangeInclusiveIter,::std::iter::DoubleEndedIterator,2505,7,4
85,::std::ops,23,::std::ops::RangeToInclusive,::std::cmp::PartialEq,1733,4,2
85,::std::ops,24,::std::ops::RangeToInclusive,::std::cmp::Eq,47,0,0
85,::std::ops,25,::std::ops::RangeToInclusive,::std::cmp::PartialOrd,4346,14,9
85,::std::ops,26,::std::ops::RangeToInclusive,::std::cmp::Ord,2636,8,5
85,::std::ops,27,::std::ops::RangeTo,::std::cmp::PartialEq,1892,4,2
85,::std::ops,28,::std::ops::RangeTo,::std::cmp::Eq,74,0,0
85,::std::ops,29,::std::ops::RangeTo,::std::cmp::PartialOrd,5011,14,9
85,::std::ops,30,::std::ops::RangeTo,::std::cmp::Ord,66275,8,5
85,::std::ops,31,::std::ops::Range,::std::cmp::PartialEq,1870,4,2
85,::std::ops,32,::std::ops::Range,::std::cmp::Eq,58,0,0
85,::std::ops,33,::std::ops::Range,::std::cmp::PartialOrd,5439,14,9
85,::std::ops,34,::std::ops::Range,::std::cmp::Ord,3293,8,5
85,::std::ops,35,::std::ops::RangeIter,::std::iter::Iterator,31271,66,34
85,::std::ops,36,::std::ops::RangeIter,::std::iter::Iterator,29164,66,34
85,::std::ops,37,::std::ops::RangeIter,::std::iter::Iterator,30557,66,34
85,::std::ops,38,::std::ops::RangeIter,::std::iter::DoubleEndedIterator,3314,7,4
85,::std::ops,39,::std::ops::RangeIter,::std::iter::ExactSizeIterator,972,2,1
85,::std::ops,40,::std::ops::RangeIter,::std::iter::DoubleEndedIterator,2658,7,4
85,::std::ops,41,::std::ops::RangeIter,::std::iter::ExactSizeIterator,782,2,1
85,::std::ops,42,::std::ops::RangeIter,::std::iter::DoubleEndedIterator,2466,7,4
85,::std::ops,43,::std::ops::ControlFlow,::std::cmp::PartialEq,57833,4,2
85,::std::ops,44,::std::ops::ControlFlow,::std::cmp::Eq,63,0,0
85,::std::ops,45,::std::ops::ControlFlow,::std::clone::Clone,965,2,1
85,::std::ops,46,::std::ops::Function,::std::clone::Clone,1008,2,1
86,::std::iter,0,::std::iter::Rev,::std::iter::Iterator,44762,66,34
86,::std::iter,1,::std::iter::Rev,::std::iter::DoubleEndedIterator,3418,7,4
86,::std::iter,2,::std::iter::Rev,::std::iter::ExactSizeIterator,848,2,1
86,::std::iter,3,::std::iter::Chain,::std::iter::Iterator,30131,66,34
86,::std::iter,4,::std::iter::Chain,::std::iter::DoubleEndedIterator,2937,7,4
86,::std::iter,5,::std::iter::Chain,::std::iter::ExactSizeIterator,832,2,1
86,::std::iter,6,::std::iter::Enumerate,::std::iter::Iterator,41178,66,34
86,::std::iter,7,::std::iter::Enumerate,::std::iter::DoubleEndedIterator,2868,7,4
86,::std::iter,8,::std::iter::Enumerate,::std::iter::ExactSizeIterator,875,2,1
86,::std::iter,9,::std::iter::Filter,::std::iter::Iterator,29722,66,34
86,::std::iter,10,::std::iter::Filter,::std::iter::DoubleEndedIterator,2828,7,4
86,::std::iter,11,::std::iter::Map,::std::iter::Iterator,35212,66,34
86,::std::iter,12,::std::iter::Map,::std::iter::DoubleEndedIterator,2712,7,4
86,::std::iter,13,::std::iter::Map,::std::iter::ExactSizeIterator,1697,2,1
86,::std::iter,14,::std::iter::FilterMap,::std::iter::Iterator,41380,67,35
86,::std::iter,15,::std::iter::FilterMap,::std::iter::DoubleEndedIterator,3360,7,4
86,::std::iter,16,::std::iter::FlatMap,::std::iter::Iterator,25847,66,34
86,::std::iter,17,::std::iter::FlatMap,::std::iter::DoubleEndedIterator,10277,7,4
86,::std::iter,18,::std::iter::Peekable,::std::iter::Iterator,30861,66,34
86,::std::iter,19,::std::iter::Peekable,::std::iter::DoubleEndedIterator,2721,7,4
86,::std::iter,20,::std::iter::Peekable,::std::iter::ExactSizeIterator,868,2,1
86,::std::iter,21,::std::iter::Skip,::std::iter::Iterator,26092,66,34
86,::std::iter,22,::std::iter::Skip,::std::iter::DoubleEndedIterator,3875,7,4
86,::std::iter,23,::std::iter::Skip,::std::iter::ExactSizeIterator,1030,2,1
86,::std::iter,24,::std::iter::Take,::std::iter::Iterator,35370,66,34
86,::std::iter,25,::std::iter::Take,::std::iter::DoubleEndedIterator,2557,7,4
86,::std::iter,26,::std::iter::Take,::std::iter::ExactSizeIterator,750,2,1
86,::std::iter,27,::std::iter::Empty,::std::iter::Iterator,40470,66,34
86,::std::iter,28,::std::iter::Empty,::std::iter::DoubleEndedIterator,2422,7,4
86,::std::iter,29,::std::iter::Once,::std::iter::Iterator,42067,66,34
86,::std::iter,30,::std::iter::Once,::std::iter::DoubleEndedIterator,2415,7,4
86,::std::ops,0,::std::ops::RangeFrom,::std::cmp::PartialEq,2001,4,2
86,::std::ops,1,::std::ops::RangeFrom,::std::cmp::Eq,95,0,0
86,::std::ops,2,::std::ops::RangeFrom,::std::cmp::PartialOrd,5399,14,9
86,::std::ops,3,::std::ops::RangeFrom,::std::cmp::Ord,2981,8,5
86,::std::ops,4,::std::ops::RangeFromIter,::std::iter::Iterator,68496,66,34
86,::std::ops,5,::std::ops::RangeFromIter,::std::iter::Iterator,27758,66,34
86,::std::ops,6,::std::ops::RangeFromIter,::std::iter::Iterator,27098,66,34
86,::std::ops,7,::std::ops::RangeFull,::std::cmp::PartialEq,1853,4,2
86,::std::ops,8,::std::ops::RangeFull,::std::cmp::Eq,70,0,0
86,::std::ops,9,::std::ops::RangeFull,::std::cmp::PartialOrd,4861,14,9
86,::std::ops,10,::std::ops::RangeFull,::std::cmp::Ord,2676,8,5
86,::std::ops,11,::std::ops::RangeInclusive,::std::cmp::PartialEq,1810,4,2
86,::std::ops,12,::std::ops::RangeInclusive,::std::cmp::Eq,50,0,0
86,::std::ops,13,::std::ops::RangeInclusive,::std::cmp::PartialOrd,5310,14,9
86,::std::ops,14,::std::ops::RangeInclusive,::std::cmp::Ord,2886,8,5
86,::std::ops,15,::std::ops::RangeInclusiveIter,::std::iter::Iterator,26233,66,34
86,::std::ops,16,::std::ops::RangeInclusiveIter,::std::iter::Iterator,26313,66,34
86,::std::ops,17,::std::ops::RangeInclusiveIter,::std::iter::Iterator,26074,66,34
86,::std::ops,18,::std::ops::RangeInclusiveIter,::std::iter::DoubleEndedIterator,3593,7,4
86,::std::ops,19,::std::ops::RangeInclusiveIter,::std::iter::ExactSizeIterator,864,2,1
86,::std::ops,20,::std::ops::RangeInclusiveIter,::std::iter::DoubleEndedIterator,2631,7,4
86,::std::ops,21,::std::ops::RangeInclusiveIter,::std::iter::ExactSizeIterator,792,2,1
86,::std::ops,22,::std::ops::RangeInclusiveIter,::std::iter::DoubleEndedIterator,2445,7,4
86,::std::ops,23,::std::ops::RangeToInclusive,::std::cmp::PartialEq,1665,4,2
86,::std::ops,24,::std::ops::RangeToInclusive,::std::cmp::Eq,72,0,0
86,::std::ops,25,::std::ops::RangeToInclusive,::std::cmp::PartialOrd,4368,14,9
86,::std::ops,26,::std::ops::RangeToInclusive,::std::cmp::Ord,2730,8,5
86,::std::ops,27,::std::ops::RangeTo,::std::cmp::PartialEq,1817,4,2
86,::std::ops,28,::std::ops::RangeTo,::std::cmp::Eq,72,0,0
86,::std::ops,29,::std::ops::RangeTo,::std::cmp::PartialOrd,4969,14,9
86,::std::ops,30,::std::ops::RangeTo,::std::cmp::Ord,68950,8,5
86,::std::ops,31,::std::ops::Range,::std::cmp::PartialEq,1759,4,2
86,::std::ops,32,::std::ops::Range,::std::cmp::Eq,55,0,0
86,::std::ops,33,::std::ops::Range,::std::cmp::PartialOrd,5522,14,9
86,::std::ops,34,::std::ops::Range,::std::cmp::Ord,3467,8,5
86,::std::ops,35,::std::ops::RangeIter,::std::iter::Iterator,30608,66,34
86,::std::ops,36,::std::ops::RangeIter,::std::iter::Iterator,28415,66,34
86,::std::ops,37,::std::ops::RangeIter,::std::iter::Iterator,28004,66,34
86,::std::ops,38,::std::ops::RangeIter,::std::iter::DoubleEndedIterator,3261,7,4
86,::std::ops,39,::std::ops::RangeIter,::std::iter::ExactSizeIterator,970,2,1
86,::std::ops,40,::std::ops::RangeIter,::std::iter::DoubleEndedIterator,2497,7,4
86,::std::ops,41,::std::ops::RangeIter,::std::iter::ExactSizeIterator,789,2,1
86,::std::ops,42,::std::ops::RangeIter,::std::iter::DoubleEndedIterator,2540,7,4
86,::std::ops,43,::std::ops::ControlFlow,::std::cmp::PartialEq,59241,4,2
86,::std::ops,44,::std::ops::ControlFlow,::std::cmp::Eq,59,0,0
86,::std::ops,45,::std::ops::ControlFlow,::std::clone::Clone,1012,2,1
86,::std::ops,46,::std::ops::Function,::std::clone::Clone,914,2,1
87,::std::iter,0,::std::iter::Rev,::std::iter::Iterator,43278,66,34
87,::std::iter,1,::std::iter::Rev,::std::iter::DoubleEndedIterator,3378,7,4
87,::std::iter,2,::std::iter::Rev,::std::iter::ExactSizeIterator,888,2,1
87,::std::iter,3,::std::iter::Chain,::std::iter::Iterator,31968,66,34
87,::std::iter,4,::std::iter::Chain,::std::iter::DoubleEndedIterator,3052,7,4
87,::std::iter,5,::std::iter::Chain,::std::iter::ExactSizeIterator,945,2,1
87,::std::iter,6,::std::iter::Enumerate,::std::iter::Iterator,40965,66,34
87,::std::iter,7,::std::iter::Enumerate,::std::iter::DoubleEndedIterator,2796,7,4
87,::std::iter,8,::std::iter::Enumerate,::std::iter::ExactSizeIterator,821,2,1
87,::std::iter,9,::std::iter::Filter,::std::iter::Iterator,29751,66,34
87,::std::iter,10,::std::iter::Filter,::std::iter::DoubleEndedIterator,2763,7,4
87,::std::iter,11,::std::iter::Map,::std::iter::Iterator,33503,66,34
87,::std::iter,12,::std::iter::Map,::std::iter::DoubleEndedIterator,2703,7,4
87,::std::iter,13,::std::iter::Map,::std::iter::ExactSizeIterator,1611,2,1
87,::std::iter,14,::std::iter::FilterMap,::std::iter::Iterator,42235,67,35
87,::std::iter,15,::std::iter::FilterMap,::std::iter::DoubleEndedIterator,3338,7,4
87,::std::iter,16,::std::iter::FlatMap,::std::iter::Iterator,26241,66,34
87,::std::iter,17,::std::iter::FlatMap,::std::iter::DoubleEndedIterator,10464,7,4
87,::std::iter,18,::std::iter::Peekable,::std::iter::Iterator,25742,66,34
87,::std::iter,19,::std::iter::Peekable,::std::iter::DoubleEndedIterator,2685,7,4
87,::std::iter,20,::std::iter::Peekable,::std::iter::ExactSizeIterator,813,2,1
87,::std::iter,21,::std::iter::Skip,::std::iter::Iterator,26495,66,34
87,::std::iter,22,::std::iter::Skip,::std::iter::DoubleEndedIterator,3742,7,4
87,::std::iter,23,::std::iter::Skip,::std::iter::ExactSizeIterator,998,2,1
87,::std::iter,24,::std::iter::Take,::std::iter::Iterator,34016,66,34
87,::std::iter,25,::std::iter::Take,::std::iter::DoubleEndedIterator,2595,7,4
87,::std::iter,26,::std::iter::Take,::std::iter::ExactSizeIterator,739,2,1
87,::std::iter,27,::std::iter::Empty,::std::iter::Iterator,46520,66,34
87,::std::iter,28,::std::iter::Empty,::std::iter::DoubleEndedIterator,2432,7,4
87,::std::iter,29,::std::iter::Once,::std::iter::Iterator,45602,66,34
87,::std::iter,30,::std::iter::Once,::std::iter::DoubleEndedIterator,2430,7,4
87,::std::ops,0,::std::ops::RangeFrom,::std::cmp::PartialEq,1963,4,2
87,::std::ops,1,::std::ops::RangeFrom,::std::cmp::Eq,76,0,0
87,::std::ops,2,::std::ops::RangeFrom,::std::cmp::PartialOrd,5436,14,9
87,::std::ops,3,::std::ops::RangeFrom,::std::cmp::Ord,2928,8,5
87,::std::ops,4,::std::ops::RangeFromIter,::std::iter::Iterator,68804,66,34
87,::std::ops,5,::std::ops::RangeFromIter,::std::iter::Iterator,28008,66,34
87,::std::ops,6,::std::ops::RangeFromIter,::std::iter::Iterator,27256,66,34
87,::std::ops,7,::std::ops::RangeFull,::std::cmp::PartialEq,1808,4,2
87,::std::ops,8,::std::ops::RangeFull,::std::cmp::Eq,53,0,0
87,::std::ops,9,::std::ops::RangeFull,::std::cmp::PartialOrd,4791,14,9
87,::std::ops,10,::std::ops::RangeFull,::std::cmp::Ord,2716,8,5
87,::std::ops,11,::std::ops::RangeInclusive,::std::cmp::PartialEq,1784,4,2
87,::std::ops,12,::std::ops::RangeInclusive,::std::cmp::Eq,59,0,0
87,::std::ops,13,::std::ops::RangeInclusive,::std::cmp::PartialOrd,5189,14,9
87,::std::ops,14,::std::ops::RangeInclusive,::std::cmp::Ord,2739,8,5
87,::std::ops,15,::std::ops::RangeInclusiveIter,::std::iter::Iterator,26276,66,34
87,::std::ops,16,::std::ops::RangeInclusiveIter,::std::iter::Iterator,25861,66,34
87,::std::ops,17,::std::ops::RangeInclusiveIter,::std::iter::Iterator,25249,66,34
87,::std::ops,18,::std::ops::RangeInclusiveIter,::std::iter::DoubleEndedIterator,3463,7,4
87,::std::ops,19,::std::ops::RangeInclusiveIter,::std::iter::ExactSizeIterator,829,2,1
87,::std::ops,20,::std::ops::RangeInclusiveIter,::std::iter::DoubleEndedIterator,2674,7,4
87,::std::ops,21,::std::ops::RangeInclusiveIter,::std::iter::ExactSizeIterator,786,2,1
87,::std::ops,22,::std::ops::RangeInclusiveIter,::std::iter::DoubleEndedIterator,2589,7,4
87,::std::ops,23,::std::ops::RangeToInclusive,::std::cmp::PartialEq,1853,4,2
87,::std::ops,24,::std::ops::RangeToInclusive,::std::cmp::Eq,48,0,0
87,::std::ops,25,::std::ops::RangeToInclusive,::std::cmp::PartialOrd,4458,14,9
87,::std::ops,26,::std::ops::RangeToInclusive,::std::cmp::Ord,2698,8,5
87,::std::ops,27,::std::ops::RangeTo,::std::cmp::PartialEq,1878,4,2
87,::std::ops,28,::std::ops::RangeTo,::std::cmp::Eq,73,0,0
87,::std::ops,29,::std::ops::RangeTo,::std::cmp::PartialOrd,4983,14,9
87,::std::ops,30,::std::ops::RangeTo,::std::cmp::Ord,70971,8,5
87,::std::ops,31,::std::ops::Range,::std::cmp::PartialEq,1859,4,2
87,::std::ops,32,::std::ops::Range,::std::cmp::Eq,59,0,0
87,::std::ops,33,::std::ops::Range,::std::cmp::PartialOrd,5394,14,9
87,::std::ops,34,::std::ops::Range,::std::cmp::Ord,3414,8,5
87,::std::ops,35,::std::ops::RangeIter,::std::iter::Iterator,31033,66,34
87,::std::ops,36,::std::ops::RangeIter,::std::iter::Iterator,28655,66,34
87,::std::ops,37,::std::ops::RangeIter,::std::iter::Iterator,28793,66,34
87,::std::ops,38,::std::ops::RangeIter,::std::iter::DoubleEndedIterator,3401,7,4
87,::std::ops,39,::std::ops::RangeIter,::std::iter::ExactSizeIterator,962,2,1
87,::std::ops,40,::std::ops::RangeIter,::std::iter::DoubleEndedIterator,2563,7,4
87,::std::ops,41,::std::ops::RangeIter,::std::iter::ExactSizeIterator,764,2,1
87,::std::ops,42,::std::ops::RangeIter,::std::iter::DoubleEndedIterator,2478,7,4
87,::std::ops,43,::std::ops::ControlFlow,::std::cmp::PartialEq,59524,4,2
87,::std::ops,44,::std::ops::ControlFlow,::std::cmp::Eq,61,0,0
87,::std::ops,45,::std::ops::ControlFlow,::std::clone::Clone,983,2,1
87,::std::ops,46,::std::ops::Function,::std::clone::Clone,955,2,1
88,::std::iter,0,::std::iter::Rev,::std::iter::Iterator,43960,66,34
88,::std::iter,1,::std::iter::Rev,::std::iter::DoubleEndedIterator,3171,7,4
88,::std::iter,2,::std::iter::Rev,::std::iter::ExactSizeIterator,894,2,1
88,::std::iter,3,::std::iter::Chain,::std::iter::Iterator,34625,66,34
88,::std::iter,4,::std::iter::Chain,::std::iter::DoubleEndedIterator,2850,7,4
88,::std::iter,5,::std::iter::Chain,::std::iter::ExactSizeIterator,780,2,1
88,::std::iter,6,::std::iter::Enumerate,::std::iter::Iterator,41871,66,34
88,::std::iter,7,::std::iter::Enumerate,::std::iter::DoubleEndedIterator,2747,7,4
88,::std::iter,8,::std::iter::Enumerate,::std::iter::ExactSizeIterator,828,2,1
88,::std::iter,9,::std::iter::Filter,::std::iter::Iterator,29713,66,34
88,::std::iter,10,::std::iter::Filter,::std::iter::DoubleEndedIterator,2786,7,4
88,::std::iter,11,::std::iter::Map,::std::iter::Iterator,32770,66,34
88,::std::iter,12,::std::iter::Map,::std::iter::DoubleEndedIterator,2745,7,4
88,::std::iter,13,::std::iter::Map,::std::iter::ExactSizeIterator,1629,2,1
88,::std::iter,14,::std::iter::FilterMap,::std::iter::Iterator,41861,67,35
88,::std::iter,15,::std::iter::FilterMap,::std::iter::DoubleEndedIterator,3312,7,4
88,::std::iter,16,::std::iter::FlatMap,::std::iter::Iterator,25963,66,34
88,::std::iter,17,::std::iter::FlatMap,::std::iter::DoubleEndedIterator,10321,7,4
88,::std::iter,18,::std::iter::Peekable,::std::iter::Iterator,25601,66,34
88,::std::iter,19,::std::iter::Peekable,::std::iter::DoubleEndedIterator,2623,7,4
88,::std::iter,20,::std::iter::Peekable,::std::iter::ExactSizeIterator,799,2,1
88,::std::iter,21,::std::iter::Skip,::std::iter::Iterator,25762,66,34
88,::std::iter,22,::std::iter::Skip,::std::iter::DoubleEndedIterator,3675,7,4
88,::std::iter,23,::std::iter::Skip,::std::iter::ExactSizeIterator,959,2,1
88,::std::iter,24,::std::iter::Take,::std::iter::Iterator,33838,66,34
88,::std::iter,25,::std::iter::Take,::std::iter::DoubleEndedIterator,2552,7,4
88,::std::iter,26,::std::iter::Take,::std::iter::ExactSizeIterator,727,2,1
88,::std::iter,27,::std::iter::Empty,::std::iter::Iterator,50270,66,34
88,::std::iter,28,::std::iter::Empty,::std::iter::DoubleEndedIterator,2459,7,4
88,::std::iter,29,::std::iter::Once,::std::iter::Iterator,40451,66,34
88,::std::iter,30,::std::iter::Once,::std::iter::DoubleEndedIterator,2363,7,4
88,::std::ops,0,::std::ops::RangeFrom,::std::cmp::PartialEq,1997,4,2
88,::std::ops,1,::std::ops::RangeFrom,::std::cmp::Eq,87,0,0
88,::std::ops,2,::std::ops::RangeFrom,::std::cmp::PartialOrd,5604,14,9
88,::std::ops,3,::std::ops::RangeFrom,::std::cmp::Ord,2849,8,5
88,::std::ops,4,::std::ops::RangeFromIter,::std::iter::Iterator,70643,66,34
88,::std::ops,5,::std::ops::RangeFromIter,::std::iter::Iterator,27487,66,34
88,::std::ops,6,::std::ops::RangeFromIter,::std::iter::Iterator,27196,66,34
88,::std::ops,7,::std::ops::RangeFull,::std::cmp::PartialEq,1862,4,2
88,::std::ops,8,::std::ops::RangeFull,::std::cmp::Eq,76,0,0
88,::std::ops,9,::std::ops::RangeFull,::std::cmp::PartialOrd,4887,14,9
88,::std::ops,10,::std::ops::RangeFull,::std::cmp::Ord,2625,8,5
88,::std::ops,11,::std::ops::RangeInclusive,::std::cmp::PartialEq,1827,4,2
88,::std::ops,12,::std::ops::RangeInclusive,::std::cmp::Eq,65,0,0
88,::std::ops,13,::std::ops::RangeInclusive,::std::cmp::PartialOrd,5323,14,9
88,::std::ops,14,::std::ops::RangeInclusive,::std::cmp::Ord,2891,8,5
88,::std::ops,15,::std::ops::RangeInclusiveIter,::std::iter::Iterator,26710,66,34
88,::std::ops,16,::std::ops::RangeInclusiveIter,::std::iter::Iterator,25951,66,34
88,::std::ops,17,::std::ops::RangeInclusiveIter,::std::iter::Iterator,25699,66,34
88,::std::ops,18,::std::ops::RangeInclusiveIter,::std::iter::DoubleEndedIterator,3666,7,4
88,::std::ops,19,::std::ops::RangeInclusiveIter,::std::iter::ExactSizeIterator,856,2,1
88,::std::ops,20,::std::ops::RangeInclusiveIter,::std::iter::DoubleEndedIterator,2513,7,4
88,::std::ops,21,::std::ops::RangeInclusiveIter,::std::iter::ExactSizeIterator,802,2,1
88,::std::ops,22,::std::ops::RangeInclusiveIter,::std::iter::DoubleEndedIterator,2510,7,4
88,::std::ops,23,::std::ops::RangeToInclusive,::std::cmp::PartialEq,1823,4,2
88,::std::ops,24,::std::ops::RangeToInclusive,::std::cmp::Eq,49,0,0
88,::std::ops,25,::std::ops::RangeToInclusive,::std::cmp::PartialOrd,4501,14,9
88,::std::ops,26,::std::ops::RangeToInclusive,::std::cmp::Ord,2624,8,5
88,::std::ops,27,::std::ops::RangeTo,::std::cmp::PartialEq,1973,4,2
88,::std::ops,28,::std::ops::RangeTo,::std::cmp::Eq,76,0,0
88,::std::ops,29,::std::ops::RangeTo,::std::cmp::PartialOrd,4893,14,9
88,::std::ops,30,::std::ops::RangeTo,::std::cmp::Ord,69617,8,5
88,::std::ops,31,::std::ops::Range,::std::cmp::PartialEq,1750,4,2
88,::std::ops,32,::std::ops::Range,::std::cmp::Eq,60,0,0
88,::std::ops,33,::std::ops::Range,::std::cmp::PartialOrd,5548,14,9
88,::std::ops,34,::std::ops::Range,::std::cmp::Ord,3480,8,5
88,::std::ops,35,::std::ops::RangeIter,::std::iter::Iterator,30841,66,34
88,::std::ops,36,::std::ops::RangeIter,::std::iter::Iterator,28661,66,34
88,::std::ops,37,::std::ops::RangeIter,::std::iter::Iterator,28469,66,34
88,::std::ops,38,::std::ops::RangeIter,::std::iter::DoubleEndedIterator,3340,7,4
88,::std::ops,39,::std::ops::RangeIter,::std::iter::ExactSizeIterator,906,2,1
88,::std::ops,40,::std::ops::RangeIter,::std::iter::DoubleEndedIterator,2526,7,4
88,::std::ops,41,::std::ops::RangeIter,::std::iter::ExactSizeIterator,825,2,1
88,::std::ops,42,::std::ops::RangeIter,::std::iter::DoubleEndedIterator,2490,7,4
88,::std::ops,43,::std::ops::ControlFlow,::std::cmp::PartialEq,59676,4,2
88,::std::ops,44,::std::ops::ControlFlow,::std::cmp::Eq,61,0,0
88,::std::ops,45,::std::ops::ControlFlow,::std::clone::Clone,1047,2,1
88,::std::ops,46,::std::ops::Function,::std::clone::Clone,912,2,1
89,::std::iter,0,::std::iter::Rev,::std::iter::Iterator,42880,66,34
89,::std::iter,1,::std::iter::Rev,::std::iter::DoubleEndedIterator,3182,7,4
89,::std::iter,2,::std::iter::Rev,::std::iter::ExactSizeIterator,833,2,1
89,::std::iter,3,::std::iter::Chain,::std::iter::Iterator,29936,66,34
89,::std::iter,4,::std::iter::Chain,::std::iter::DoubleEndedIterator,2892,7,4
89,::std::iter,5,::std::iter::Chain,::std::iter::ExactSizeIterator,834,2,1
89,::std::iter,6,::std::iter::Enumerate,::std::iter::Iterator,42156,66,34
89,::std::iter,7,::std::iter::Enumerate,::std::iter::DoubleEndedIterator,2653,7,4
89,::std::iter,8,::std::iter::Enumerate,::std::iter::ExactSizeIterator,906,2,1
89,::std::iter,9,::std::iter::Filter,::std::iter::Iterator,29941,66,34
89,::std::iter,10,::std::iter::Filter,::std::iter::DoubleEndedIterator,2778,7,4
89,::std::iter,11,::std::iter::Map,::std::iter::Iterator,33550,66,34
89,::std::iter,12,::std::iter::Map,::std::iter::DoubleEndedIterator,2789,7,4
89,::std::iter,13,::std::iter::Map,::std::iter::ExactSizeIterator,1673,2,1
89,::std::iter,14,::std::iter::FilterMap,::std::iter::Iterator,45100,67,35
89,::std::iter,15,::std::iter::FilterMap,::std::iter::DoubleEndedIterator,3362,7,4
89,::std::iter,16,::std::iter::FlatMap,::std::iter::Iterator,32435,66,34
89,::std::iter,17,::std::iter::FlatMap,::std::iter::DoubleEndedIterator,12324,7,4
89,::std::iter,18,::std::iter::Peekable,::std::iter::Iterator,26080,66,34
89,::std::iter,19,::std::iter::Peekable,::std::iter::DoubleEndedIterator,2708,7,4
89,::std::iter,20,::std::iter::Peekable,::std::iter::ExactSizeIterator,832,2,1
89,::std::iter,21,::std::iter::Skip,::std::iter::Iterator,26493,66,34
89,::std::iter,22,::std::iter::Skip,::std::iter::DoubleEndedIterator,3710,7,4
89,::std::iter,23,::std::iter::Skip,::std::iter::ExactSizeIterator,978,2,1
89,::std::iter,24,::std::iter::Take,::std::iter::Iterator,34020,66,34
89,::std::iter,25,::std::iter::Take,::std::iter::DoubleEndedIterator,2517,7,4
89,::std::iter,26,::std::iter::Take,::std::iter::ExactSizeIterator,787,2,1
89,::std::iter,27,::std::iter::Empty,::std::iter::Iterator,42153,66,34
89,::std::iter,28,::std::iter::Empty,::std::iter::DoubleEndedIterator,2583,7,4
89,::std::iter,29,::std::iter::Once,::std::iter::Iterator,40418,66,34
89,::std::iter,30,::std::iter::Once,::std::iter::DoubleEndedIterator,2373,7,4
89,::std::ops,0,::std::ops::RangeFrom,::std::cmp::PartialEq,1939,4,2
89,::std::ops,1,::std::ops::RangeFrom,::std::cmp::Eq,94,0,0
89,::std::ops,2,::std::ops::RangeFrom,::std::cmp::PartialOrd,5632,14,9
89,::std::ops,3,::std::ops::RangeFrom,::std::cmp::Ord,2817,8,5
89,::std::ops,4,::std::ops::RangeFromIter,::std::iter::Iterator,68894,66,34
89,::std::ops,5,::std::ops::RangeFromIter,::std::iter::Iterator,28151,66,34
89,::std::ops,6,::std::ops::RangeFromIter,::std::iter::Iterator,29285,66,34
89,::std::ops,7,::std::ops::RangeFull,::std::cmp::PartialEq,1847,4,2
89,::std::ops,8,::std::ops::RangeFull,::std::cmp::Eq,77,0,0
89,::std::ops,9,::std::ops::RangeFull,::std::cmp::PartialOrd,4980,14,9
89,::std::ops,10,::std::ops::RangeFull,::std::cmp::Ord,2709,8,5
89,::std::ops,11,::std::ops::RangeInclusive,::std::cmp::PartialEq,1836,4,2
89,::std::ops,12,::std::ops::RangeInclusive,::std::cmp::Eq,57,0,0
89,::std::ops,13,::std::ops::RangeInclusive,::std::cmp::PartialOrd,5390,14,9
89,::std::ops,14,::std::ops::RangeInclusive,::std::cmp::Ord,2797,8,5
89,::std::ops,15,::std::ops::RangeInclusiveIter,::std::iter::Iterator,26160,66,34
89,::std::ops,16,::std::ops::RangeInclusiveIter,::std::iter::Iterator,25599,66,34
89,::std::ops,17,::std::ops::RangeInclusiveIter,::std::iter::Iterator,25656,66,34
89,::std::ops,18,::std::ops::RangeInclusiveIter,::std::iter::DoubleEndedIterator,3516,7,4
89,::std::ops,19,::std::ops::RangeInclusiveIter,::std::iter::ExactSizeIterator,837,2,1
89,::std::ops,20,::std::ops::RangeInclusiveIter,::std::iter::DoubleEndedIterator,2655,7,4
89,::std::ops,21,::std::ops::RangeInclusiveIter,::std::iter::ExactSizeIterator,795,2,1
89,::std::ops,22,::std::ops::RangeInclusiveIter,::std::iter::DoubleEndedIterator,2583,7,4
89,::std::ops,23,::std::ops::RangeToInclusive,::std::cmp::PartialEq,1822,4,2
89,::std::ops,24,::std::ops::RangeToInclusive,::std::cmp::Eq,56,0,0
89,::std::ops,25,::std::ops::RangeToInclusive,::std::cmp::PartialOrd,4489,14,9
89,::std::ops,26,::std::ops::RangeToInclusive,::std::cmp::Ord,2722,8,5
89,::std::ops,27,::std::ops::RangeTo,::std::cmp::PartialEq,1877,4,2
89,::std::ops,28,::std::ops::RangeTo,::std::cmp::Eq,70,0,0
89,::std::ops,29,::std::ops::RangeTo,::std::cmp::PartialOrd,4948,14,9
89,::std::ops,30,::std::ops::RangeTo,::std::cmp::Ord,68155,8,5
89,::std::ops,31,::std::ops::Range,::std::cmp::PartialEq,1792,4,2
89,::std::ops,32,::std::ops::Range,::std::cmp::Eq,75,0,0
89,::std::ops,33,::std::ops::Range,::std::cmp::PartialOrd,5489,14,9
89,::std::ops,34,::std::ops::Range,::std::cmp::Ord,3402,8,5
89,::std::ops,35,::std::ops::RangeIter,::std::iter::Iterator,32062,66,34
89,::std::ops,36,::std::ops::RangeIter,::std::iter::Iterator,28471,66,34
89,::std::ops,37,::std::ops::RangeIter,::std::iter::Iterator,28263,66,34
89,::std::ops,38,::std::ops::RangeIter,::std::iter::DoubleEndedIterator,3279,7,4
89,::std::ops,39,::std::ops::RangeIter,::std::iter::ExactSizeIterator,941,2,1
89,::std::ops,40,::std::ops::RangeIter,::std::iter::DoubleEndedIterator,2575,7,4
89,::std::ops,41,::std::ops::RangeIter,::std::iter::ExactSizeIterator,782,2,1
89,::std::ops,42,::std::ops::RangeIter,::std::iter::DoubleEndedIterator,2484,7,4
89,::std::ops,43,::std::ops::ControlFlow,::std::cmp::PartialEq,58453,4,2
89,::std::ops,44,::std::ops::ControlFlow,::std::cmp::Eq,64,0,0
89,::std::ops,45,::std::ops::ControlFlow,::std::clone::Clone,956,2,1
89,::std::ops,46,::std::ops::Function,::std::clone::Clone,888,2,1
90,::std::iter,0,::std::iter::Rev,::std::iter::Iterator,42552,66,34
90,::std::iter,1,::std::iter::Rev,::std::iter::DoubleEndedIterator,3210,7,4
90,::std::iter,2,::std::iter::Rev,::std::iter::ExactSizeIterator,822,2,1
90,::std::iter,3,::std::iter::Chain,::std::iter::Iterator,35727,66,34
90,::std::iter,4,::std::iter::Chain,::std::iter::DoubleEndedIterator,2884,7,4
90,::std::iter,5,::std::iter::Chain,::std::iter::ExactSizeIterator,816,2,1
90,::std::iter,6,::std::iter::Enumerate,::std::iter::Iterator,40912,66,34
90,::std::iter,7,::std::iter::Enumerate,::std::iter::DoubleEndedIterator,2960,7,4
90,::std::iter,8,::std::iter::Enumerate,::std::iter::ExactSizeIterator,920,2,1
90,::std::iter,9,::std::iter::Filter,::std::iter::Iterator,30574,66,34
90,::std::iter,10,::std::iter::Filter,::std::iter::DoubleEndedIterator,3051,7,4
90,::std::iter,11,::std::iter::Map,::std::iter::Iterator,34998,66,34
90,::std::iter,12,::std::iter::Map,::std::iter::DoubleEndedIterator,2753,7,4
90,::std::iter,13,::std::iter::Map,::std::iter::ExactSizeIterator,1679,2,1
90,::std::iter,14,::std::iter::FilterMap,::std::iter::Iterator,41036,67,35
90,::std::iter,15,::std::iter::FilterMap,::std::iter::DoubleEndedIterator,7949,7,4
90,::std::iter,16,::std::iter::FlatMap,::std::iter::Iterator,26032,66,34
90,::std::iter,17,::std::iter::FlatMap,::std::iter::DoubleEndedIterator,10295,7,4
90,::std::iter,18,::std::iter::Peekable,::std::iter::Iterator,25748,66,34
90,::std::iter,19,::std::iter::Peekable,::std::iter::DoubleEndedIterator,2766,7,4
90,::std::iter,20,::std::iter::Peekable,::std::iter::ExactSizeIterator,878,2,1
90,::std::iter,21,::std::iter::Skip,::std::iter::Iterator,26046,66,34
90,::std::iter,22,::std::iter::Skip,::std::iter::DoubleEndedIterator,5355,7,4
90,::std::iter,23,::std::iter::Skip,::std::iter::ExactSizeIterator,986,2,1
90,::std::iter,24,::std::iter::Take,::std::iter::Iterator,33604,66,34
90,::std::iter,25,::std::iter::Take,::std::iter::DoubleEndedIterator,2521,7,4
90,::std::iter,26,::std::iter::Take,::std::iter::ExactSizeIterator,802,2,1
90,::std::iter,27,::std::iter::Empty,::std::iter::Iterator,40228,66,34
90,::std::iter,28,::std::iter::Empty,::std::iter::DoubleEndedIterator,2490,7,4
90,::std::iter,29,::std::iter::Once,::std::iter::Iterator,42484,66,34
90,::std::iter,30,::std::iter::Once,::std::iter::DoubleEndedIterator,2422,7,4
90,::std::ops,0,::std::ops::RangeFrom,::std::cmp::PartialEq,1951,4,2
90,::std::ops,1,::std::ops::RangeFrom,::std::cmp::Eq,71,0,0
90,::std::ops,2,::std::ops::RangeFrom,::std::cmp::PartialOrd,5655,14,9
90,::std::ops,3,::std::ops::RangeFrom,::std::cmp::Ord,2961,8,5
90,::std::ops,4,::std::ops::RangeFromIter,::std::iter::Iterator,68992,66,34
90,::std::ops,5,::std::ops::RangeFromIter,::std::iter::Iterator,27741,66,34
90,::std::ops,6,::std::ops::RangeFromIter,::std::iter::Iterator,27528,66,34
90,::std::ops,7,::std::ops::RangeFull,::std::cmp::PartialEq,1856,4,2
90,::std::ops,8,::std::ops::RangeFull,::std::cmp::Eq,58,0,0
90,::std::ops,9,::std::ops::RangeFull,::std::cmp::PartialOrd,5022,14,9
90,::std::ops,10,::std::ops::RangeFull,::std::cmp::Ord,2684,8,5
90,::std::ops,11,::std::ops::RangeInclusive,::std::cmp::PartialEq,1824,4,2
90,::std::ops,12,::std::ops::RangeInclusive,::std::cmp::Eq,57,0,0
90,::std::ops,13,::std::ops::RangeInclusive,::std::cmp::PartialOrd,5396,14,9
90,::std::ops,14,::std::ops::RangeInclusive,::std::cmp::Ord,2828,8,5
90,::std::ops,15,::std::ops::RangeInclusiveIter,::std::iter::Iterator,26783,66,34
90,::std::ops,16,::std::ops::RangeInclusiveIter,::std::iter::Iterator,25773,66,34
90,::std::ops,17,::std::ops::RangeInclusiveIter,::std::iter::Iterator,26142,66,34
90,::std::ops,18,::std::ops::RangeInclusiveIter,::std::iter::DoubleEndedIterator,3531,7,4
90,::std::ops,19,::std::ops::RangeInclusiveIter,::std::iter::ExactSizeIterator,834,2,1
90,::std::ops,20,::std::ops::RangeInclusiveIter,::std::iter::DoubleEndedIterator,2594,7,4
90,::std::ops,21,::std::ops::RangeInclusiveIter,::std::iter::ExactSizeIterator,798,2,1
90,::std::ops,22,::std::ops::RangeInclusiveIter,::std::iter::DoubleEndedIterator,2738,7,4
90,::std::ops,23,::std::ops::RangeToInclusive,::std::cmp::PartialEq,1710,4,2
90,::std::ops,24,::std::ops::RangeToInclusive,::std::cmp::Eq,58,0,0
90,::std::ops,25,::std::ops::RangeToInclusive,::std::cmp::PartialOrd,4418,14,9
90,::std::ops,26,::std::ops::RangeToInclusive,::std::cmp::Ord,2726,8,5
90,::std::ops,27,::std::ops::RangeTo,::std::cmp::PartialEq,1907,4,2
90,::std::ops,28,::std::ops::RangeTo,::std::cmp::Eq,73,0,0
90,::std::ops,29,::std::ops::RangeTo,::std::cmp::PartialOrd,5016,14,9
90,::std::ops,30,::std::ops::RangeTo,::std::cmp::Ord,69122,8,5
90,::std::ops,31,::std::ops::Range,::std::cmp::PartialEq,1702,4,2
90,::std::ops,32,::std::ops::Range,::std::cmp::Eq,77,0,0
90,::std::ops,33,::std::ops::Range,::std::cmp::PartialOrd,5680,14,9
90,::std::ops,34,::std::ops::Range,::std::cmp::Ord,3356,8,5
90,::std::ops,35,::std::ops::RangeIter,::std::iter::Iterator,30885,66,34
90,::std::ops,36,::std::ops::RangeIter,::std::iter::Iterator,49161,66,34
90,::std::ops,37,::std::ops::RangeIter,::std::iter::Iterator,30281,66,34
90,::std::ops,38,::std::ops::RangeIter,::std::iter::DoubleEndedIterator,3462,7,4
90,::std::ops,39,::std::ops::RangeIter,::std::iter::ExactSizeIterator,976,2,1
90,::std::ops,40,::std::ops::RangeIter,::std::iter::DoubleEndedIterator,2489,7,4
90,::std::ops,41,::std::ops::RangeIter,::std::iter::ExactSizeIterator,785,2,1
90,::std::ops,42,::std::ops::RangeIter,::std::iter::DoubleEndedIterator,2494,7,4
90,::std::ops,43,::std::ops::ControlFlow,::std::cmp::PartialEq,58161,4,2
90,::std::ops,44,::std::ops::ControlFlow,::std::cmp::Eq,70,0,0
90,::std::ops,45,::std::ops::ControlFlow,::std::clone::Clone,979,2,1
90,::std::ops,46,::std::ops::Function,::std::clone::Clone,924,2,1
91,::std::iter,0,::std::iter::Rev,::std::iter::Iterator,44887,66,34
91,::std::iter,1,::std::iter::Rev,::std::iter::DoubleEndedIterator,3187,7,4
91,::std::iter,2,::std::iter::Rev,::std::iter::ExactSizeIterator,776,2,1
91,::std::iter,3,::std::iter::Chain,::std::iter::Iterator,30540,66,34
91,::std::iter,4,::std::iter::Chain,::std::iter::DoubleEndedIterator,2870,7,4
91,::std::iter,5,::std::iter::Chain,::std::iter::ExactSizeIterator,802,2,1
91,::std::iter,6,::std::iter::Enumerate,::std::iter::Iterator,40467,66,34
91,::std::iter,7,::std::iter::Enumerate,::std::iter::DoubleEndedIterator,2740,7,4
91,::std::iter,8,::std::iter::Enumerate,::std::iter::ExactSizeIterator,848,2,1
91,::std::iter,9,::std::iter::Filter,::std::iter::Iterator,30221,66,34
91,::std::iter,10,::std::iter::Filter,::std::iter::DoubleEndedIterator,2838,7,4
91,::std::iter,11,::std::iter::Map,::std::iter::Iterator,34481,66,34
91,::std::iter,12,::std::iter::Map,::std::iter::DoubleEndedIterator,2695,7,4
91,::std::iter,13,::std::iter::Map,::std::iter::ExactSizeIterator,1605,2,1
91,::std::iter,14,::std::iter::FilterMap,::std::iter::Iterator,40404,67,35
91,::std::iter,15,::std::iter::FilterMap,::std::iter::DoubleEndedIterator,3338,7,4
91,::std::iter,16,::std::iter::FlatMap,::std::iter::Iterator,30578,66,34
91,::std::iter,17,::std::iter::FlatMap,::std::iter::DoubleEndedIterator,10622,7,4
91,::std::iter,18,::std::iter::Peekable,::std::iter::Iterator,26012,66,34
91,::std::iter,19,::std::iter::Peekable,::std::iter::DoubleEndedIterator,2658,7,4
91,::std::iter,20,::std::iter::Peekable,::std::iter::ExactSizeIterator,809,2,1
91,::std::iter,21,::std::iter::Skip,::std::iter::Iterator,26505,66,34
91,::std::iter,22,::std::iter::Skip,::std::iter::DoubleEndedIterator,3855,7,4
91,::std::iter,23,::std::iter::Skip,::std::iter::ExactSizeIterator,969,2,1
91,::std::iter,24,::std::iter::Take,::std::iter::Iterator,35777,66,34
91,::std::iter,25,::std::iter::Take,::std::iter::DoubleEndedIterator,2624,7,4
91,::std::iter,26,::std::iter::Take,::std::iter::ExactSizeIterator,723,2,1
91,::std::iter,27,::std::iter::Empty,::std::iter::Iterator,40460,66,34
91,::std::iter,28,::std::iter::Empty,::std::iter::DoubleEndedIterator,2468,7,4
91,::std::iter,29,::std::iter::Once,::std::iter::Iterator,41774,66,34
91,::std::iter,30,::std::iter::Once,::std::iter::DoubleEndedIterator,2401,7,4
91,::std::ops,0,::std::ops::RangeFrom,::std::cmp::PartialEq,1944,4,2
91,::std::ops,1,::std::ops::RangeFrom,::std::cmp::Eq,84,0,0
91,::std::ops,2,::std::ops::RangeFrom,::std::cmp::PartialOrd,5701,14,9
91,::std::ops,3,::std::ops::RangeFrom,::std::cmp::Ord,2856,8,5
91,::std::ops,4,::std::ops::RangeFromIter,::std::iter::Iterator,69264,66,34
91,::std::ops,5,::std::ops::RangeFromIter,::std::iter::Iterator,27580,66,34
91,::std::ops,6,::std::ops::RangeFromIter,::std::iter::Iterator,27440,66,34
91,::std::ops,7,::std::ops::RangeFull,::std::cmp::PartialEq,1887,4,2
91,::std::ops,8,::std::ops::RangeFull,::std::cmp::Eq,67,0,0
91,::std::ops,9,::std::ops::RangeFull,::std::cmp::PartialOrd,4992,14,9
91,::std::ops,10,::std::ops::RangeFull,::std::cmp::Ord,2806,8,5
91,::std::ops,11,::std::ops::RangeInclusive,::std::cmp::PartialEq,1834,4,2
91,::std::ops,12,::std::ops::RangeInclusive,::std::cmp::Eq,67,0,0
91,::std::ops,13,::std::ops::RangeInclusive,::std::cmp::PartialOrd,5361,14,9
91,::std::ops,14,::std::ops::RangeInclusive,::std::cmp::Ord,2913,8,5
91,::std::ops,15,::std::ops::RangeInclusiveIter,::std::iter::Iterator,26388,66,34
91,::std::ops,16,::std::ops::RangeInclusiveIter,::std::iter::Iterator,47461,66,34
91,::std::ops,17,::std::ops::RangeInclusiveIter,::std::iter::Iterator,25618,66,34
91,::std::ops,18,::std::ops::RangeInclusiveIter,::std::iter::DoubleEndedIterator,3613,7,4
91,::std::ops,19,::std::ops::RangeInclusiveIter,::std::iter::ExactSizeIterator,885,2,1
91,::std::ops,20,::std::ops::RangeInclusiveIter,::std::iter::DoubleEndedIterator,2568,7,4
91,::std::ops,21,::std::ops::RangeInclusiveIter,::std::iter::ExactSizeIterator,838,2,1
91,::std::ops,22,::std::ops::RangeInclusiveIter,::std::iter::DoubleEndedIterator,2560,7,4
91,::std::ops,23,::std::ops::RangeToInclusive,::std::cmp::PartialEq,1692,4,2
91,::std::ops,24,::std::ops::RangeToInclusive,::std::cmp::Eq,78,0,0
91,::std::ops,25,::std::ops::RangeToInclusive,::std::cmp::PartialOrd,4515,14,9
91,::std::ops,26,::std::ops::RangeToInclusive,::std::cmp::Ord,2717,8,5
91,::std::ops,27,::std::ops::RangeTo,::std::cmp::PartialEq,1833,4,2
91,::std::ops,28,::std::ops::RangeTo,::std::cmp::Eq,72,0,0
91,::std::ops,29,::std::ops::RangeTo,::std::cmp::PartialOrd,4983,14,9
91,::std::ops,30,::std::ops::RangeTo,::std::cmp::Ord,69373,8,5
91,::std::ops,31,::std::ops::Range,::std::cmp::PartialEq,1762,4,2
91,::std::ops,32,::std::ops::Range,::std::cmp::Eq,70,0,0
91,::std::ops,33,::std::ops::Range,::std::cmp::PartialOrd,5514,14,9
91,::std::ops,34,::std::ops::Range,::std::cmp::Ord,3409,8,5
91,::std::ops,35,::std::ops::RangeIter,::std::iter::Iterator,30900,66,34
91,::std::ops,36,::std::ops::RangeIter,::std::iter::Iterator,28506,66,34
91,::std::ops,37,::std::ops::RangeIter,::std::iter::Iterator,28543,66,34
91,::std::ops,38,::std::ops::RangeIter,::std::iter::DoubleEndedIterator,3409,7,4
91,::std::ops,39,::std::ops::RangeIter,::std::iter::ExactSizeIterator,981,2,1
91,::std::ops,40,::std::ops::RangeIter,::std::iter::DoubleEndedIterator,2590,7,4
91,::std::ops,41,::std::ops::RangeIter,::std::iter::ExactSizeIterator,778,2,1
91,::std::ops,42,::std::ops::RangeIter,::std::iter::DoubleEndedIterator,2519,7,4
91,::std::ops,43,::std::ops::ControlFlow,::std::cmp::PartialEq,59349,4,2
91,::std::ops,44,::std::ops::ControlFlow,::std::cmp::Eq,58,0,0
91,::std::ops,45,::std::ops::ControlFlow,::std::clone::Clone,981,2,1
91,::std::ops,46,::std::ops::Function,::std::clone::Clone,899,2,1
92,::std::iter,0,::std::iter::Rev,::std::iter::Iterator,43328,66,34
92,::std::iter,1,::std::iter::Rev,::std::iter::DoubleEndedIterator,3248,7,4
92,::std::iter,2,::std::iter::Rev,::std::iter::ExactSizeIterator,861,2,1
92,::std::iter,3,::std::iter::Chain,::std::iter::Iterator,31253,66,34
92,::std::iter,4,::std::iter::Chain,::std::iter::DoubleEndedIterator,2961,7,4
92,::std::iter,5,::std::iter::Chain,::std::iter::ExactSizeIterator,886,2,1
92,::std::iter,6,::std::iter::Enumerate,::std::iter::Iterator,41099,66,34
92,::std::iter,7,::std::iter::Enumerate,::std::iter::DoubleEndedIterator,2929,7,4
92,::std::iter,8,::std::iter::Enumerate,::std::iter::ExactSizeIterator,867,2,1
92,::std::iter,9,::std::iter::Filter,::std::iter::Iterator,30583,66,34
92,::std::iter,10,::std::iter::Filter,::std::iter::DoubleEndedIterator,7484,7,4
92,::std::iter,11,::std::iter::Map,::std::iter::Iterator,32976,66,34
92,::std::iter,12,::std::iter::Map,::std::iter::DoubleEndedIterator,2583,7,4
92,::std::iter,13,::std::iter::Map,::std::iter::ExactSizeIterator,1673,2,1
92,::std::iter,14,::std::iter::FilterMap,::std::iter::Iterator,42938,67,35
92,::std::iter,15,::std::iter::FilterMap,::std::iter::DoubleEndedIterator,3264,7,4
92,::std::iter,16,::std::iter::FlatMap,::std::iter::Iterator,25863,66,34
92,::std::iter,17,::std::iter::FlatMap,::std::iter::DoubleEndedIterator,10749,7,4
92,::std::iter,18,::std::iter::Peekable,::std::iter::Iterator,26183,66,34
92,::std::iter,19,::std::iter::Peekable,::std::iter::DoubleEndedIterator,2681,7,4
92,::std::iter,20,::std::iter::Peekable,::std::iter::ExactSizeIterator,825,2,1
92,::std::iter,21,::std::iter::Skip,::std::iter::Iterator,26109,66,34
92,::std::iter,22,::std::iter::Skip,::std::iter::DoubleEndedIterator,3740,7,4
92,::std::iter,23,::std::iter::Skip,::std::iter::ExactSizeIterator,992,2,1
92,::std::iter,24,::std::iter::Take,::std::iter::Iterator,33875,66,34
92,::std::iter,25,::std::iter::Take,::std::iter::DoubleEndedIterator,2542,7,4
92,::std::iter,26,::std::iter::Take,::std::iter::ExactSizeIterator,715,2,1
92,::std::iter,27,::std::iter::Empty,::std::iter::Iterator,42132,66,34
92,::std::iter,28,::std::iter::Empty,::std::iter::DoubleEndedIterator,2490,7,4
92,::std::iter,29,::std::iter::Once,::std::iter::Iterator,40661,66,34
92,::std::iter,30,::std::iter::Once,::std::iter::DoubleEndedIterator,2360,7,4
92,::std::ops,0,::std::ops::RangeFrom,::std::cmp::PartialEq,2040,4,2
92,::std::ops,1,::std::ops::RangeFrom,::std::cmp::Eq,115,0,0
92,::std::ops,2,::std::ops::RangeFrom,::std::cmp::PartialOrd,5571,14,9
92,::std::ops,3,::std::ops::RangeFrom,::std::cmp::Ord,3007,8,5
92,::std::ops,4,::std::ops::RangeFromIter,::std::iter::Iterator,92052,66,34
92,::std::ops,5,::std::ops::RangeFromIter,::std::iter::Iterator,28242,66,34
92,::std::ops,6,::std::ops::RangeFromIter,::std::iter::Iterator,27465,66,34
92,::std::ops,7,::std::ops::RangeFull,::std::cmp::PartialEq,1915,4,2
92,::std::ops,8,::std::ops::RangeFull,::std::cmp::Eq,54,0,0
92,::std::ops,9,::std::ops::RangeFull,::std::cmp::PartialOrd,5056,14,9
92,::std::ops,10,::std::ops::RangeFull,::std::cmp::Ord,2808,8,5
92,::std::ops,11,::std::ops::RangeInclusive,::std::cmp::PartialEq,1787,4,2
92,::std::ops,12,::std::ops::RangeInclusive,::std::cmp::Eq,74,0,0
92,::std::ops,13,::std::ops::RangeInclusive,::std::cmp::PartialOrd,5278,14,9
92,::std::ops,14,::std::ops::RangeInclusive,::std::cmp::Ord,2785,8,5
92,::std::ops,15,::std::ops::RangeInclusiveIter,::std::iter::Iterator,26413,66,34
92,::std::ops,16,::std::ops::RangeInclusiveIter,::std::iter::Iterator,25991,66,34
92,::std::ops,17,::std::ops::RangeInclusiveIter,::std::iter::Iterator,25247,66,34
92,::std::ops,18,::std::ops::RangeInclusiveIter,::std::iter::DoubleEndedIterator,3524,7,4
92,::std::ops,19,::std::ops::RangeInclusiveIter,::std::iter::ExactSizeIterator,853,2,1
92,::std::ops,20,::std::ops::RangeInclusiveIter,::std::iter::DoubleEndedIterator,2671,7,4
92,::std::ops,21,::std::ops::RangeInclusiveIter,::std::iter::ExactSizeIterator,881,2,1
92,::std::ops,22,::std::ops::RangeInclusiveIter,::std::iter::DoubleEndedIterator,2565,7,4
92,::std::ops,23,::std::ops::RangeToInclusive,::std::cmp::PartialEq,1857,4,2
92,::std::ops,24,::std::ops::RangeToInclusive,::std::cmp::Eq,56,0,0
92,::std::ops,25,::std::ops::RangeToInclusive,::std::cmp::PartialOrd,4471,14,9
92,::std::ops,26,::std::ops::RangeToInclusive,::std::cmp::Ord,2755,8,5
92,::std::ops,27,::std::ops::RangeTo,::std::cmp::PartialEq,1893,4,2
92,::std::ops,28,::std::ops::RangeTo,::std::cmp::Eq,75,0,0
92,::std::ops,29,::std::ops::RangeTo,::std::cmp::PartialOrd,4958,14,9
92,::std::ops,30,::std::ops::RangeTo,::std::cmp::Ord,68734,8,5
92,::std::ops,31,::std::ops::Range,::std::cmp::PartialEq,1834,4,2
92,::std::ops,32,::std::ops::Range,::std::cmp::Eq,62,0,0
92,::std::ops,33,::std::ops::Range,::std::cmp::PartialOrd,5596,14,9
92,::std::ops,34,::std::ops::Range,::std::cmp::Ord,3516,8,5
92,::std::ops,35,::std::ops::RangeIter,::std::iter::Iterator,31372,66,34
92,::std::ops,36,::std::ops::RangeIter,::std::iter::Iterator,28200,66,34
92,::std::ops,37,::std::ops::RangeIter,::std::iter::Iterator,28135,66,34
92,::std::ops,38,::std::ops::RangeIter,::std::iter::DoubleEndedIterator,3355,7,4
92,::std::ops,39,::std::ops::RangeIter,::std::iter::ExactSizeIterator,964,2,1
92,::std::ops,40,::std::ops::RangeIter,::std::iter::DoubleEndedIterator,2630,7,4
92,::std::ops,41,::std::ops::RangeIter,::std::iter::ExactSizeIterator,807,2,1
92,::std::ops,42,::std::ops::RangeIter,::std::iter::DoubleEndedIterator,2498,7,4
92,::std::ops,43,::std::ops::ControlFlow,::std::cmp::PartialEq,59853,4,2
92,::std::ops,44,::std::ops::ControlFlow,::std::cmp::Eq,59,0,0
92,::std::ops,45,::std::ops::ControlFlow,::std::clone::Clone,987,2,1
92,::std::ops,46,::std::ops::Function,::std::clone::Clone,916,2,1
93,::std::iter,0,::std::iter::Rev,::std::iter::Iterator,43397,66,34
93,::std::iter,1,::std::iter::Rev,::std::iter::DoubleEndedIterator,3210,7,4
93,::std::iter,2,::std::iter::Rev,::std::iter::ExactSizeIterator,864,2,1
93,::std::iter,3,::std::iter::Chain,::std::iter::Iterator,30199,66,34
93,::std::iter,4,::std::iter::Chain,::std::iter::DoubleEndedIterator,2922,7,4
93,::std::iter,5,::std::iter::Chain,::std::iter::ExactSizeIterator,847,2,1
93,::std::iter,6,::std::iter::Enumerate,::std::iter::Iterator,42610,66,34
93,::std::iter,7,::std::iter::Enumerate,::std::iter::DoubleEndedIterator,2856,7,4
93,::std::iter,8,::std::iter::Enumerate,::std::iter::ExactSizeIterator,835,2,1
93,::std::iter,9,::std::iter::Filter,::std::iter::Iterator,29980,66,34
93,::std::iter,10,::std::iter::Filter,::std::iter::DoubleEndedIterator,2810,7,4
93,::std::iter,11,::std::iter::Map,::std::iter::Iterator,32814,66,34
93,::std::iter,12,::std::iter::Map,::std::iter::DoubleEndedIterator,2644,7,4
93,::std::iter,13,::std::iter::Map,::std::iter::ExactSizeIterator,1708,2,1
93,::std::iter,14,::std::iter::FilterMap,::std::iter::Iterator,42266,67,35
93,::std::iter,15,::std::iter::FilterMap,::std::iter::DoubleEndedIterator,3410,7,4
93,::std::iter,16,::std::iter::FlatMap,::std::iter::Iterator,26145,66,34
93,::std::iter,17,::std::iter::FlatMap,::std::iter::DoubleEndedIterator,15221,7,4
93,::std::iter,18,::std::iter::Peekable,::std::iter::Iterator,26110,66,34
93,::std::iter,19,::std::iter::Peekable,::std::iter::DoubleEndedIterator,2673,7,4
93,::std::iter,20,::std::iter::Peekable,::std::iter::ExactSizeIterator,800,2,1
93,::std::iter,21,::std::iter::Skip,::std::iter::Iterator,25872,66,34
93,::std::iter,22,::std::iter::Skip,::std::iter::DoubleEndedIterator,3726,7,4
93,::std::iter,23,::std::iter::Skip,::std::iter::ExactSizeIterator,953,2,1
93,::std::iter,24,::std::iter::Take,::std::iter::Iterator,34370,66,34
93,::std::iter,25,::std::iter::Take,::std::iter::DoubleEndedIterator,2638,7,4
93,::std::iter,26,::std::iter::Take,::std::iter::ExactSizeIterator,781,2,1
93,::std::iter,27,::std::iter::Empty,::std::iter::Iterator,42056,66,34
93,::std::iter,28,::std::iter::Empty,::std::iter::DoubleEndedIterator,2452,7,4
93,::std::iter,29,::std::iter::Once,::std::iter::Iterator,40689,66,34
93,::std::iter,30,::std::iter::Once,::std::iter::DoubleEndedIterator,2428,7,4
93,::std::ops,0,::std::ops::RangeFrom,::std::cmp::PartialEq,2095,4,2
93,::std::ops,1,::std::ops::RangeFrom,::std::cmp::Eq,100,0,0
93,::std::ops,2,::std::ops::RangeFrom,::std::cmp::PartialOrd,5609,14,9
93,::std::ops,3,::std::ops::RangeFrom,::std::cmp::Ord,2772,8,5
93,::std::ops,4,::std::ops::RangeFromIter,::std::iter::Iterator,70778,66,34
93,::std::ops,5,::std::ops::RangeFromIter,::std::iter::Iterator,27902,66,34
93,::std::ops,6,::std::ops::RangeFromIter,::std::iter::Iterator,27851,66,34
93,::std::ops,7,::std::ops::RangeFull,::std::cmp::PartialEq,1872,4,2
93,::std::ops,8,::std::ops::RangeFull,::std::cmp::Eq,76,0,0
93,::std::ops,9,::std::ops::RangeFull,::std::cmp::PartialOrd,4996,14,9
93,::std::ops,10,::std::ops::RangeFull,::std::cmp::Ord,2635,8,5
93,::std::ops,11,::std::ops::RangeInclusive,::std::cmp::PartialEq,1803,4,2
93,::std::ops,12,::std::ops::RangeInclusive,::std::cmp::Eq,55,0,0
93,::std::ops,13,::std::ops::RangeInclusive,::std::cmp::PartialOrd,5310,14,9
93,::std::ops,14,::std::ops::RangeInclusive,::std::cmp::Ord,2707,8,5
93,::std::ops,15,::std::ops::RangeInclusiveIter,::std::iter::Iterator,26252,66,34
93,::std::ops,16,::std::ops::RangeInclusiveIter,::std::iter::Iterator,26424,66,34
93,::std::ops,17,::std::ops::RangeInclusiveIter,::std::iter::Iterator,25427,66,34
93,::std::ops,18,::std::ops::RangeInclusiveIter,::std::iter::DoubleEndedIterator,3527,7,4
93,::std::ops,19,::std::ops::RangeInclusiveIter,::std::iter::ExactSizeIterator,838,2,1
93,::std::ops,20,::std::ops::RangeInclusiveIter,::std::iter::DoubleEndedIterator,2656,7,4
93,::std::ops,21,::std::ops::RangeInclusiveIter,::std::iter::ExactSizeIterator,810,2,1
93,::std::ops,22,::std::ops::RangeInclusiveIter,::std::iter::DoubleEndedIterator,2544,7,4
93,::std::ops,23,::std::ops::RangeToInclusive,::std::cmp::PartialEq,1741,4,2
93,::std::ops,24,::std::ops::RangeToInclusive,::std::cmp::Eq,75,0,0
93,::std::ops,25,::std::ops::RangeToInclusive,::std::cmp::PartialOrd,4416,14,9
93,::std::ops,26,::std::ops::RangeToInclusive,::std::cmp::Ord,2627,8,5
93,::std::ops,27,::std::ops::RangeTo,::std::cmp::PartialEq,1864,4,2
93,::std::ops,28,::std::ops::RangeTo,::std::cmp::Eq,73,0,0
93,::std::ops,29,::std::ops::RangeTo,::std::cmp::PartialOrd,5056,14,9
93,::std::ops,30,::std::ops::RangeTo,::std::cmp::Ord,68571,8,5
93,::std::ops,31,::std::ops::Range,::std::cmp::PartialEq,1751,4,2
93,::std::ops,32,::std::ops::Range,::std::cmp::Eq,59,0,0
93,::std::ops,33,::std::ops::Range,::std::cmp::PartialOrd,5556,14,9
93,::std::ops,34,::std::ops::Range,::std::cmp::Ord,3411,8,5
93,::std::ops,35,::std::ops::RangeIter,::std::iter::Iterator,30862,66,34
93,::std::ops,36,::std::ops::RangeIter,::std::iter::Iterator,28492,66,34
93,::std::ops,37,::std::ops::RangeIter,::std::iter::Iterator,28664,66,34
93,::std::ops,38,::std::ops::RangeIter,::std::iter::DoubleEndedIterator,3342,7,4
93,::std::ops,39,::std::ops::RangeIter,::std::iter::ExactSizeIterator,938,2,1
93,::std::ops,40,::std::ops::RangeIter,::std::iter::DoubleEndedIterator,2573,7,4
93,::std::ops,41,::std::ops::RangeIter,::std::iter::ExactSizeIterator,782,2,1
93,::std::ops,42,::std::ops::RangeIter,::std::iter::DoubleEndedIterator,2524,7,4
93,::std::ops,43,::std::ops::ControlFlow,::std::cmp::PartialEq,59932,4,2
93,::std::ops,44,::std::ops::ControlFlow,::std::cmp::Eq,65,0,0
93,::std::ops,45,::std::ops::ControlFlow,::std::clone::Clone,993,2,1
93,::std::ops,46,::std::ops::Function,::std::clone::Clone,936,2,1
94,::std::iter,0,::std::iter::Rev,::std::iter::Iterator,42705,66,34
94,::std::iter,1,::std::iter::Rev,::std::iter::DoubleEndedIterator,3211,7,4
94,::std::iter,2,::std::iter::Rev,::std::iter::ExactSizeIterator,836,2,1
94,::std::iter,3,::std::iter::Chain,::std::iter::Iterator,29702,66,34
94,::std::iter,4,::std::iter::Chain,::std::iter::DoubleEndedIterator,2761,7,4
94,::std::iter,5,::std::iter::Chain,::std::iter::ExactSizeIterator,751,2,1
94,::std::iter,6,::std::iter::Enumerate,::std::iter::Iterator,42051,66,34
94,::std::iter,7,::std::iter::Enumerate,::std::iter::DoubleEndedIterator,2715,7,4
94,::std::iter,8,::std::iter::Enumerate,::std::iter::ExactSizeIterator,837,2,1
94,::std::iter,9,::std::iter::Filter,::std::iter::Iterator,29630,66,34
94,::std::iter,10,::std::iter::Filter,::std::iter::DoubleEndedIterator,2815,7,4
94,::std::iter,11,::std::iter::Map,::std::iter::Iterator,32661,66,34
94,::std::iter,12,::std::iter::Map,::std::iter::DoubleEndedIterator,2635,7,4
94,::std::iter,13,::std::iter::Map,::std::iter::ExactSizeIterator,1609,2,1
94,::std::iter,14,::std::iter::FilterMap,::std::iter::Iterator,40559,67,35
94,::std::iter,15,::std::iter::FilterMap,::std::iter::DoubleEndedIterator,3413,7,4
94,::std::iter,16,::std::iter::FlatMap,::std::iter::Iterator,25899,66,34
94,::std::iter,17,::std::iter::FlatMap,::std::iter::DoubleEndedIterator,12214,7,4
94,::std::iter,18,::std::iter::Peekable,::std::iter::Iterator,25713,66,34
94,::std::iter,19,::std::iter::Peekable,::std::iter::DoubleEndedIterator,2671,7,4
94,::std::iter,20,::std::iter::Peekable,::std::iter::ExactSizeIterator,797,2,1
94,::std::iter,21,::std::iter::Skip,::std::iter::Iterator,31060,66,34
94,::std::iter,22,::std::iter::Skip,::std::iter::DoubleEndedIterator,3729,7,4
94,::std::iter,23,::std::iter::Skip,::std::iter::ExactSizeIterator,943,2,1
94,::std::iter,24,::std::iter::Take,::std::iter::Iterator,34167,66,34
94,::std::iter,25,::std::iter::Take,::std::iter::DoubleEndedIterator,2494,7,4
94,::std::iter,26,::std::iter::Take,::std::iter::ExactSizeIterator,727,2,1
94,::std::iter,27,::std::iter::Empty,::std::iter::Iterator,40355,66,34
94,::std::iter,28,::std::iter::Empty,::std::iter::DoubleEndedIterator,2419,7,4
94,::std::iter,29,::std::iter::Once,::std::iter::Iterator,42151,66,34
94,::std::iter,30,::std::iter::Once,::std::iter::DoubleEndedIterator,2388,7,4
94,::std::ops,0,::std::ops::RangeFrom,::std::cmp::PartialEq,1960,4,2
94,::std::ops,1,::std::ops::RangeFrom,::std::cmp::Eq,119,0,0
94,::std::ops,2,::std::ops::RangeFrom,::std::cmp::PartialOrd,5571,14,9
94,::std::ops,3,::std::ops::RangeFrom,::std::cmp::Ord,2988,8,5
94,::std::ops,4,::std::ops::RangeFromIter,::std::iter::Iterator,70056,66,34
94,::std::ops,5,::std::ops::RangeFromIter,::std::iter::Iterator,28118,66,34
94,::std::ops,6,::std::ops::RangeFromIter,::std::iter::Iterator,27751,66,34
94,::std::ops,7,::std::ops::RangeFull,::std::cmp::PartialEq,1800,4,2
94,::std::ops,8,::std::ops::RangeFull,::std::cmp::Eq,59,0,0
94,::std::ops,9,::std::ops::RangeFull,::std::cmp::PartialOrd,5005,14,9
94,::std::ops,10,::std::ops::RangeFull,::std::cmp::Ord,2623,8,5
94,::std::ops,11,::std::ops::RangeInclusive,::std::cmp::PartialEq,1750,4,2
94,::std::ops,12,::std::ops::RangeInclusive,::std::cmp::Eq,55,0,0
94,::std::ops,13,::std::ops::RangeInclusive,::std::cmp::PartialOrd,5449,14,9
94,::std::ops,14,::std::ops::RangeInclusive,::std::cmp::Ord,5311,8,5
94,::std::ops,15,::std::ops::RangeInclusiveIter,::std::iter::Iterator,26475,66,34
94,::std::ops,16,::std::ops::RangeInclusiveIter,::std::iter::Iterator,26198,66,34
94,::std::ops,17,::std::ops::RangeInclusiveIter,::std::iter::Iterator,25588,66,34
94,::std::ops,18,::std::ops::RangeInclusiveIter,::std::iter::DoubleEndedIterator,3632,7,4
94,::std::ops,19,::std::ops::RangeInclusiveIter,::std::iter::ExactSizeIterator,881,2,1
94,::std::ops,20,::std::ops::RangeInclusiveIter,::std::iter::DoubleEndedIterator,2623,7,4
94,::std::ops,21,::std::ops::RangeInclusiveIter,::std::iter::ExactSizeIterator,790,2,1
94,::std::ops,22,::std::ops::RangeInclusiveIter,::std::iter::DoubleEndedIterator,2626,7,4
94,::std::ops,23,::std::ops::RangeToInclusive,::std::cmp::PartialEq,1731,4,2
94,::std::ops,24,::std::ops::RangeToInclusive,::std::cmp::Eq,74,0,0
94,::std::ops,25,::std::ops::RangeToInclusive,::std::cmp::PartialOrd,4524,14,9
94,::std::ops,26,::std::ops::RangeToInclusive,::std::cmp::Ord,2739,8,5
94,::std::ops,27,::std::ops::RangeTo,::std::cmp::PartialEq,1874,4,2
94,::std::ops,28,::std::ops::RangeTo,::std::cmp::Eq,76,0,0
94,::std::ops,29,::std::ops::RangeTo,::std::cmp::PartialOrd,5159,14,9
94,::std::ops,30,::std::ops::RangeTo,::std::cmp::Ord,64499,8,5
94,::std::ops,31,::std::ops::Range,::std::cmp::PartialEq,1734,4,2
94,::std::ops,32,::std::ops::Range,::std::cmp::Eq,83,0,0
94,::std::ops,33,::std::ops::Range,::std::cmp::PartialOrd,5615,14,9
94,::std::ops,34,::std::ops::Range,::std::cmp::Ord,3391,8,5
94,::std::ops,35,::std::ops::RangeIter,::std::iter::Iterator,32275,66,34
94,::std::ops,36,::std::ops::RangeIter,::std::iter::Iterator,28631,66,34
94,::std::ops,37,::std::ops::RangeIter,::std::iter::Iterator,28470,66,34
94,::std::ops,38,::std::ops::RangeIter,::std::iter::DoubleEndedIterator,3499,7,4
94,::std::ops,39,::std::ops::RangeIter,::std::iter::ExactSizeIterator,955,2,1
94,::std::ops,40,::std::ops::RangeIter,::std::iter::DoubleEndedIterator,2519,7,4
94,::std::ops,41,::std::ops::RangeIter,::std::iter::ExactSizeIterator,758,2,1
94,::std::ops,42,::std::ops::RangeIter,::std::iter::DoubleEndedIterator,2484,7,4
94,::std::ops,43,::std::ops::ControlFlow,::std::cmp::PartialEq,58328,4,2
94,::std::ops,44,::std::ops::ControlFlow,::std::cmp::Eq,61,0,0
94,::std::ops,45,::std::ops::ControlFlow,::std::clone::Clone,915,2,1
94,::std::ops,46,::std::ops::Function,::std::clone::Clone,975,2,1
95,::std::iter,0,::std::iter::Rev,::std::iter::Iterator,42346,66,34
95,::std::iter,1,::std::iter::Rev,::std::iter::DoubleEndedIterator,3203,7,4
95,::std::iter,2,::std::iter::Rev,::std::iter::ExactSizeIterator,837,2,1
95,::std::iter,3,::std::iter::Chain,::std::iter::Iterator,29959,66,34
95,::std::iter,4,::std::iter::Chain,::std::iter::DoubleEndedIterator,2853,7,4
95,::std::iter,5,::std::iter::Chain,::std::iter::ExactSizeIterator,802,2,1
95,::std::iter,6,::std::iter::Enumerate,::std::iter::Iterator,40169,66,34
95,::std::iter,7,::std::iter::Enumerate,::std::iter::DoubleEndedIterator,2712,7,4
95,::std::iter,8,::std::iter::Enumerate,::std::iter::ExactSizeIterator,820,2,1
95,::std::iter,9,::std::iter::Filter,::std::iter::Iterator,30025,66,34
95,::std::iter,10,::std::iter::Filter,::std::iter::DoubleEndedIterator,2794,7,4
95,::std::iter,11,::std::iter::Map,::std::iter::Iterator,34899,66,34
95,::std::iter,12,::std::iter::Map,::std::iter::DoubleEndedIterator,2767,7,4
95,::std::iter,13,::std::iter::Map,::std::iter::ExactSizeIterator,1640,2,1
95,::std::iter,14,::std::iter::FilterMap,::std::iter::Iterator,45432,67,35
95,::std::iter,15,::std::iter::FilterMap,::std::iter::DoubleEndedIterator,3358,7,4
95,::std::iter,16,::std::iter::FlatMap,::std::iter::Iterator,26259,66,34
95,::std::iter,17,::std::iter::FlatMap,::std::iter::DoubleEndedIterator,10773,7,4
95,::std::iter,18,::std::iter::Peekable,::std::iter::Iterator,25722,66,34
95,::std::iter,19,::std::iter::Peekable,::std::iter::DoubleEndedIterator,2685,7,4
95,::std::iter,20,::std::iter::Peekable,::std::iter::ExactSizeIterator,798,2,1
95,::std::iter,21,::std::iter::Skip,::std::iter::Iterator,26418,66,34
95,::std::iter,22,::std::iter::Skip,::std::iter::DoubleEndedIterator,5382,7,4
95,::std::iter,23,::std::iter::Skip,::std::iter::ExactSizeIterator,1030,2,1
95,::std::iter,24,::std::iter::Take,::std::iter::Iterator,33909,66,34
95,::std::iter,25,::std::iter::Take,::std::iter::DoubleEndedIterator,2550,7,4
95,::std::iter,26,::std::iter::Take,::std::iter::ExactSizeIterator,771,2,1
95,::std::iter,27,::std::iter::Empty,::std::iter::Iterator,40531,66,34
95,::std::iter,28,::std::iter::Empty,::std::iter::DoubleEndedIterator,2485,7,4
95,::std::iter,29,::std::iter::Once,::std::iter::Iterator,48945,66,34
95,::std::iter,30,::std::iter::Once,::std::iter::DoubleEndedIterator,2401,7,4
95,::std::ops,0,::std::ops::RangeFrom,::std::cmp::PartialEq,2020,4,2
95,::std::ops,1,::std::ops::RangeFrom,::std::cmp::Eq,96,0,0
95,::std::ops,2,::std::ops::RangeFrom,::std::cmp::PartialOrd,5436,14,9
95,::std::ops,3,::std::ops::RangeFrom,::std::cmp::Ord,2884,8,5
95,::std::ops,4,::std::ops::RangeFromIter,::std::iter::Iterator,68864,66,34
95,::std::ops,5,::std::ops::RangeFromIter,::std::iter::Iterator,27850,66,34
95,::std::ops,6,::std::ops::RangeFromIter,::std::iter::Iterator,27164,66,34
95,::std::ops,7,::std::ops::RangeFull,::std::cmp::PartialEq,1880,4,2
95,::std::ops,8,::std::ops::RangeFull,::std::cmp::Eq,79,0,0
95,::std::ops,9,::std::ops::RangeFull,::std::cmp::PartialOrd,4881,14,9
95,::std::ops,10,::std::ops::RangeFull,::std::cmp::Ord,2665,8,5
95,::std::ops,11,::std::ops::RangeInclusive,::std::cmp::PartialEq,1803,4,2
95,::std::ops,12,::std::ops::RangeInclusive,::std::cmp::Eq,56,0,0
95,::std::ops,13,::std::ops::RangeInclusive,::std::cmp::PartialOrd,5516,14,9
95,::std::ops,14,::std::ops::RangeInclusive,::std::cmp::Ord,2791,8,5
95,::std::ops,15,::std::ops::RangeInclusiveIter,::std::iter::Iterator,26294,66,34
95,::std::ops,16,::std::ops::RangeInclusiveIter,::std::iter::Iterator,25792,66,34
95,::std::ops,17,::std::ops::RangeInclusiveIter,::std::iter::Iterator,25900,66,34
95,::std::ops,18,::std::ops::RangeInclusiveIter,::std::iter::DoubleEndedIterator,3475,7,4
95,::std::ops,19,::std::ops::RangeInclusiveIter,::std::iter::ExactSizeIterator,859,2,1
95,::std::ops,20,::std::ops::RangeInclusiveIter,::std::iter::DoubleEndedIterator,2660,7,4
95,::std::ops,21,::std::ops::RangeInclusiveIter,::std::iter::ExactSizeIterator,814,2,1
95,::std::ops,22,::std::ops::RangeInclusiveIter,::std::iter::DoubleEndedIterator,2470,7,4
95,::std::ops,23,::std::ops::RangeToInclusive,::std::cmp::PartialEq,1795,4,2
95,::std::ops,24,::std::ops::RangeToInclusive,::std::cmp::Eq,73,0,0
95,::std::ops,25,::std::ops::RangeToInclusive,::std::cmp::PartialOrd,4563,14,9
95,::std::ops,26,::std::ops::RangeToInclusive,::std::cmp::Ord,2728,8,5
95,::std::ops,27,::std::ops::RangeTo,::std::cmp::PartialEq,1873,4,2
95,::std::ops,28,::std::ops::RangeTo,::std::cmp::Eq,75,0,0
95,::std::ops,29,::std::ops::RangeTo,::std::cmp::PartialOrd,5053,14,9
95,::std::ops,30,::std::ops::RangeTo,::std::cmp::Ord,66088,8,5
95,::std::ops,31,::std::ops::Range,::std::cmp::PartialEq,1795,4,2
95,::std::ops,32,::std::ops::Range,::std::cmp::Eq,89,0,0
95,::std::ops,33,::std::ops::Range,::std::cmp::PartialOrd,5703,14,9
95,::std::ops,34,::std::ops::Range,::std::cmp::Ord,3572,8,5
95,::std::ops,35,::std::ops::RangeIter,::std::iter::Iterator,30725,66,34
95,::std::ops,36,::std::ops::RangeIter,::std::iter::Iterator,28332,66,34
95,::std::ops,37,::std::ops::RangeIter,::std::iter::Iterator,30137,66,34
95,::std::ops,38,::std::ops::RangeIter,::std::iter::DoubleEndedIterator,3342,7,4
95,::std::ops,39,::std::ops::RangeIter,::std::iter::ExactSizeIterator,948,2,1
95,::std::ops,40,::std::ops::RangeIter,::std::iter::DoubleEndedIterator,2517,7,4
95,::std::ops,41,::std::ops::RangeIter,::std::iter::ExactSizeIterator,766,2,1
95,::std::ops,42,::std::ops::RangeIter,::std::iter::DoubleEndedIterator,2547,7,4
95,::std::ops,43,::std::ops::ControlFlow,::std::cmp::PartialEq,58000,4,2
95,::std::ops,44,::std::ops::ControlFlow,::std::cmp::Eq,68,0,0
95,::std::ops,45,::std::ops::ControlFlow,::std::clone::Clone,965,2,1
95,::std::ops,46,::std::ops::Function,::std::clone::Clone,945,2,1
96,::std::iter,0,::std::iter::Rev,::std::iter::Iterator,45333,66,34
96,::std::iter,1,::std::iter::Rev,::std::iter::DoubleEndedIterator,3316,7,4
96,::std::iter,2,::std::iter::Rev,::std::iter::ExactSizeIterator,823,2,1
96,::std::iter,3,::std::iter::Chain,::std::iter::Iterator,29588,66,34
96,::std::iter,4,::std::iter::Chain,::std::iter::DoubleEndedIterator,2855,7,4
96,::std::iter,5,::std::iter::Chain,::std::iter::ExactSizeIterator,748,2,1
96,::std::iter,6,::std::iter::Enumerate,::std::iter::Iterator,40661,66,34
96,::std::iter,7,::std::iter::Enumerate,::std::iter::DoubleEndedIterator,2797,7,4
96,::std::iter,8,::std::iter::Enumerate,::std::iter::ExactSizeIterator,837,2,1
96,::std::iter,9,::std::iter::Filter,::std::iter::Iterator,29893,66,34
96,::std::iter,10,::std::iter::Filter,::std::iter::DoubleEndedIterator,2800,7,4
96,::std::iter,11,::std::iter::Map,::std::iter::Iterator,34625,66,34
96,::std::iter,12,::std::iter::Map,::std::iter::DoubleEndedIterator,2671,7,4
96,::std::iter,13,::std::iter::Map,::std::iter::ExactSizeIterator,1645,2,1
96,::std::iter,14,::std::iter::FilterMap,::std::iter::Iterator,40294,67,35
96,::std::iter,15,::std::iter::FilterMap,::std::iter::DoubleEndedIterator,3398,7,4
96,::std::iter,16,::std::iter::FlatMap,::std::iter::Iterator,26007,66,34
96,::std::iter,17,::std::iter::FlatMap,::std::iter::DoubleEndedIterator,10553,7,4
96,::std::iter,18,::std::iter::Peekable,::std::iter::Iterator,33314,66,34
96,::std::iter,19,::std::iter::Peekable,::std::iter::DoubleEndedIterator,2708,7,4
96,::std::iter,20,::std::iter::Peekable,::std::iter::ExactSizeIterator,784,2,1
96,::std::iter,21,::std::iter::Skip,::std::iter::Iterator,30987,66,34
96,::std::iter,22,::std::iter::Skip,::std::iter::DoubleEndedIterator,3690,7,4
96,::std::iter,23,::std::iter::Skip,::std::iter::ExactSizeIterator,1033,2,1
96,::std::iter,24,::std::iter::Take,::std::iter::Iterator,35720,66,34
96,::std::iter,25,::std::iter::Take,::std::iter::DoubleEndedIterator,2581,7,4
96,::std::iter,26,::std::iter::Take,::std::iter::ExactSizeIterator,722,2,1
96,::std::iter,27,::std::iter::Empty,::std::iter::Iterator,40417,66,34
96,::std::iter,28,::std::iter::Empty,::std::iter::DoubleEndedIterator,2401,7,4
96,::std::iter,29,::std::iter::Once,::std::iter::Iterator,42281,66,34
96,::std::iter,30,::std::iter::Once,::std::iter::DoubleEndedIterator,2470,7,4
96,::std::ops,0,::std::ops::RangeFrom,::std::cmp::PartialEq,1877,4,2
96,::std::ops,1,::std::ops::RangeFrom,::std::cmp::Eq,104,0,0
96,::std::ops,2,::std::ops::RangeFrom,::std::cmp::PartialOrd,5548,14,9
96,::std::ops,3,::std::ops::RangeFrom,::std::cmp::Ord,3029,8,5
96,::std::ops,4,::std::ops::RangeFromIter,::std::iter::Iterator,68793,66,34
96,::std::ops,5,::std::ops::RangeFromIter,::std::iter::Iterator,27755,66,34
96,::std::ops,6,::std::ops::RangeFromIter,::std::iter::Iterator,27140,66,34
96,::std::ops,7,::std::ops::RangeFull,::std::cmp::PartialEq,1890,4,2
96,::std::ops,8,::std::ops::RangeFull,::std::cmp::Eq,81,0,0
96,::std::ops,9,::std::ops::RangeFull,::std::cmp::PartialOrd,4796,14,9
96,::std::ops,10,::std::ops::RangeFull,::std::cmp::Ord,2814,8,5
96,::std::ops,11,::std::ops::RangeInclusive,::std::cmp::PartialEq,1795,4,2
96,::std::ops,12,::std::ops::RangeInclusive,::std::cmp::Eq,59,0,0
96,::std::ops,13,::std::ops::RangeInclusive,::std::cmp::PartialOrd,5318,14,9
96,::std::ops,14,::std::ops::RangeInclusive,::std::cmp::Ord,2802,8,5
96,::std::ops,15,::std::ops::RangeInclusiveIter,::std::iter::Iterator,26262,66,34
96,::std::ops,16,::std::ops::RangeInclusiveIter,::std::iter::Iterator,25756,66,34
96,::std::ops,17,::std::ops::RangeInclusiveIter,::std::iter::Iterator,25566,66,34
96,::std::ops,18,::std::ops::RangeInclusiveIter,::std::iter::DoubleEndedIterator,3508,7,4
96,::std::ops,19,::std::ops::RangeInclusiveIter,::std::iter::ExactSizeIterator,897,2,1
96,::std::ops,20,::std::ops::RangeInclusiveIter,::std::iter::DoubleEndedIterator,2657,7,4
96,::std::ops,21,::std::ops::RangeInclusiveIter,::std::iter::ExactSizeIterator,840,2,1
96,::std::ops,22,::std::ops::RangeInclusiveIter,::std::iter::DoubleEndedIterator,2477,7,4
96,::std::ops,23,::std::ops::RangeToInclusive,::std::cmp::PartialEq,1820,4,2
96,::std::ops,24,::std::ops::RangeToInclusive,::std::cmp::Eq,59,0,0
96,::std::ops,25,::std::ops::RangeToInclusive,::std::cmp::PartialOrd,4478,14,9
96,::std::ops,26,::std::ops::RangeToInclusive,::std::cmp::Ord,2798,8,5
96,::std::ops,27,::std::ops::RangeTo,::std::cmp::PartialEq,1917,4,2
96,::std::ops,28,::std::ops::RangeTo,::std::cmp::Eq,65,0,0
96,::std::ops,29,::std::ops::RangeTo,::std::cmp::PartialOrd,4878,14,9
96,::std::ops,30,::std::ops::RangeTo,::std::cmp::Ord,69335,8,5
96,::std::ops,31,::std::ops::Range,::std::cmp::PartialEq,1794,4,2
96,::std::ops,32,::std::ops::Range,::std::cmp::Eq,57,0,0
96,::std::ops,33,::std::ops::Range,::std::cmp::PartialOrd,5711,14,9
96,::std::ops,34,::std::ops::Range,::std::cmp::Ord,3496,8,5
96,::std::ops,35,::std::ops::RangeIter,::std::iter::Iterator,30979,66,34
96,::std::ops,36,::std::ops::RangeIter,::std::iter::Iterator,28714,66,34
96,::std::ops,37,::std::ops::RangeIter,::std::iter::Iterator,28385,66,34
96,::std::ops,38,::std::ops::RangeIter,::std::iter::DoubleEndedIterator,3463,7,4
96,::std::ops,39,::std::ops::RangeIter,::std::iter::ExactSizeIterator,940,2,1
96,::std::ops,40,::std::ops::RangeIter,::std::iter::DoubleEndedIterator,2615,7,4
96,::std::ops,41,::std::ops::RangeIter,::std::iter::ExactSizeIterator,801,2,1
96,::std::ops,42,::std::ops::RangeIter,::std::iter::DoubleEndedIterator,2563,7,4
96,::std::ops,43,::std::ops::ControlFlow,::std::cmp::PartialEq,59873,4,2
96,::std::ops,44,::std::ops::ControlFlow,::std::cmp::Eq,64,0,0
96,::std::ops,45,::std::ops::ControlFlow,::std::clone::Clone,996,2,1
96,::std::ops,46,::std::ops::Function,::std::clone::Clone,919,2,1
97,::std::iter,0,::std::iter::Rev,::std::iter::Iterator,44107,66,34
97,::std::iter,1,::std::iter::Rev,::std::iter::DoubleEndedIterator,3240,7,4
97,::std::iter,2,::std::iter::Rev,::std::iter::ExactSizeIterator,840,2,1
97,::std::iter,3,::std::iter::Chain,::std::iter::Iterator,31411,66,34
97,::std::iter,4,::std::iter::Chain,::std::iter::DoubleEndedIterator,2941,7,4
97,::std::iter,5,::std::iter::Chain,::std::iter::ExactSizeIterator,823,2,1
97,::std::iter,6,::std::iter::Enumerate,::std::iter::Iterator,47787,66,34
97,::std::iter,7,::std::iter::Enumerate,::std::iter::DoubleEndedIterator,2781,7,4
97,::std::iter,8,::std::iter::Enumerate,::std::iter::ExactSizeIterator,802,2,1
97,::std::iter,9,::std::iter::Filter,::std::iter::Iterator,29672,66,34
97,::std::iter,10,::std::iter::Filter,::std::iter::DoubleEndedIterator,2836,7,4
97,::std::iter,11,::std::iter::Map,::std::iter::Iterator,33346,66,34
97,::std::iter,12,::std::iter::Map,::std::iter::DoubleEndedIterator,2659,7,4
97,::std::iter,13,::std::iter::Map,::std::iter::ExactSizeIterator,1624,2,1
97,::std::iter,14,::std::iter::FilterMap,::std::iter::Iterator,42864,67,35
97,::std::iter,15,::std::iter::FilterMap,::std::iter::DoubleEndedIterator,3326,7,4
97,::std::iter,16,::std::iter::FlatMap,::std::iter::Iterator,25912,66,34
97,::std::iter,17,::std::iter::FlatMap,::std::iter::DoubleEndedIterator,10650,7,4
97,::std::iter,18,::std::iter::Peekable,::std::iter::Iterator,25997,66,34
97,::std::iter,19,::std::iter::Peekable,::std::iter::DoubleEndedIterator,2689,7,4
97,::std::iter,20,::std::iter::Peekable,::std::iter::ExactSizeIterator,844,2,1
97,::std::iter,21,::std::iter::Skip,::std::iter::Iterator,26577,66,34
97,::std::iter,22,::std::iter::Skip,::std::iter::DoubleEndedIterator,3763,7,4
97,::std::iter,23,::std::iter::Skip,::std::iter::ExactSizeIterator,1007,2,1
97,::std::iter,24,::std::iter::Take,::std::iter::Iterator,38656,66,34
97,::std::iter,25,::std::iter::Take,::std::iter::DoubleEndedIterator,2575,7,4
97,::std::iter,26,::std::iter::Take,::std::iter::ExactSizeIterator,736,2,1
97,::std::iter,27,::std::iter::Empty,::std::iter::Iterator,41869,66,34
97,::std::iter,28,::std::iter::Empty,::std::iter::DoubleEndedIterator,2578,7,4
97,::std::iter,29,::std::iter::Once,::std::iter::Iterator,40382,66,34
97,::std::iter,30,::std::iter::Once,::std::iter::DoubleEndedIterator,2441,7,4
97,::std::ops,0,::std::ops::RangeFrom,::std::cmp::PartialEq,1944,4,2
97,::std::ops,1,::std::ops::RangeFrom,::std::cmp::Eq,105,0,0
97,::std::ops,2,::std::ops::RangeFrom,::std::cmp::PartialOrd,5567,14,9
97,::std::ops,3,::std::ops::RangeFrom,::std::cmp::Ord,2872,8,5
97,::std::ops,4,::std::ops::RangeFromIter,::std::iter::Iterator,69383,66,34
97,::std::ops,5,::std::ops::RangeFromIter,::std::iter::Iterator,28148,66,34
97,::std::ops,6,::std::ops::RangeFromIter,::std::iter::Iterator,27411,66,34
97,::std::ops,7,::std::ops::RangeFull,::std::cmp::PartialEq,1902,4,2
97,::std::ops,8,::std::ops::RangeFull,::std::cmp::Eq,50,0,0
97,::std::ops,9,::std::ops::RangeFull,::std::cmp::PartialOrd,4796,14,9
97,::std::ops,10,::std::ops::RangeFull,::std::cmp::Ord,2627,8,5
97,::std::ops,11,::std::ops::RangeInclusive,::std::cmp::PartialEq,1828,4,2
97,::std::ops,12,::std::ops::RangeInclusive,::std::cmp::Eq,55,0,0
97,::std::ops,13,::std::ops::RangeInclusive,::std::cmp::PartialOrd,5303,14,9
97,::std::ops,14,::std::ops::RangeInclusive,::std::cmp::Ord,2775,8,5
97,::std::ops,15,::std::ops::RangeInclusiveIter,::std::iter::Iterator,26371,66,34
97,::std::ops,16,::std::ops::RangeInclusiveIter,::std::iter::Iterator,25801,66,34
97,::std::ops,17,::std::ops::RangeInclusiveIter,::std::iter::Iterator,25629,66,34
97,::std::ops,18,::std::ops::RangeInclusiveIter,::std::iter::DoubleEndedIterator,3459,7,4
97,::std::ops,19,::std::ops::RangeInclusiveIter,::std::iter::ExactSizeIterator,832,2,1
97,::std::ops,20,::std::ops::RangeInclusiveIter,::std::iter::DoubleEndedIterator,2666,7,4
97,::std::ops,21,::std::ops::RangeInclusiveIter,::std::iter::ExactSizeIterator,841,2,1
97,::std::ops,22,::std::ops::RangeInclusiveIter,::std::iter::DoubleEndedIterator,2562,7,4
97,::std::ops,23,::std::ops::RangeToInclusive,::std::cmp::PartialEq,1789,4,2
97,::std::ops,24,::std::ops::RangeToInclusive,::std::cmp::Eq,72,0,0
97,::std::ops,25,::std::ops::RangeToInclusive,::std::cmp::PartialOrd,4477,14,9
97,::std::ops,26,::std::ops::RangeToInclusive,::std::cmp::Ord,2740,8,5
97,::std::ops,27,::std::ops::RangeTo,::std::cmp::PartialEq,1892,4,2
97,::std::ops,28,::std::ops::RangeTo,::std::cmp::Eq,82,0,0
97,::std::ops,29,::std::ops::RangeTo,::std::cmp::PartialOrd,4915,14,9
97,::std::ops,30,::std::ops::RangeTo,::std::cmp::Ord,69301,8,5
97,::std::ops,31,::std::ops::Range,::std::cmp::PartialEq,1768,4,2
97,::std::ops,32,::std::ops::Range,::std::cmp::Eq,75,0,0
97,::std::ops,33,::std::ops::Range,::std::cmp::PartialOrd,5528,14,9
97,::std::ops,34,::std::ops::Range,::std::cmp::Ord,3483,8,5
97,::std::ops,35,::std::ops::RangeIter,::std::iter::Iterator,35536,66,34
97,::std::ops,36,::std::ops::RangeIter,::std::iter::Iterator,28508,66,34
97,::std::ops,37,::std::ops::RangeIter,::std::iter::Iterator,28756,66,34
97,::std::ops,38,::std::ops::RangeIter,::std::iter::DoubleEndedIterator,3338,7,4
97,::std::ops,39,::std::ops::RangeIter,::std::iter::ExactSizeIterator,927,2,1
97,::std::ops,40,::std::ops::RangeIter,::std::iter::DoubleEndedIterator,2512,7,4
97,::std::ops,41,::std::ops::RangeIter,::std::iter::ExactSizeIterator,794,2,1
97,::std::ops,42,::std::ops::RangeIter,::std::iter::DoubleEndedIterator,2530,7,4
97,::std::ops,43,::std::ops::ControlFlow,::std::cmp::PartialEq,59567,4,2
97,::std::ops,44,::std::ops::ControlFlow,::std::cmp::Eq,62,0,0
97,::std::ops,45,::std::ops::ControlFlow,::std::clone::Clone,999,2,1
97,::std::ops,46,::std::ops::Function,::std::clone::Clone,924,2,1
98,::std::iter,0,::std::iter::Rev,::std::iter::Iterator,45098,66,34
98,::std::iter,1,::std::iter::Rev,::std::iter::DoubleEndedIterator,3228,7,4
98,::std::iter,2,::std::iter::Rev,::std::iter::ExactSizeIterator,841,2,1
98,::std::iter,3,::std::iter::Chain,::std::iter::Iterator,29982,66,34
98,::std::iter,4,::std::iter::Chain,::std::iter::DoubleEndedIterator,2807,7,4
98,::std::iter,5,::std::iter::Chain,::std::iter::ExactSizeIterator,766,2,1
98,::std::iter,6,::std::iter::Enumerate,::std::iter::Iterator,41785,66,34
98,::std::iter,7,::std::iter::Enumerate,::std::iter::DoubleEndedIterator,2729,7,4
98,::std::iter,8,::std::iter::Enumerate,::std::iter::ExactSizeIterator,869,2,1
98,::std::iter,9,::std::iter::Filter,::std::iter::Iterator,29696,66,34
98,::std::iter,10,::std::iter::Filter,::std::iter::DoubleEndedIterator,2889,7,4
98,::std::iter,11,::std::iter::Map,::std::iter::Iterator,32846,66,34
98,::std::iter,12,::std::iter::Map,::std::iter::DoubleEndedIterator,2734,7,4
98,::std::iter,13,::std::iter::Map,::std::iter::ExactSizeIterator,1526,2,1
98,::std::iter,14,::std::iter::FilterMap,::std::iter::Iterator,42332,67,35
98,::std::iter,15,::std::iter::FilterMap,::std::iter::DoubleEndedIterator,3359,7,4
98,::std::iter,16,::std::iter::FlatMap,::std::iter::Iterator,30630,66,34
98,::std::iter,17,::std::iter::FlatMap,::std::iter::DoubleEndedIterator,10627,7,4
98,::std::iter,18,::std::iter::Peekable,::std::iter::Iterator,25743,66,34
98,::std::iter,19,::std::iter::Peekable,::std::iter::DoubleEndedIterator,2697,7,4
98,::std::iter,20,::std::iter::Peekable,::std::iter::ExactSizeIterator,792,2,1
98,::std::iter,21,::std::iter::Skip,::std::iter::Iterator,26600,66,34
98,::std::iter,22,::std::iter::Skip,::std::iter::DoubleEndedIterator,3765,7,4
98,::std::iter,23,::std::iter::Skip,::std::iter::ExactSizeIterator,1010,2,1
98,::std::iter,24,::std::iter::Take,::std::iter::Iterator,34076,66,34
98,::std::iter,25,::std::iter::Take,::std::iter::DoubleEndedIterator,2560,7,4
98,::std::iter,26,::std::iter::Take,::std::iter::ExactSizeIterator,735,2,1
98,::std::iter,27,::std::iter::Empty,::std::iter::Iterator,48898,66,34
98,::std::iter,28,::std::iter::Empty,::std::iter::DoubleEndedIterator,2562,7,4
98,::std::iter,29,::std::iter::Once,::std::iter::Iterator,40218,66,34
98,::std::iter,30,::std::iter::Once,::std::iter::DoubleEndedIterator,2452,7,4
98,::std::ops,0,::std::ops::RangeFrom,::std::cmp::PartialEq,2045,4,2
98,::std::ops,1,::std::ops::RangeFrom,::std::cmp::Eq,76,0,0
98,::std::ops,2,::std::ops::RangeFrom,::std::cmp::PartialOrd,5774,14,9
98,::std::ops,3,::std::ops::RangeFrom,::std::cmp::Ord,2976,8,5
98,::std::ops,4,::std::ops::RangeFromIter,::std::iter::Iterator,70458,66,34
98,::std::ops,5,::std::ops::RangeFromIter,::std::iter::Iterator,27880,66,34
98,::std::ops,6,::std::ops::RangeFromIter,::std::iter::Iterator,27472,66,34
98,::std::ops,7,::std::ops::RangeFull,::std::cmp::PartialEq,1844,4,2
98,::std::ops,8,::std::ops::RangeFull,::std::cmp::Eq,62,0,0
98,::std::ops,9,::std::ops::RangeFull,::std::cmp::PartialOrd,4847,14,9
98,::std::ops,10,::std::ops::RangeFull,::std::cmp::Ord,2770,8,5
98,::std::ops,11,::std::ops::RangeInclusive,::std::cmp::PartialEq,1800,4,2
98,::std::ops,12,::std::ops::RangeInclusive,::std::cmp::Eq,55,0,0
98,::std::ops,13,::std::ops::RangeInclusive,::std::cmp::PartialOrd,5323,14,9
98,::std::ops,14,::std::ops::RangeInclusive,::std::cmp::Ord,2790,8,5
98,::std::ops,15,::std::ops::RangeInclusiveIter,::std::iter::Iterator,30886,66,34
98,::std::ops,16,::std::ops::RangeInclusiveIter,::std::iter::Iterator,25988,66,34
98,::std::ops,17,::std::ops::RangeInclusiveIter,::std::iter::Iterator,26225,66,34
98,::std::ops,18,::std::ops::RangeInclusiveIter,::std::iter::DoubleEndedIterator,3578,7,4
98,::std::ops,19,::std::ops::RangeInclusiveIter,::std::iter::ExactSizeIterator,810,2,1
98,::std::ops,20,::std::ops::RangeInclusiveIter,::std::iter::DoubleEndedIterator,2538,7,4
98,::std::ops,21,::std::ops::RangeInclusiveIter,::std::iter::ExactSizeIterator,797,2,1
98,::std::ops,22,::std::ops::RangeInclusiveIter,::std::iter::DoubleEndedIterator,2507,7,4
98,::std::ops,23,::std::ops::RangeToInclusive,::std::cmp::PartialEq,1663,4,2
98,::std::ops,24,::std::ops::RangeToInclusive,::std::cmp::Eq,71,0,0
98,::std::ops,25,::std::ops::RangeToInclusive,::std::cmp::PartialOrd,4430,14,9
98,::std::ops,26,::std::ops::RangeToInclusive,::std::cmp::Ord,2736,8,5
98,::std::ops,27,::std::ops::RangeTo,::std::cmp::PartialEq,1842,4,2
98,::std::ops,28,::std::ops::RangeTo,::std::cmp::Eq,68,0,0
98,::std::ops,29,::std::ops::RangeTo,::std::cmp::PartialOrd,4924,14,9
98,::std::ops,30,::std::ops::RangeTo,::std::cmp::Ord,76314,8,5
98,::std::ops,31,::std::ops::Range,::std::cmp::PartialEq,1741,4,2
98,::std::ops,32,::std::ops::Range,::std::cmp::Eq,62,0,0
98,::std::ops,33,::std::ops::Range,::std::cmp::PartialOrd,5550,14,9
98,::std::ops,34,::std::ops::Range,::std::cmp::Ord,3299,8,5
98,::std::ops,35,::std::ops::RangeIter,::std::iter::Iterator,31183,66,34
98,::std::ops,36,::std::ops::RangeIter,::std::iter::Iterator,28464,66,34
98,::std::ops,37,::std::ops::RangeIter,::std::iter::Iterator,28229,66,34
98,::std::ops,38,::std::ops::RangeIter,::std::iter::DoubleEndedIterator,3483,7,4
98,::std::ops,39,::std::ops::RangeIter,::std::iter::ExactSizeIterator,1012,2,1
98,::std::ops,40,::std::ops::RangeIter,::std::iter::DoubleEndedIterator,2515,7,4
98,::std::ops,41,::std::ops::RangeIter,::std::iter::ExactSizeIterator,756,2,1
98,::std::ops,42,::std::ops::RangeIter,::std::iter::DoubleEndedIterator,2482,7,4
98,::std::ops,43,::std::ops::ControlFlow,::std::cmp::PartialEq,59211,4,2
98,::std::ops,44,::std::ops::ControlFlow,::std::cmp::Eq,61,0,0
98,::std::ops,45,::std::ops::ControlFlow,::std::clone::Clone,996,2,1
98,::std::ops,46,::std::ops::Function,::std::clone::Clone,936,2,1
99,::std::iter,0,::std::iter::Rev,::std::iter::Iterator,43455,66,34
99,::std::iter,1,::std::iter::Rev,::std::iter::DoubleEndedIterator,3266,7,4
99,::std::iter,2,::std::iter::Rev,::std::iter::ExactSizeIterator,817,2,1
99,::std::iter,3,::std::iter::Chain,::std::iter::Iterator,30206,66,34
99,::std::iter,4,::std::iter::Chain,::std::iter::DoubleEndedIterator,2764,7,4
99,::std::iter,5,::std::iter::Chain,::std::iter::ExactSizeIterator,885,2,1
99,::std::iter,6,::std::iter::Enumerate,::std::iter::Iterator,42487,66,34
99,::std::iter,7,::std::iter::Enumerate,::std::iter::DoubleEndedIterator,2831,7,4
99,::std::iter,8,::std::iter::Enumerate,::std::iter::ExactSizeIterator,875,2,1
99,::std::iter,9,::std::iter::Filter,::std::iter::Iterator,30413,66,34
99,::std::iter,10,::std::iter::Filter,::std::iter::DoubleEndedIterator,2834,7,4
99,::std::iter,11,::std::iter::Map,::std::iter::Iterator,37880,66,34
99,::std::iter,12,::std::iter::Map,::std::iter::DoubleEndedIterator,2711,7,4
99,::std::iter,13,::std::iter::Map,::std::iter::ExactSizeIterator,1653,2,1
99,::std::iter,14,::std::iter::FilterMap,::std::iter::Iterator,41478,67,35
99,::std::iter,15,::std::iter::FilterMap,::std::iter::DoubleEndedIterator,3557,7,4
99,::std::iter,16,::std::iter::FlatMap,::std::iter::Iterator,25980,66,34
99,::std::iter,17,::std::iter::FlatMap,::std::iter::DoubleEndedIterator,12198,7,4
99,::std::iter,18,::std::iter::Peekable,::std::iter::Iterator,26203,66,34
99,::std::iter,19,::std::iter::Peekable,::std::iter::DoubleEndedIterator,2749,7,4
99,::std::iter,20,::std::iter::Peekable,::std::iter::ExactSizeIterator,858,2,1
99,::std::iter,21,::std::iter::Skip,::std::iter::Iterator,26365,66,34
99,::std::iter,22,::std::iter::Skip,::std::iter::DoubleEndedIterator,3649,7,4
99,::std::iter,23,::std::iter::Skip,::std::iter::ExactSizeIterator,957,2,1
99,::std::iter,24,::std::iter::Take,::std::iter::Iterator,34418,66,34
99,::std::iter,25,::std::iter::Take,::std::iter::DoubleEndedIterator,2624,7,4
99,::std::iter,26,::std::iter::Take,::std::iter::ExactSizeIterator,751,2,1
99,::std::iter,27,::std::iter::Empty,::std::iter::Iterator,42277,66,34
99,::std::iter,28,::std::iter::Empty,::std::iter::DoubleEndedIterator,2609,7,4
99,::std::iter,29,::std::iter::Once,::std::iter::Iterator,41308,66,34
99,::std::iter,30,::std::iter::Once,::std::iter::DoubleEndedIterator,2472,7,4
99,::std::ops,0,::std::ops::RangeFrom,::std::cmp::PartialEq,1993,4,2
99,::std::ops,1,::std::ops::RangeFrom,::std::cmp::Eq,97,0,0
99,::std::ops,2,::std::ops::RangeFrom,::std::cmp::PartialOrd,10342,14,9
99,::std::ops,3,::std::ops::RangeFrom,::std::cmp::Ord,2956,8,5
99,::std::ops,4,::std::ops::RangeFromIter,::std::iter::Iterator,69551,66,34
99,::std::ops,5,::std::ops::RangeFromIter,::std::iter::Iterator,27789,66,34
99,::std::ops,6,::std::ops::RangeFromIter,::std::iter::Iterator,27259,66,34
99,::std::ops,7,::std::ops::RangeFull,::std::cmp::PartialEq,1853,4,2
99,::std::ops,8,::std::ops::RangeFull,::std::cmp::Eq,57,0,0
99,::std::ops,9,::std::ops::RangeFull,::std::cmp::PartialOrd,5116,14,9
99,::std::ops,10,::std::ops::RangeFull,::std::cmp::Ord,2543,8,5
99,::std::ops,11,::std::ops::RangeInclusive,::std::cmp::PartialEq,1776,4,2
99,::std::ops,12,::std::ops::RangeInclusive,::std::cmp::Eq,55,0,0
99,::std::ops,13,::std::ops::RangeInclusive,::std::cmp::PartialOrd,7025,14,9
99,::std::ops,14,::std::ops::RangeInclusive,::std::cmp::Ord,2784,8,5
99,::std::ops,15,::std::ops::RangeInclusiveIter,::std::iter::Iterator,26851,66,34
99,::std::ops,16,::std::ops::RangeInclusiveIter,::std::iter::Iterator,26258,66,34
99,::std::ops,17,::std::ops::RangeInclusiveIter,::std::iter::Iterator,25704,66,34
99,::std::ops,18,::std::ops::RangeInclusiveIter,::std::iter::DoubleEndedIterator,3582,7,4
99,::std::ops,19,::std::ops::RangeInclusiveIter,::std::iter::ExactSizeIterator,821,2,1
99,::std::ops,20,::std::ops::RangeInclusiveIter,::std::iter::DoubleEndedIterator,2561,7,4
99,::std::ops,21,::std::ops::RangeInclusiveIter,::std::iter::ExactSizeIterator,815,2,1
99,::std::ops,22,::std::ops::RangeInclusiveIter,::std::iter::DoubleEndedIterator,2511,7,4
99,::std::ops,23,::std::ops::RangeToInclusive,::std::cmp::PartialEq,1776,4,2
99,::std::ops,24,::std::ops::RangeToInclusive,::std::cmp::Eq,65,0,0
99,::std::ops,25,::std::ops::RangeToInclusive,::std::cmp::PartialOrd,4396,14,9
99,::std::ops,26,::std::ops::RangeToInclusive,::std::cmp::Ord,2769,8,5
99,::std::ops,27,::std::ops::RangeTo,::std::cmp::PartialEq,1950,4,2
99,::std::ops,28,::std::ops::RangeTo,::std::cmp::Eq,67,0,0
99,::std::ops,29,::std::ops::RangeTo,::std::cmp::PartialOrd,4909,14,9
99,::std::ops,30,::std::ops::RangeTo,::std::cmp::Ord,69717,8,5
99,::std::ops,31,::std::ops::Range,::std::cmp::PartialEq,1845,4,2
99,::std::ops,32,::std::ops::Range,::std::cmp::Eq,56,0,0
99,::std::ops,33,::std::ops::Range,::std::cmp::PartialOrd,5452,14,9
99,::std::ops,34,::std::ops::Range,::std::cmp::Ord,3314,8,5
99,::std::ops,35,::std::ops::RangeIter,::std::iter::Iterator,32377,66,34
99,::std::ops,36,::std::ops::RangeIter,::std::iter::Iterator,28681,66,34
99,::std::ops,37,::std::ops::RangeIter,::std::iter::Iterator,28234,66,34
99,::std::ops,38,::std::ops::RangeIter,::std::iter::DoubleEndedIterator,3269,7,4
99,::std::ops,39,::std::ops::RangeIter,::std::iter::ExactSizeIterator,931,2,1
99,::std::ops,40,::std::ops::RangeIter,::std::iter::DoubleEndedIterator,2544,7,4
99,::std::ops,41,::std::ops::RangeIter,::std::iter::ExactSizeIterator,780,2,1
99,::std::ops,42,::std::ops::RangeIter,::std::iter::DoubleEndedIterator,2491,7,4
99,::std::ops,43,::std::ops::ControlFlow,::std::cmp::PartialEq,57911,4,2
99,::std::ops,44,::std::ops::ControlFlow,::std::cmp::Eq,66,0,0
99,::std::ops,45,::std::ops::ControlFlow,::std::clone::Clone,1014,2,1
99,::std::ops,46,::std::ops::Function,::std::clone::Clone,970,2,1
